stable_id,game_id,game_era_id,draw_date,draw_timestamp_millis,draw_session,main_1,main_2,main_3,main_4,main_5,star_ball,source_reference,validation_status,origin,source_evidence_id,is_sample
lotto-america-2017-11-15,lotto_america,lotto_america_52_10_2017,2017-11-15,,,2,9,18,31,39,9,data2n-dual-official,OFFICIAL_VERIFIED,DATA2O_OFFLINE_RECONCILIATION,data2o-dual-official,false
lotto-america-2017-11-18,lotto_america,lotto_america_52_10_2017,2017-11-18,,,4,25,26,41,47,6,data2n-dual-official,OFFICIAL_VERIFIED,DATA2O_OFFLINE_RECONCILIATION,data2o-dual-official,false
lotto-america-2017-11-22,lotto_america,lotto_america_52_10_2017,2017-11-22,,,6,8,22,29,34,8,data2n-dual-official,OFFICIAL_VERIFIED,DATA2O_OFFLINE_RECONCILIATION,data2o-dual-official,false
lotto-america-2017-11-25,lotto_america,lotto_america_52_10_2017,2017-11-25,,,1,7,16,25,26,8,data2n-dual-official,OFFICIAL_VERIFIED,DATA2O_OFFLINE_RECONCILIATION,data2o-dual-official,false
lotto-america-2017-11-29,lotto_america,lotto_america_52_10_2017,2017-11-29,,,1,4,5,16,38,9,data2n-dual-official,OFFICIAL_VERIFIED,DATA2O_OFFLINE_RECONCILIATION,data2o-dual-official,false
lotto-america-2017-12-02,lotto_america,lotto_america_52_10_2017,2017-12-02,,,22,28,45,47,51,6,data2n-dual-official,OFFICIAL_VERIFIED,DATA2O_OFFLINE_RECONCILIATION,data2o-dual-official,false
lotto-america-2017-12-06,lotto_america,lotto_america_52_10_2017,2017-12-06,,,18,29,37,39,42,4,data2n-dual-official,OFFICIAL_VERIFIED,DATA2O_OFFLINE_RECONCILIATION,data2o-dual-official,false
lotto-america-2017-12-09,lotto_america,lotto_america_52_10_2017,2017-12-09,,,2,5,7,22,25,2,data2n-dual-official,OFFICIAL_VERIFIED,DATA2O_OFFLINE_RECONCILIATION,data2o-dual-official,false
lotto-america-2017-12-13,lotto_america,lotto_america_52_10_2017,2017-12-13,,,9,18,23,46,50,3,data2n-dual-official,OFFICIAL_VERIFIED,DATA2O_OFFLINE_RECONCILIATION,data2o-dual-official,false
lotto-america-2017-12-16,lotto_america,lotto_america_52_10_2017,2017-12-16,,,5,16,27,34,44,5,data2n-dual-official,OFFICIAL_VERIFIED,DATA2O_OFFLINE_RECONCILIATION,data2o-dual-official,false
lotto-america-2017-12-20,lotto_america,lotto_america_52_10_2017,2017-12-20,,,5,12,23,24,32,2,data2n-dual-official,OFFICIAL_VERIFIED,DATA2O_OFFLINE_RECONCILIATION,data2o-dual-official,false
lotto-america-2017-12-23,lotto_america,lotto_america_52_10_2017,2017-12-23,,,2,32,37,39,51,5,data2n-dual-official,OFFICIAL_VERIFIED,DATA2O_OFFLINE_RECONCILIATION,data2o-dual-official,false
lotto-america-2017-12-27,lotto_america,lotto_america_52_10_2017,2017-12-27,,,4,30,38,47,48,3,data2n-dual-official,OFFICIAL_VERIFIED,DATA2O_OFFLINE_RECONCILIATION,data2o-dual-official,false
lotto-america-2017-12-30,lotto_america,lotto_america_52_10_2017,2017-12-30,,,4,7,10,14,17,9,data2n-dual-official,OFFICIAL_VERIFIED,DATA2O_OFFLINE_RECONCILIATION,data2o-dual-official,false
lotto-america-2018-01-03,lotto_america,lotto_america_52_10_2017,2018-01-03,,,3,18,22,33,43,5,data2n-dual-official,OFFICIAL_VERIFIED,DATA2O_OFFLINE_RECONCILIATION,data2o-dual-official,false
lotto-america-2018-01-06,lotto_america,lotto_america_52_10_2017,2018-01-06,,,9,13,26,38,48,7,data2n-dual-official,OFFICIAL_VERIFIED,DATA2O_OFFLINE_RECONCILIATION,data2o-dual-official,false
lotto-america-2018-01-10,lotto_america,lotto_america_52_10_2017,2018-01-10,,,33,35,40,44,49,2,data2n-dual-official,OFFICIAL_VERIFIED,DATA2O_OFFLINE_RECONCILIATION,data2o-dual-official,false
lotto-america-2018-01-13,lotto_america,lotto_america_52_10_2017,2018-01-13,,,1,12,32,33,47,5,data2n-dual-official,OFFICIAL_VERIFIED,DATA2O_OFFLINE_RECONCILIATION,data2o-dual-official,false
lotto-america-2018-01-17,lotto_america,lotto_america_52_10_2017,2018-01-17,,,5,8,28,30,40,4,data2n-dual-official,OFFICIAL_VERIFIED,DATA2O_OFFLINE_RECONCILIATION,data2o-dual-official,false
lotto-america-2018-01-20,lotto_america,lotto_america_52_10_2017,2018-01-20,,,15,23,40,43,45,7,data2n-dual-official,OFFICIAL_VERIFIED,DATA2O_OFFLINE_RECONCILIATION,data2o-dual-official,false
lotto-america-2018-01-24,lotto_america,lotto_america_52_10_2017,2018-01-24,,,7,8,17,40,42,5,data2n-dual-official,OFFICIAL_VERIFIED,DATA2O_OFFLINE_RECONCILIATION,data2o-dual-official,false
lotto-america-2018-01-27,lotto_america,lotto_america_52_10_2017,2018-01-27,,,31,34,45,49,52,4,data2n-dual-official,OFFICIAL_VERIFIED,DATA2O_OFFLINE_RECONCILIATION,data2o-dual-official,false
lotto-america-2018-01-31,lotto_america,lotto_america_52_10_2017,2018-01-31,,,11,14,22,27,38,3,data2n-dual-official,OFFICIAL_VERIFIED,DATA2O_OFFLINE_RECONCILIATION,data2o-dual-official,false
lotto-america-2018-02-03,lotto_america,lotto_america_52_10_2017,2018-02-03,,,1,4,41,44,45,1,data2n-dual-official,OFFICIAL_VERIFIED,DATA2O_OFFLINE_RECONCILIATION,data2o-dual-official,false
lotto-america-2018-02-07,lotto_america,lotto_america_52_10_2017,2018-02-07,,,15,25,36,45,51,9,data2n-dual-official,OFFICIAL_VERIFIED,DATA2O_OFFLINE_RECONCILIATION,data2o-dual-official,false
lotto-america-2018-02-10,lotto_america,lotto_america_52_10_2017,2018-02-10,,,28,42,43,44,52,7,data2n-dual-official,OFFICIAL_VERIFIED,DATA2O_OFFLINE_RECONCILIATION,data2o-dual-official,false
lotto-america-2018-02-14,lotto_america,lotto_america_52_10_2017,2018-02-14,,,1,2,13,15,28,10,data2n-dual-official,OFFICIAL_VERIFIED,DATA2O_OFFLINE_RECONCILIATION,data2o-dual-official,false
lotto-america-2018-02-17,lotto_america,lotto_america_52_10_2017,2018-02-17,,,40,41,47,49,51,10,data2n-dual-official,OFFICIAL_VERIFIED,DATA2O_OFFLINE_RECONCILIATION,data2o-dual-official,false
lotto-america-2018-02-21,lotto_america,lotto_america_52_10_2017,2018-02-21,,,14,16,23,25,33,9,data2n-dual-official,OFFICIAL_VERIFIED,DATA2O_OFFLINE_RECONCILIATION,data2o-dual-official,false
lotto-america-2018-02-24,lotto_america,lotto_america_52_10_2017,2018-02-24,,,14,23,35,50,52,2,data2n-dual-official,OFFICIAL_VERIFIED,DATA2O_OFFLINE_RECONCILIATION,data2o-dual-official,false
lotto-america-2018-02-28,lotto_america,lotto_america_52_10_2017,2018-02-28,,,11,15,18,36,40,5,data2n-dual-official,OFFICIAL_VERIFIED,DATA2O_OFFLINE_RECONCILIATION,data2o-dual-official,false
lotto-america-2018-03-03,lotto_america,lotto_america_52_10_2017,2018-03-03,,,6,21,30,32,45,7,data2n-dual-official,OFFICIAL_VERIFIED,DATA2O_OFFLINE_RECONCILIATION,data2o-dual-official,false
lotto-america-2018-03-07,lotto_america,lotto_america_52_10_2017,2018-03-07,,,1,2,13,20,36,9,data2n-dual-official,OFFICIAL_VERIFIED,DATA2O_OFFLINE_RECONCILIATION,data2o-dual-official,false
lotto-america-2018-03-10,lotto_america,lotto_america_52_10_2017,2018-03-10,,,23,24,41,43,44,3,data2n-dual-official,OFFICIAL_VERIFIED,DATA2O_OFFLINE_RECONCILIATION,data2o-dual-official,false
lotto-america-2018-03-14,lotto_america,lotto_america_52_10_2017,2018-03-14,,,8,21,38,50,51,4,data2n-dual-official,OFFICIAL_VERIFIED,DATA2O_OFFLINE_RECONCILIATION,data2o-dual-official,false
lotto-america-2018-03-17,lotto_america,lotto_america_52_10_2017,2018-03-17,,,2,12,15,18,19,6,data2n-dual-official,OFFICIAL_VERIFIED,DATA2O_OFFLINE_RECONCILIATION,data2o-dual-official,false
lotto-america-2018-03-21,lotto_america,lotto_america_52_10_2017,2018-03-21,,,6,18,25,26,28,8,data2n-dual-official,OFFICIAL_VERIFIED,DATA2O_OFFLINE_RECONCILIATION,data2o-dual-official,false
lotto-america-2018-03-24,lotto_america,lotto_america_52_10_2017,2018-03-24,,,10,28,37,38,49,5,data2n-dual-official,OFFICIAL_VERIFIED,DATA2O_OFFLINE_RECONCILIATION,data2o-dual-official,false
lotto-america-2018-03-28,lotto_america,lotto_america_52_10_2017,2018-03-28,,,7,24,40,46,51,5,data2n-dual-official,OFFICIAL_VERIFIED,DATA2O_OFFLINE_RECONCILIATION,data2o-dual-official,false
lotto-america-2018-03-31,lotto_america,lotto_america_52_10_2017,2018-03-31,,,16,22,28,30,34,2,data2n-dual-official,OFFICIAL_VERIFIED,DATA2O_OFFLINE_RECONCILIATION,data2o-dual-official,false
lotto-america-2018-04-04,lotto_america,lotto_america_52_10_2017,2018-04-04,,,15,16,18,26,39,4,data2n-dual-official,OFFICIAL_VERIFIED,DATA2O_OFFLINE_RECONCILIATION,data2o-dual-official,false
lotto-america-2018-04-07,lotto_america,lotto_america_52_10_2017,2018-04-07,,,2,10,13,37,50,2,data2n-dual-official,OFFICIAL_VERIFIED,DATA2O_OFFLINE_RECONCILIATION,data2o-dual-official,false
lotto-america-2018-04-11,lotto_america,lotto_america_52_10_2017,2018-04-11,,,7,20,29,33,52,1,data2n-dual-official,OFFICIAL_VERIFIED,DATA2O_OFFLINE_RECONCILIATION,data2o-dual-official,false
lotto-america-2018-04-14,lotto_america,lotto_america_52_10_2017,2018-04-14,,,22,25,27,40,46,8,data2n-dual-official,OFFICIAL_VERIFIED,DATA2O_OFFLINE_RECONCILIATION,data2o-dual-official,false
lotto-america-2018-04-18,lotto_america,lotto_america_52_10_2017,2018-04-18,,,8,11,27,30,47,9,data2n-dual-official,OFFICIAL_VERIFIED,DATA2O_OFFLINE_RECONCILIATION,data2o-dual-official,false
lotto-america-2018-04-21,lotto_america,lotto_america_52_10_2017,2018-04-21,,,10,12,16,25,46,6,data2n-dual-official,OFFICIAL_VERIFIED,DATA2O_OFFLINE_RECONCILIATION,data2o-dual-official,false
lotto-america-2018-04-25,lotto_america,lotto_america_52_10_2017,2018-04-25,,,7,22,27,35,47,4,data2n-dual-official,OFFICIAL_VERIFIED,DATA2O_OFFLINE_RECONCILIATION,data2o-dual-official,false
lotto-america-2018-04-28,lotto_america,lotto_america_52_10_2017,2018-04-28,,,26,27,29,34,40,10,data2n-dual-official,OFFICIAL_VERIFIED,DATA2O_OFFLINE_RECONCILIATION,data2o-dual-official,false
lotto-america-2018-05-02,lotto_america,lotto_america_52_10_2017,2018-05-02,,,8,18,19,30,31,2,data2n-dual-official,OFFICIAL_VERIFIED,DATA2O_OFFLINE_RECONCILIATION,data2o-dual-official,false
lotto-america-2018-05-05,lotto_america,lotto_america_52_10_2017,2018-05-05,,,8,15,18,32,45,1,data2n-dual-official,OFFICIAL_VERIFIED,DATA2O_OFFLINE_RECONCILIATION,data2o-dual-official,false
lotto-america-2018-05-09,lotto_america,lotto_america_52_10_2017,2018-05-09,,,2,10,28,36,45,2,data2n-dual-official,OFFICIAL_VERIFIED,DATA2O_OFFLINE_RECONCILIATION,data2o-dual-official,false
lotto-america-2018-05-12,lotto_america,lotto_america_52_10_2017,2018-05-12,,,8,9,10,21,33,7,data2n-dual-official,OFFICIAL_VERIFIED,DATA2O_OFFLINE_RECONCILIATION,data2o-dual-official,false
lotto-america-2018-05-16,lotto_america,lotto_america_52_10_2017,2018-05-16,,,24,25,29,38,50,9,data2n-dual-official,OFFICIAL_VERIFIED,DATA2O_OFFLINE_RECONCILIATION,data2o-dual-official,false
lotto-america-2018-05-19,lotto_america,lotto_america_52_10_2017,2018-05-19,,,4,8,17,25,31,10,data2n-dual-official,OFFICIAL_VERIFIED,DATA2O_OFFLINE_RECONCILIATION,data2o-dual-official,false
lotto-america-2018-05-23,lotto_america,lotto_america_52_10_2017,2018-05-23,,,7,11,24,41,42,9,data2n-dual-official,OFFICIAL_VERIFIED,DATA2O_OFFLINE_RECONCILIATION,data2o-dual-official,false
lotto-america-2018-05-26,lotto_america,lotto_america_52_10_2017,2018-05-26,,,23,30,31,38,39,10,data2n-dual-official,OFFICIAL_VERIFIED,DATA2O_OFFLINE_RECONCILIATION,data2o-dual-official,false
lotto-america-2018-05-30,lotto_america,lotto_america_52_10_2017,2018-05-30,,,23,32,34,35,36,3,data2n-dual-official,OFFICIAL_VERIFIED,DATA2O_OFFLINE_RECONCILIATION,data2o-dual-official,false
lotto-america-2018-06-02,lotto_america,lotto_america_52_10_2017,2018-06-02,,,5,13,14,44,50,2,data2n-dual-official,OFFICIAL_VERIFIED,DATA2O_OFFLINE_RECONCILIATION,data2o-dual-official,false
lotto-america-2018-06-06,lotto_america,lotto_america_52_10_2017,2018-06-06,,,19,28,31,39,51,4,data2n-dual-official,OFFICIAL_VERIFIED,DATA2O_OFFLINE_RECONCILIATION,data2o-dual-official,false
lotto-america-2018-06-09,lotto_america,lotto_america_52_10_2017,2018-06-09,,,5,10,15,19,36,8,data2n-dual-official,OFFICIAL_VERIFIED,DATA2O_OFFLINE_RECONCILIATION,data2o-dual-official,false
lotto-america-2018-06-13,lotto_america,lotto_america_52_10_2017,2018-06-13,,,3,17,21,35,42,10,data2n-dual-official,OFFICIAL_VERIFIED,DATA2O_OFFLINE_RECONCILIATION,data2o-dual-official,false
lotto-america-2018-06-16,lotto_america,lotto_america_52_10_2017,2018-06-16,,,6,15,17,19,33,5,data2n-dual-official,OFFICIAL_VERIFIED,DATA2O_OFFLINE_RECONCILIATION,data2o-dual-official,false
lotto-america-2018-06-20,lotto_america,lotto_america_52_10_2017,2018-06-20,,,3,10,11,13,52,5,data2n-dual-official,OFFICIAL_VERIFIED,DATA2O_OFFLINE_RECONCILIATION,data2o-dual-official,false
lotto-america-2018-06-23,lotto_america,lotto_america_52_10_2017,2018-06-23,,,2,17,22,30,37,8,data2n-dual-official,OFFICIAL_VERIFIED,DATA2O_OFFLINE_RECONCILIATION,data2o-dual-official,false
lotto-america-2018-06-27,lotto_america,lotto_america_52_10_2017,2018-06-27,,,17,21,24,37,50,7,data2n-dual-official,OFFICIAL_VERIFIED,DATA2O_OFFLINE_RECONCILIATION,data2o-dual-official,false
lotto-america-2018-06-30,lotto_america,lotto_america_52_10_2017,2018-06-30,,,20,24,27,35,42,9,data2n-dual-official,OFFICIAL_VERIFIED,DATA2O_OFFLINE_RECONCILIATION,data2o-dual-official,false
lotto-america-2018-07-04,lotto_america,lotto_america_52_10_2017,2018-07-04,,,4,12,16,22,44,3,data2n-dual-official,OFFICIAL_VERIFIED,DATA2O_OFFLINE_RECONCILIATION,data2o-dual-official,false
lotto-america-2018-07-07,lotto_america,lotto_america_52_10_2017,2018-07-07,,,3,6,13,38,40,7,data2n-dual-official,OFFICIAL_VERIFIED,DATA2O_OFFLINE_RECONCILIATION,data2o-dual-official,false
lotto-america-2018-07-11,lotto_america,lotto_america_52_10_2017,2018-07-11,,,9,22,24,31,38,1,data2n-dual-official,OFFICIAL_VERIFIED,DATA2O_OFFLINE_RECONCILIATION,data2o-dual-official,false
lotto-america-2018-07-14,lotto_america,lotto_america_52_10_2017,2018-07-14,,,6,9,31,37,51,3,data2n-dual-official,OFFICIAL_VERIFIED,DATA2O_OFFLINE_RECONCILIATION,data2o-dual-official,false
lotto-america-2018-07-18,lotto_america,lotto_america_52_10_2017,2018-07-18,,,1,5,8,11,32,6,data2n-dual-official,OFFICIAL_VERIFIED,DATA2O_OFFLINE_RECONCILIATION,data2o-dual-official,false
lotto-america-2018-07-21,lotto_america,lotto_america_52_10_2017,2018-07-21,,,17,31,42,45,50,6,data2n-dual-official,OFFICIAL_VERIFIED,DATA2O_OFFLINE_RECONCILIATION,data2o-dual-official,false
lotto-america-2018-07-25,lotto_america,lotto_america_52_10_2017,2018-07-25,,,6,8,13,20,35,4,data2n-dual-official,OFFICIAL_VERIFIED,DATA2O_OFFLINE_RECONCILIATION,data2o-dual-official,false
lotto-america-2018-07-28,lotto_america,lotto_america_52_10_2017,2018-07-28,,,2,13,38,39,51,10,data2n-dual-official,OFFICIAL_VERIFIED,DATA2O_OFFLINE_RECONCILIATION,data2o-dual-official,false
lotto-america-2018-08-01,lotto_america,lotto_america_52_10_2017,2018-08-01,,,3,8,24,25,50,5,data2n-dual-official,OFFICIAL_VERIFIED,DATA2O_OFFLINE_RECONCILIATION,data2o-dual-official,false
lotto-america-2018-08-04,lotto_america,lotto_america_52_10_2017,2018-08-04,,,15,16,26,45,52,1,data2n-dual-official,OFFICIAL_VERIFIED,DATA2O_OFFLINE_RECONCILIATION,data2o-dual-official,false
lotto-america-2018-08-08,lotto_america,lotto_america_52_10_2017,2018-08-08,,,3,20,28,31,37,1,data2n-dual-official,OFFICIAL_VERIFIED,DATA2O_OFFLINE_RECONCILIATION,data2o-dual-official,false
lotto-america-2018-08-11,lotto_america,lotto_america_52_10_2017,2018-08-11,,,6,8,17,32,36,4,data2n-dual-official,OFFICIAL_VERIFIED,DATA2O_OFFLINE_RECONCILIATION,data2o-dual-official,false
lotto-america-2018-08-15,lotto_america,lotto_america_52_10_2017,2018-08-15,,,6,9,29,32,36,10,data2n-dual-official,OFFICIAL_VERIFIED,DATA2O_OFFLINE_RECONCILIATION,data2o-dual-official,false
lotto-america-2018-08-18,lotto_america,lotto_america_52_10_2017,2018-08-18,,,13,18,39,47,52,2,data2n-dual-official,OFFICIAL_VERIFIED,DATA2O_OFFLINE_RECONCILIATION,data2o-dual-official,false
lotto-america-2018-08-22,lotto_america,lotto_america_52_10_2017,2018-08-22,,,20,22,25,26,51,7,data2n-dual-official,OFFICIAL_VERIFIED,DATA2O_OFFLINE_RECONCILIATION,data2o-dual-official,false
lotto-america-2018-08-25,lotto_america,lotto_america_52_10_2017,2018-08-25,,,9,10,30,45,49,8,data2n-dual-official,OFFICIAL_VERIFIED,DATA2O_OFFLINE_RECONCILIATION,data2o-dual-official,false
lotto-america-2018-08-29,lotto_america,lotto_america_52_10_2017,2018-08-29,,,10,17,20,26,52,10,data2n-dual-official,OFFICIAL_VERIFIED,DATA2O_OFFLINE_RECONCILIATION,data2o-dual-official,false
lotto-america-2018-09-01,lotto_america,lotto_america_52_10_2017,2018-09-01,,,1,8,14,31,39,10,data2n-dual-official,OFFICIAL_VERIFIED,DATA2O_OFFLINE_RECONCILIATION,data2o-dual-official,false
lotto-america-2018-09-05,lotto_america,lotto_america_52_10_2017,2018-09-05,,,13,20,26,30,41,9,data2n-dual-official,OFFICIAL_VERIFIED,DATA2O_OFFLINE_RECONCILIATION,data2o-dual-official,false
lotto-america-2018-09-08,lotto_america,lotto_america_52_10_2017,2018-09-08,,,4,11,34,50,52,8,data2n-dual-official,OFFICIAL_VERIFIED,DATA2O_OFFLINE_RECONCILIATION,data2o-dual-official,false
lotto-america-2018-09-12,lotto_america,lotto_america_52_10_2017,2018-09-12,,,1,23,24,42,51,6,data2n-dual-official,OFFICIAL_VERIFIED,DATA2O_OFFLINE_RECONCILIATION,data2o-dual-official,false
lotto-america-2018-09-15,lotto_america,lotto_america_52_10_2017,2018-09-15,,,22,33,46,47,50,3,data2n-dual-official,OFFICIAL_VERIFIED,DATA2O_OFFLINE_RECONCILIATION,data2o-dual-official,false
lotto-america-2018-09-19,lotto_america,lotto_america_52_10_2017,2018-09-19,,,12,13,25,33,40,8,data2n-dual-official,OFFICIAL_VERIFIED,DATA2O_OFFLINE_RECONCILIATION,data2o-dual-official,false
lotto-america-2018-09-22,lotto_america,lotto_america_52_10_2017,2018-09-22,,,1,7,38,43,47,10,data2n-dual-official,OFFICIAL_VERIFIED,DATA2O_OFFLINE_RECONCILIATION,data2o-dual-official,false
lotto-america-2018-09-26,lotto_america,lotto_america_52_10_2017,2018-09-26,,,16,22,28,35,42,9,data2n-dual-official,OFFICIAL_VERIFIED,DATA2O_OFFLINE_RECONCILIATION,data2o-dual-official,false
lotto-america-2018-09-29,lotto_america,lotto_america_52_10_2017,2018-09-29,,,1,6,9,28,33,2,data2n-dual-official,OFFICIAL_VERIFIED,DATA2O_OFFLINE_RECONCILIATION,data2o-dual-official,false
lotto-america-2018-10-03,lotto_america,lotto_america_52_10_2017,2018-10-03,,,1,14,31,36,40,6,data2n-dual-official,OFFICIAL_VERIFIED,DATA2O_OFFLINE_RECONCILIATION,data2o-dual-official,false
lotto-america-2018-10-06,lotto_america,lotto_america_52_10_2017,2018-10-06,,,10,14,27,46,49,1,data2n-dual-official,OFFICIAL_VERIFIED,DATA2O_OFFLINE_RECONCILIATION,data2o-dual-official,false
lotto-america-2018-10-10,lotto_america,lotto_america_52_10_2017,2018-10-10,,,19,22,35,37,49,9,data2n-dual-official,OFFICIAL_VERIFIED,DATA2O_OFFLINE_RECONCILIATION,data2o-dual-official,false
lotto-america-2018-10-13,lotto_america,lotto_america_52_10_2017,2018-10-13,,,34,36,40,41,42,7,data2n-dual-official,OFFICIAL_VERIFIED,DATA2O_OFFLINE_RECONCILIATION,data2o-dual-official,false
lotto-america-2018-10-17,lotto_america,lotto_america_52_10_2017,2018-10-17,,,3,8,15,21,37,5,data2n-dual-official,OFFICIAL_VERIFIED,DATA2O_OFFLINE_RECONCILIATION,data2o-dual-official,false
lotto-america-2018-10-20,lotto_america,lotto_america_52_10_2017,2018-10-20,,,10,18,22,25,32,4,data2n-dual-official,OFFICIAL_VERIFIED,DATA2O_OFFLINE_RECONCILIATION,data2o-dual-official,false
lotto-america-2018-10-24,lotto_america,lotto_america_52_10_2017,2018-10-24,,,4,11,12,19,34,8,data2n-dual-official,OFFICIAL_VERIFIED,DATA2O_OFFLINE_RECONCILIATION,data2o-dual-official,false
lotto-america-2018-10-27,lotto_america,lotto_america_52_10_2017,2018-10-27,,,17,22,24,47,50,7,data2n-dual-official,OFFICIAL_VERIFIED,DATA2O_OFFLINE_RECONCILIATION,data2o-dual-official,false
lotto-america-2018-10-31,lotto_america,lotto_america_52_10_2017,2018-10-31,,,18,19,31,32,48,2,data2n-dual-official,OFFICIAL_VERIFIED,DATA2O_OFFLINE_RECONCILIATION,data2o-dual-official,false
lotto-america-2018-11-03,lotto_america,lotto_america_52_10_2017,2018-11-03,,,11,33,40,47,51,2,data2n-dual-official,OFFICIAL_VERIFIED,DATA2O_OFFLINE_RECONCILIATION,data2o-dual-official,false
lotto-america-2018-11-07,lotto_america,lotto_america_52_10_2017,2018-11-07,,,19,26,30,36,42,9,data2n-dual-official,OFFICIAL_VERIFIED,DATA2O_OFFLINE_RECONCILIATION,data2o-dual-official,false
lotto-america-2018-11-10,lotto_america,lotto_america_52_10_2017,2018-11-10,,,10,17,21,26,45,4,data2n-dual-official,OFFICIAL_VERIFIED,DATA2O_OFFLINE_RECONCILIATION,data2o-dual-official,false
lotto-america-2018-11-14,lotto_america,lotto_america_52_10_2017,2018-11-14,,,14,21,28,30,45,4,data2n-dual-official,OFFICIAL_VERIFIED,DATA2O_OFFLINE_RECONCILIATION,data2o-dual-official,false
lotto-america-2018-11-17,lotto_america,lotto_america_52_10_2017,2018-11-17,,,4,6,11,43,52,6,data2n-dual-official,OFFICIAL_VERIFIED,DATA2O_OFFLINE_RECONCILIATION,data2o-dual-official,false
lotto-america-2018-11-21,lotto_america,lotto_america_52_10_2017,2018-11-21,,,3,24,25,33,39,5,data2n-dual-official,OFFICIAL_VERIFIED,DATA2O_OFFLINE_RECONCILIATION,data2o-dual-official,false
lotto-america-2018-11-24,lotto_america,lotto_america_52_10_2017,2018-11-24,,,1,10,11,17,28,1,data2n-dual-official,OFFICIAL_VERIFIED,DATA2O_OFFLINE_RECONCILIATION,data2o-dual-official,false
lotto-america-2018-11-28,lotto_america,lotto_america_52_10_2017,2018-11-28,,,2,7,10,12,22,2,data2n-dual-official,OFFICIAL_VERIFIED,DATA2O_OFFLINE_RECONCILIATION,data2o-dual-official,false
lotto-america-2018-12-01,lotto_america,lotto_america_52_10_2017,2018-12-01,,,1,30,34,40,45,5,data2n-dual-official,OFFICIAL_VERIFIED,DATA2O_OFFLINE_RECONCILIATION,data2o-dual-official,false
lotto-america-2018-12-05,lotto_america,lotto_america_52_10_2017,2018-12-05,,,9,15,33,40,48,9,data2n-dual-official,OFFICIAL_VERIFIED,DATA2O_OFFLINE_RECONCILIATION,data2o-dual-official,false
lotto-america-2018-12-08,lotto_america,lotto_america_52_10_2017,2018-12-08,,,8,19,24,31,41,9,data2n-dual-official,OFFICIAL_VERIFIED,DATA2O_OFFLINE_RECONCILIATION,data2o-dual-official,false
lotto-america-2018-12-12,lotto_america,lotto_america_52_10_2017,2018-12-12,,,2,3,13,22,49,9,data2n-dual-official,OFFICIAL_VERIFIED,DATA2O_OFFLINE_RECONCILIATION,data2o-dual-official,false
lotto-america-2018-12-15,lotto_america,lotto_america_52_10_2017,2018-12-15,,,16,18,35,36,48,2,data2n-dual-official,OFFICIAL_VERIFIED,DATA2O_OFFLINE_RECONCILIATION,data2o-dual-official,false
lotto-america-2018-12-19,lotto_america,lotto_america_52_10_2017,2018-12-19,,,10,12,13,34,52,9,data2n-dual-official,OFFICIAL_VERIFIED,DATA2O_OFFLINE_RECONCILIATION,data2o-dual-official,false
lotto-america-2018-12-22,lotto_america,lotto_america_52_10_2017,2018-12-22,,,1,16,20,41,44,6,data2n-dual-official,OFFICIAL_VERIFIED,DATA2O_OFFLINE_RECONCILIATION,data2o-dual-official,false
lotto-america-2018-12-26,lotto_america,lotto_america_52_10_2017,2018-12-26,,,5,10,18,19,51,2,data2n-dual-official,OFFICIAL_VERIFIED,DATA2O_OFFLINE_RECONCILIATION,data2o-dual-official,false
lotto-america-2018-12-29,lotto_america,lotto_america_52_10_2017,2018-12-29,,,25,26,33,49,50,7,data2n-dual-official,OFFICIAL_VERIFIED,DATA2O_OFFLINE_RECONCILIATION,data2o-dual-official,false
lotto-america-2019-01-02,lotto_america,lotto_america_52_10_2017,2019-01-02,,,6,10,18,19,41,6,data2n-dual-official,OFFICIAL_VERIFIED,DATA2O_OFFLINE_RECONCILIATION,data2o-dual-official,false
lotto-america-2019-01-05,lotto_america,lotto_america_52_10_2017,2019-01-05,,,1,19,29,32,50,9,data2n-dual-official,OFFICIAL_VERIFIED,DATA2O_OFFLINE_RECONCILIATION,data2o-dual-official,false
lotto-america-2019-01-09,lotto_america,lotto_america_52_10_2017,2019-01-09,,,13,19,35,44,50,1,data2n-dual-official,OFFICIAL_VERIFIED,DATA2O_OFFLINE_RECONCILIATION,data2o-dual-official,false
lotto-america-2019-01-12,lotto_america,lotto_america_52_10_2017,2019-01-12,,,14,17,19,32,52,7,data2n-dual-official,OFFICIAL_VERIFIED,DATA2O_OFFLINE_RECONCILIATION,data2o-dual-official,false
lotto-america-2019-01-16,lotto_america,lotto_america_52_10_2017,2019-01-16,,,3,21,42,45,51,5,data2n-dual-official,OFFICIAL_VERIFIED,DATA2O_OFFLINE_RECONCILIATION,data2o-dual-official,false
lotto-america-2019-01-19,lotto_america,lotto_america_52_10_2017,2019-01-19,,,24,29,46,49,51,8,data2n-dual-official,OFFICIAL_VERIFIED,DATA2O_OFFLINE_RECONCILIATION,data2o-dual-official,false
lotto-america-2019-01-23,lotto_america,lotto_america_52_10_2017,2019-01-23,,,1,4,27,34,47,1,data2n-dual-official,OFFICIAL_VERIFIED,DATA2O_OFFLINE_RECONCILIATION,data2o-dual-official,false
lotto-america-2019-01-26,lotto_america,lotto_america_52_10_2017,2019-01-26,,,4,11,23,31,35,9,data2n-dual-official,OFFICIAL_VERIFIED,DATA2O_OFFLINE_RECONCILIATION,data2o-dual-official,false
lotto-america-2019-01-30,lotto_america,lotto_america_52_10_2017,2019-01-30,,,6,10,23,38,41,7,data2n-dual-official,OFFICIAL_VERIFIED,DATA2O_OFFLINE_RECONCILIATION,data2o-dual-official,false
lotto-america-2019-02-02,lotto_america,lotto_america_52_10_2017,2019-02-02,,,15,16,28,46,52,9,data2n-dual-official,OFFICIAL_VERIFIED,DATA2O_OFFLINE_RECONCILIATION,data2o-dual-official,false
lotto-america-2019-02-06,lotto_america,lotto_america_52_10_2017,2019-02-06,,,1,15,35,41,47,9,data2n-dual-official,OFFICIAL_VERIFIED,DATA2O_OFFLINE_RECONCILIATION,data2o-dual-official,false
lotto-america-2019-02-09,lotto_america,lotto_america_52_10_2017,2019-02-09,,,6,25,38,47,50,2,data2n-dual-official,OFFICIAL_VERIFIED,DATA2O_OFFLINE_RECONCILIATION,data2o-dual-official,false
lotto-america-2019-02-13,lotto_america,lotto_america_52_10_2017,2019-02-13,,,5,6,18,26,45,3,data2n-dual-official,OFFICIAL_VERIFIED,DATA2O_OFFLINE_RECONCILIATION,data2o-dual-official,false
lotto-america-2019-02-16,lotto_america,lotto_america_52_10_2017,2019-02-16,,,16,27,32,47,51,6,data2n-dual-official,OFFICIAL_VERIFIED,DATA2O_OFFLINE_RECONCILIATION,data2o-dual-official,false
lotto-america-2019-02-20,lotto_america,lotto_america_52_10_2017,2019-02-20,,,12,15,16,21,46,7,data2n-dual-official,OFFICIAL_VERIFIED,DATA2O_OFFLINE_RECONCILIATION,data2o-dual-official,false
lotto-america-2019-02-23,lotto_america,lotto_america_52_10_2017,2019-02-23,,,6,10,21,25,48,2,data2n-dual-official,OFFICIAL_VERIFIED,DATA2O_OFFLINE_RECONCILIATION,data2o-dual-official,false
lotto-america-2019-02-27,lotto_america,lotto_america_52_10_2017,2019-02-27,,,27,33,35,43,52,1,data2n-dual-official,OFFICIAL_VERIFIED,DATA2O_OFFLINE_RECONCILIATION,data2o-dual-official,false
lotto-america-2019-03-02,lotto_america,lotto_america_52_10_2017,2019-03-02,,,2,10,15,26,49,8,data2n-dual-official,OFFICIAL_VERIFIED,DATA2O_OFFLINE_RECONCILIATION,data2o-dual-official,false
lotto-america-2019-03-06,lotto_america,lotto_america_52_10_2017,2019-03-06,,,12,17,25,34,45,6,data2n-dual-official,OFFICIAL_VERIFIED,DATA2O_OFFLINE_RECONCILIATION,data2o-dual-official,false
lotto-america-2019-03-09,lotto_america,lotto_america_52_10_2017,2019-03-09,,,5,7,30,34,36,4,data2n-dual-official,OFFICIAL_VERIFIED,DATA2O_OFFLINE_RECONCILIATION,data2o-dual-official,false
lotto-america-2019-03-13,lotto_america,lotto_america_52_10_2017,2019-03-13,,,18,42,44,48,52,8,data2n-dual-official,OFFICIAL_VERIFIED,DATA2O_OFFLINE_RECONCILIATION,data2o-dual-official,false
lotto-america-2019-03-16,lotto_america,lotto_america_52_10_2017,2019-03-16,,,29,30,32,47,49,5,data2n-dual-official,OFFICIAL_VERIFIED,DATA2O_OFFLINE_RECONCILIATION,data2o-dual-official,false
lotto-america-2019-03-20,lotto_america,lotto_america_52_10_2017,2019-03-20,,,4,21,22,38,42,9,data2n-dual-official,OFFICIAL_VERIFIED,DATA2O_OFFLINE_RECONCILIATION,data2o-dual-official,false
lotto-america-2019-03-23,lotto_america,lotto_america_52_10_2017,2019-03-23,,,30,40,42,45,46,2,data2n-dual-official,OFFICIAL_VERIFIED,DATA2O_OFFLINE_RECONCILIATION,data2o-dual-official,false
lotto-america-2019-03-27,lotto_america,lotto_america_52_10_2017,2019-03-27,,,5,20,28,36,48,5,data2n-dual-official,OFFICIAL_VERIFIED,DATA2O_OFFLINE_RECONCILIATION,data2o-dual-official,false
lotto-america-2019-03-30,lotto_america,lotto_america_52_10_2017,2019-03-30,,,9,17,25,27,30,2,data2n-dual-official,OFFICIAL_VERIFIED,DATA2O_OFFLINE_RECONCILIATION,data2o-dual-official,false
lotto-america-2019-04-03,lotto_america,lotto_america_52_10_2017,2019-04-03,,,8,19,28,35,41,8,data2n-dual-official,OFFICIAL_VERIFIED,DATA2O_OFFLINE_RECONCILIATION,data2o-dual-official,false
lotto-america-2019-04-06,lotto_america,lotto_america_52_10_2017,2019-04-06,,,12,28,32,34,45,1,data2n-dual-official,OFFICIAL_VERIFIED,DATA2O_OFFLINE_RECONCILIATION,data2o-dual-official,false
lotto-america-2019-04-10,lotto_america,lotto_america_52_10_2017,2019-04-10,,,1,14,16,24,50,2,data2n-dual-official,OFFICIAL_VERIFIED,DATA2O_OFFLINE_RECONCILIATION,data2o-dual-official,false
lotto-america-2019-04-13,lotto_america,lotto_america_52_10_2017,2019-04-13,,,21,23,27,31,37,9,data2n-dual-official,OFFICIAL_VERIFIED,DATA2O_OFFLINE_RECONCILIATION,data2o-dual-official,false
lotto-america-2019-04-17,lotto_america,lotto_america_52_10_2017,2019-04-17,,,2,17,24,34,51,4,data2n-dual-official,OFFICIAL_VERIFIED,DATA2O_OFFLINE_RECONCILIATION,data2o-dual-official,false
lotto-america-2019-04-20,lotto_america,lotto_america_52_10_2017,2019-04-20,,,2,27,32,36,50,8,data2n-dual-official,OFFICIAL_VERIFIED,DATA2O_OFFLINE_RECONCILIATION,data2o-dual-official,false
lotto-america-2019-04-24,lotto_america,lotto_america_52_10_2017,2019-04-24,,,3,14,15,26,46,4,data2n-dual-official,OFFICIAL_VERIFIED,DATA2O_OFFLINE_RECONCILIATION,data2o-dual-official,false
lotto-america-2019-04-27,lotto_america,lotto_america_52_10_2017,2019-04-27,,,1,11,44,47,52,7,data2n-dual-official,OFFICIAL_VERIFIED,DATA2O_OFFLINE_RECONCILIATION,data2o-dual-official,false
lotto-america-2019-05-01,lotto_america,lotto_america_52_10_2017,2019-05-01,,,7,9,33,46,47,3,data2n-dual-official,OFFICIAL_VERIFIED,DATA2O_OFFLINE_RECONCILIATION,data2o-dual-official,false
lotto-america-2019-05-04,lotto_america,lotto_america_52_10_2017,2019-05-04,,,5,6,17,19,48,10,data2n-dual-official,OFFICIAL_VERIFIED,DATA2O_OFFLINE_RECONCILIATION,data2o-dual-official,false
lotto-america-2019-05-08,lotto_america,lotto_america_52_10_2017,2019-05-08,,,14,17,19,25,34,4,data2n-dual-official,OFFICIAL_VERIFIED,DATA2O_OFFLINE_RECONCILIATION,data2o-dual-official,false
lotto-america-2019-05-11,lotto_america,lotto_america_52_10_2017,2019-05-11,,,30,35,37,47,49,3,data2n-dual-official,OFFICIAL_VERIFIED,DATA2O_OFFLINE_RECONCILIATION,data2o-dual-official,false
lotto-america-2019-05-15,lotto_america,lotto_america_52_10_2017,2019-05-15,,,4,19,23,35,44,4,data2n-dual-official,OFFICIAL_VERIFIED,DATA2O_OFFLINE_RECONCILIATION,data2o-dual-official,false
lotto-america-2019-05-18,lotto_america,lotto_america_52_10_2017,2019-05-18,,,2,22,26,28,40,7,data2n-dual-official,OFFICIAL_VERIFIED,DATA2O_OFFLINE_RECONCILIATION,data2o-dual-official,false
lotto-america-2019-05-22,lotto_america,lotto_america_52_10_2017,2019-05-22,,,1,2,8,11,35,1,data2n-dual-official,OFFICIAL_VERIFIED,DATA2O_OFFLINE_RECONCILIATION,data2o-dual-official,false
lotto-america-2019-05-25,lotto_america,lotto_america_52_10_2017,2019-05-25,,,4,16,28,45,51,8,data2n-dual-official,OFFICIAL_VERIFIED,DATA2O_OFFLINE_RECONCILIATION,data2o-dual-official,false
lotto-america-2019-05-29,lotto_america,lotto_america_52_10_2017,2019-05-29,,,5,7,27,45,48,1,data2n-dual-official,OFFICIAL_VERIFIED,DATA2O_OFFLINE_RECONCILIATION,data2o-dual-official,false
lotto-america-2019-06-01,lotto_america,lotto_america_52_10_2017,2019-06-01,,,5,11,23,32,36,10,data2n-dual-official,OFFICIAL_VERIFIED,DATA2O_OFFLINE_RECONCILIATION,data2o-dual-official,false
lotto-america-2019-06-05,lotto_america,lotto_america_52_10_2017,2019-06-05,,,2,9,29,38,46,10,data2n-dual-official,OFFICIAL_VERIFIED,DATA2O_OFFLINE_RECONCILIATION,data2o-dual-official,false
lotto-america-2019-06-08,lotto_america,lotto_america_52_10_2017,2019-06-08,,,14,24,37,38,48,10,data2n-dual-official,OFFICIAL_VERIFIED,DATA2O_OFFLINE_RECONCILIATION,data2o-dual-official,false
lotto-america-2019-06-12,lotto_america,lotto_america_52_10_2017,2019-06-12,,,4,12,15,38,49,7,data2n-dual-official,OFFICIAL_VERIFIED,DATA2O_OFFLINE_RECONCILIATION,data2o-dual-official,false
lotto-america-2019-06-15,lotto_america,lotto_america_52_10_2017,2019-06-15,,,4,12,23,24,31,5,data2n-dual-official,OFFICIAL_VERIFIED,DATA2O_OFFLINE_RECONCILIATION,data2o-dual-official,false
lotto-america-2019-06-19,lotto_america,lotto_america_52_10_2017,2019-06-19,,,6,8,17,25,44,8,data2n-dual-official,OFFICIAL_VERIFIED,DATA2O_OFFLINE_RECONCILIATION,data2o-dual-official,false
lotto-america-2019-06-22,lotto_america,lotto_america_52_10_2017,2019-06-22,,,7,19,35,44,49,2,data2n-dual-official,OFFICIAL_VERIFIED,DATA2O_OFFLINE_RECONCILIATION,data2o-dual-official,false
lotto-america-2019-06-26,lotto_america,lotto_america_52_10_2017,2019-06-26,,,3,10,14,33,36,8,data2n-dual-official,OFFICIAL_VERIFIED,DATA2O_OFFLINE_RECONCILIATION,data2o-dual-official,false
lotto-america-2019-06-29,lotto_america,lotto_america_52_10_2017,2019-06-29,,,4,30,40,42,48,10,data2n-dual-official,OFFICIAL_VERIFIED,DATA2O_OFFLINE_RECONCILIATION,data2o-dual-official,false
lotto-america-2019-07-03,lotto_america,lotto_america_52_10_2017,2019-07-03,,,7,12,19,36,48,2,data2n-dual-official,OFFICIAL_VERIFIED,DATA2O_OFFLINE_RECONCILIATION,data2o-dual-official,false
lotto-america-2019-07-06,lotto_america,lotto_america_52_10_2017,2019-07-06,,,20,22,43,47,52,3,data2n-dual-official,OFFICIAL_VERIFIED,DATA2O_OFFLINE_RECONCILIATION,data2o-dual-official,false
lotto-america-2019-07-10,lotto_america,lotto_america_52_10_2017,2019-07-10,,,16,22,32,36,42,8,data2n-dual-official,OFFICIAL_VERIFIED,DATA2O_OFFLINE_RECONCILIATION,data2o-dual-official,false
lotto-america-2019-07-13,lotto_america,lotto_america_52_10_2017,2019-07-13,,,6,15,18,25,37,9,data2n-dual-official,OFFICIAL_VERIFIED,DATA2O_OFFLINE_RECONCILIATION,data2o-dual-official,false
lotto-america-2019-07-17,lotto_america,lotto_america_52_10_2017,2019-07-17,,,4,7,17,19,44,7,data2n-dual-official,OFFICIAL_VERIFIED,DATA2O_OFFLINE_RECONCILIATION,data2o-dual-official,false
lotto-america-2019-07-20,lotto_america,lotto_america_52_10_2017,2019-07-20,,,5,8,9,25,38,8,data2n-dual-official,OFFICIAL_VERIFIED,DATA2O_OFFLINE_RECONCILIATION,data2o-dual-official,false
lotto-america-2019-07-24,lotto_america,lotto_america_52_10_2017,2019-07-24,,,26,28,33,34,42,10,data2n-dual-official,OFFICIAL_VERIFIED,DATA2O_OFFLINE_RECONCILIATION,data2o-dual-official,false
lotto-america-2019-07-27,lotto_america,lotto_america_52_10_2017,2019-07-27,,,11,12,32,41,47,5,data2n-dual-official,OFFICIAL_VERIFIED,DATA2O_OFFLINE_RECONCILIATION,data2o-dual-official,false
lotto-america-2019-07-31,lotto_america,lotto_america_52_10_2017,2019-07-31,,,4,13,21,41,46,1,data2n-dual-official,OFFICIAL_VERIFIED,DATA2O_OFFLINE_RECONCILIATION,data2o-dual-official,false
lotto-america-2019-08-03,lotto_america,lotto_america_52_10_2017,2019-08-03,,,8,18,27,41,43,10,data2n-dual-official,OFFICIAL_VERIFIED,DATA2O_OFFLINE_RECONCILIATION,data2o-dual-official,false
lotto-america-2019-08-07,lotto_america,lotto_america_52_10_2017,2019-08-07,,,6,25,44,50,51,4,data2n-dual-official,OFFICIAL_VERIFIED,DATA2O_OFFLINE_RECONCILIATION,data2o-dual-official,false
lotto-america-2019-08-10,lotto_america,lotto_america_52_10_2017,2019-08-10,,,3,15,26,43,46,2,data2n-dual-official,OFFICIAL_VERIFIED,DATA2O_OFFLINE_RECONCILIATION,data2o-dual-official,false
lotto-america-2019-08-14,lotto_america,lotto_america_52_10_2017,2019-08-14,,,15,21,35,45,52,2,data2n-dual-official,OFFICIAL_VERIFIED,DATA2O_OFFLINE_RECONCILIATION,data2o-dual-official,false
lotto-america-2019-08-17,lotto_america,lotto_america_52_10_2017,2019-08-17,,,14,20,22,39,52,2,data2n-dual-official,OFFICIAL_VERIFIED,DATA2O_OFFLINE_RECONCILIATION,data2o-dual-official,false
lotto-america-2019-08-21,lotto_america,lotto_america_52_10_2017,2019-08-21,,,9,25,31,34,37,9,data2n-dual-official,OFFICIAL_VERIFIED,DATA2O_OFFLINE_RECONCILIATION,data2o-dual-official,false
lotto-america-2019-08-24,lotto_america,lotto_america_52_10_2017,2019-08-24,,,5,6,41,42,44,8,data2n-dual-official,OFFICIAL_VERIFIED,DATA2O_OFFLINE_RECONCILIATION,data2o-dual-official,false
lotto-america-2019-08-28,lotto_america,lotto_america_52_10_2017,2019-08-28,,,10,11,15,46,52,3,data2n-dual-official,OFFICIAL_VERIFIED,DATA2O_OFFLINE_RECONCILIATION,data2o-dual-official,false
lotto-america-2019-08-31,lotto_america,lotto_america_52_10_2017,2019-08-31,,,14,15,21,45,46,6,data2n-dual-official,OFFICIAL_VERIFIED,DATA2O_OFFLINE_RECONCILIATION,data2o-dual-official,false
lotto-america-2019-09-04,lotto_america,lotto_america_52_10_2017,2019-09-04,,,13,25,35,37,45,5,data2n-dual-official,OFFICIAL_VERIFIED,DATA2O_OFFLINE_RECONCILIATION,data2o-dual-official,false
lotto-america-2019-09-07,lotto_america,lotto_america_52_10_2017,2019-09-07,,,3,7,10,22,34,1,data2n-dual-official,OFFICIAL_VERIFIED,DATA2O_OFFLINE_RECONCILIATION,data2o-dual-official,false
lotto-america-2019-09-11,lotto_america,lotto_america_52_10_2017,2019-09-11,,,12,29,30,34,36,10,data2n-dual-official,OFFICIAL_VERIFIED,DATA2O_OFFLINE_RECONCILIATION,data2o-dual-official,false
lotto-america-2019-09-14,lotto_america,lotto_america_52_10_2017,2019-09-14,,,7,9,16,37,43,5,data2n-dual-official,OFFICIAL_VERIFIED,DATA2O_OFFLINE_RECONCILIATION,data2o-dual-official,false
lotto-america-2019-09-18,lotto_america,lotto_america_52_10_2017,2019-09-18,,,10,41,44,51,52,6,data2n-dual-official,OFFICIAL_VERIFIED,DATA2O_OFFLINE_RECONCILIATION,data2o-dual-official,false
lotto-america-2019-09-21,lotto_america,lotto_america_52_10_2017,2019-09-21,,,9,12,15,27,33,5,data2n-dual-official,OFFICIAL_VERIFIED,DATA2O_OFFLINE_RECONCILIATION,data2o-dual-official,false
lotto-america-2019-09-25,lotto_america,lotto_america_52_10_2017,2019-09-25,,,10,24,40,42,49,9,data2n-dual-official,OFFICIAL_VERIFIED,DATA2O_OFFLINE_RECONCILIATION,data2o-dual-official,false
lotto-america-2019-09-28,lotto_america,lotto_america_52_10_2017,2019-09-28,,,9,23,39,44,47,7,data2n-dual-official,OFFICIAL_VERIFIED,DATA2O_OFFLINE_RECONCILIATION,data2o-dual-official,false
lotto-america-2019-10-02,lotto_america,lotto_america_52_10_2017,2019-10-02,,,16,23,34,43,49,10,data2n-dual-official,OFFICIAL_VERIFIED,DATA2O_OFFLINE_RECONCILIATION,data2o-dual-official,false
lotto-america-2019-10-05,lotto_america,lotto_america_52_10_2017,2019-10-05,,,1,3,21,25,32,8,data2n-dual-official,OFFICIAL_VERIFIED,DATA2O_OFFLINE_RECONCILIATION,data2o-dual-official,false
lotto-america-2019-10-09,lotto_america,lotto_america_52_10_2017,2019-10-09,,,6,9,13,23,46,7,data2n-dual-official,OFFICIAL_VERIFIED,DATA2O_OFFLINE_RECONCILIATION,data2o-dual-official,false
lotto-america-2019-10-12,lotto_america,lotto_america_52_10_2017,2019-10-12,,,1,17,20,25,44,9,data2n-dual-official,OFFICIAL_VERIFIED,DATA2O_OFFLINE_RECONCILIATION,data2o-dual-official,false
lotto-america-2019-10-16,lotto_america,lotto_america_52_10_2017,2019-10-16,,,1,5,9,15,33,5,data2n-dual-official,OFFICIAL_VERIFIED,DATA2O_OFFLINE_RECONCILIATION,data2o-dual-official,false
lotto-america-2019-10-19,lotto_america,lotto_america_52_10_2017,2019-10-19,,,3,11,27,31,40,10,data2n-dual-official,OFFICIAL_VERIFIED,DATA2O_OFFLINE_RECONCILIATION,data2o-dual-official,false
lotto-america-2019-10-23,lotto_america,lotto_america_52_10_2017,2019-10-23,,,9,10,15,25,34,10,data2n-dual-official,OFFICIAL_VERIFIED,DATA2O_OFFLINE_RECONCILIATION,data2o-dual-official,false
lotto-america-2019-10-26,lotto_america,lotto_america_52_10_2017,2019-10-26,,,23,24,34,39,50,1,data2n-dual-official,OFFICIAL_VERIFIED,DATA2O_OFFLINE_RECONCILIATION,data2o-dual-official,false
lotto-america-2019-10-30,lotto_america,lotto_america_52_10_2017,2019-10-30,,,3,6,28,32,44,2,data2n-dual-official,OFFICIAL_VERIFIED,DATA2O_OFFLINE_RECONCILIATION,data2o-dual-official,false
lotto-america-2019-11-02,lotto_america,lotto_america_52_10_2017,2019-11-02,,,1,10,31,40,50,5,data2n-dual-official,OFFICIAL_VERIFIED,DATA2O_OFFLINE_RECONCILIATION,data2o-dual-official,false
lotto-america-2019-11-06,lotto_america,lotto_america_52_10_2017,2019-11-06,,,2,12,15,27,44,6,data2n-dual-official,OFFICIAL_VERIFIED,DATA2O_OFFLINE_RECONCILIATION,data2o-dual-official,false
lotto-america-2019-11-09,lotto_america,lotto_america_52_10_2017,2019-11-09,,,2,27,32,37,39,2,data2n-dual-official,OFFICIAL_VERIFIED,DATA2O_OFFLINE_RECONCILIATION,data2o-dual-official,false
lotto-america-2019-11-13,lotto_america,lotto_america_52_10_2017,2019-11-13,,,18,23,24,30,49,4,data2n-dual-official,OFFICIAL_VERIFIED,DATA2O_OFFLINE_RECONCILIATION,data2o-dual-official,false
lotto-america-2019-11-16,lotto_america,lotto_america_52_10_2017,2019-11-16,,,5,15,26,46,48,1,data2n-dual-official,OFFICIAL_VERIFIED,DATA2O_OFFLINE_RECONCILIATION,data2o-dual-official,false
lotto-america-2019-11-20,lotto_america,lotto_america_52_10_2017,2019-11-20,,,1,4,29,46,47,10,data2n-dual-official,OFFICIAL_VERIFIED,DATA2O_OFFLINE_RECONCILIATION,data2o-dual-official,false
lotto-america-2019-11-23,lotto_america,lotto_america_52_10_2017,2019-11-23,,,4,5,18,43,46,4,data2n-dual-official,OFFICIAL_VERIFIED,DATA2O_OFFLINE_RECONCILIATION,data2o-dual-official,false
lotto-america-2019-11-27,lotto_america,lotto_america_52_10_2017,2019-11-27,,,16,25,27,33,44,6,data2n-dual-official,OFFICIAL_VERIFIED,DATA2O_OFFLINE_RECONCILIATION,data2o-dual-official,false
lotto-america-2019-11-30,lotto_america,lotto_america_52_10_2017,2019-11-30,,,2,13,22,39,49,3,data2n-dual-official,OFFICIAL_VERIFIED,DATA2O_OFFLINE_RECONCILIATION,data2o-dual-official,false
lotto-america-2019-12-04,lotto_america,lotto_america_52_10_2017,2019-12-04,,,34,38,45,47,51,10,data2n-dual-official,OFFICIAL_VERIFIED,DATA2O_OFFLINE_RECONCILIATION,data2o-dual-official,false
lotto-america-2019-12-07,lotto_america,lotto_america_52_10_2017,2019-12-07,,,8,16,22,28,49,3,data2n-dual-official,OFFICIAL_VERIFIED,DATA2O_OFFLINE_RECONCILIATION,data2o-dual-official,false
lotto-america-2019-12-11,lotto_america,lotto_america_52_10_2017,2019-12-11,,,23,29,34,41,51,8,data2n-dual-official,OFFICIAL_VERIFIED,DATA2O_OFFLINE_RECONCILIATION,data2o-dual-official,false
lotto-america-2019-12-14,lotto_america,lotto_america_52_10_2017,2019-12-14,,,7,8,33,37,51,8,data2n-dual-official,OFFICIAL_VERIFIED,DATA2O_OFFLINE_RECONCILIATION,data2o-dual-official,false
lotto-america-2019-12-18,lotto_america,lotto_america_52_10_2017,2019-12-18,,,1,4,17,18,30,1,data2n-dual-official,OFFICIAL_VERIFIED,DATA2O_OFFLINE_RECONCILIATION,data2o-dual-official,false
lotto-america-2019-12-21,lotto_america,lotto_america_52_10_2017,2019-12-21,,,4,17,29,40,51,8,data2n-dual-official,OFFICIAL_VERIFIED,DATA2O_OFFLINE_RECONCILIATION,data2o-dual-official,false
lotto-america-2019-12-25,lotto_america,lotto_america_52_10_2017,2019-12-25,,,4,11,20,35,45,8,data2n-dual-official,OFFICIAL_VERIFIED,DATA2O_OFFLINE_RECONCILIATION,data2o-dual-official,false
lotto-america-2019-12-28,lotto_america,lotto_america_52_10_2017,2019-12-28,,,9,31,45,47,51,10,data2n-dual-official,OFFICIAL_VERIFIED,DATA2O_OFFLINE_RECONCILIATION,data2o-dual-official,false
lotto-america-2020-01-01,lotto_america,lotto_america_52_10_2017,2020-01-01,,,3,26,30,44,48,9,data2n-dual-official,OFFICIAL_VERIFIED,DATA2O_OFFLINE_RECONCILIATION,data2o-dual-official,false
lotto-america-2020-01-04,lotto_america,lotto_america_52_10_2017,2020-01-04,,,5,24,34,38,47,6,data2n-dual-official,OFFICIAL_VERIFIED,DATA2O_OFFLINE_RECONCILIATION,data2o-dual-official,false
lotto-america-2020-01-08,lotto_america,lotto_america_52_10_2017,2020-01-08,,,1,11,31,38,49,4,data2n-dual-official,OFFICIAL_VERIFIED,DATA2O_OFFLINE_RECONCILIATION,data2o-dual-official,false
lotto-america-2020-01-11,lotto_america,lotto_america_52_10_2017,2020-01-11,,,1,21,25,30,34,7,data2n-dual-official,OFFICIAL_VERIFIED,DATA2O_OFFLINE_RECONCILIATION,data2o-dual-official,false
lotto-america-2020-01-15,lotto_america,lotto_america_52_10_2017,2020-01-15,,,1,11,38,50,51,9,data2n-dual-official,OFFICIAL_VERIFIED,DATA2O_OFFLINE_RECONCILIATION,data2o-dual-official,false
lotto-america-2020-01-18,lotto_america,lotto_america_52_10_2017,2020-01-18,,,5,7,31,41,43,9,data2n-dual-official,OFFICIAL_VERIFIED,DATA2O_OFFLINE_RECONCILIATION,data2o-dual-official,false
lotto-america-2020-01-22,lotto_america,lotto_america_52_10_2017,2020-01-22,,,4,6,11,21,23,6,data2n-dual-official,OFFICIAL_VERIFIED,DATA2O_OFFLINE_RECONCILIATION,data2o-dual-official,false
lotto-america-2020-01-25,lotto_america,lotto_america_52_10_2017,2020-01-25,,,16,20,22,23,47,6,data2n-dual-official,OFFICIAL_VERIFIED,DATA2O_OFFLINE_RECONCILIATION,data2o-dual-official,false
lotto-america-2020-01-29,lotto_america,lotto_america_52_10_2017,2020-01-29,,,9,11,12,25,43,8,data2n-dual-official,OFFICIAL_VERIFIED,DATA2O_OFFLINE_RECONCILIATION,data2o-dual-official,false
lotto-america-2020-02-01,lotto_america,lotto_america_52_10_2017,2020-02-01,,,1,6,8,21,23,6,data2n-dual-official,OFFICIAL_VERIFIED,DATA2O_OFFLINE_RECONCILIATION,data2o-dual-official,false
lotto-america-2020-02-05,lotto_america,lotto_america_52_10_2017,2020-02-05,,,1,2,18,26,36,8,data2n-dual-official,OFFICIAL_VERIFIED,DATA2O_OFFLINE_RECONCILIATION,data2o-dual-official,false
lotto-america-2020-02-08,lotto_america,lotto_america_52_10_2017,2020-02-08,,,2,9,17,36,40,7,data2n-dual-official,OFFICIAL_VERIFIED,DATA2O_OFFLINE_RECONCILIATION,data2o-dual-official,false
lotto-america-2020-02-12,lotto_america,lotto_america_52_10_2017,2020-02-12,,,13,17,27,29,44,2,data2n-dual-official,OFFICIAL_VERIFIED,DATA2O_OFFLINE_RECONCILIATION,data2o-dual-official,false
lotto-america-2020-02-15,lotto_america,lotto_america_52_10_2017,2020-02-15,,,4,9,12,23,32,8,data2n-dual-official,OFFICIAL_VERIFIED,DATA2O_OFFLINE_RECONCILIATION,data2o-dual-official,false
lotto-america-2020-02-19,lotto_america,lotto_america_52_10_2017,2020-02-19,,,16,29,33,47,51,10,data2n-dual-official,OFFICIAL_VERIFIED,DATA2O_OFFLINE_RECONCILIATION,data2o-dual-official,false
lotto-america-2020-02-22,lotto_america,lotto_america_52_10_2017,2020-02-22,,,25,35,36,40,46,3,data2n-dual-official,OFFICIAL_VERIFIED,DATA2O_OFFLINE_RECONCILIATION,data2o-dual-official,false
lotto-america-2020-02-26,lotto_america,lotto_america_52_10_2017,2020-02-26,,,2,3,29,30,40,7,data2n-dual-official,OFFICIAL_VERIFIED,DATA2O_OFFLINE_RECONCILIATION,data2o-dual-official,false
lotto-america-2020-02-29,lotto_america,lotto_america_52_10_2017,2020-02-29,,,19,30,32,35,36,2,data2n-dual-official,OFFICIAL_VERIFIED,DATA2O_OFFLINE_RECONCILIATION,data2o-dual-official,false
lotto-america-2020-03-04,lotto_america,lotto_america_52_10_2017,2020-03-04,,,5,6,18,22,24,10,data2n-dual-official,OFFICIAL_VERIFIED,DATA2O_OFFLINE_RECONCILIATION,data2o-dual-official,false
lotto-america-2020-03-07,lotto_america,lotto_america_52_10_2017,2020-03-07,,,1,13,14,24,25,1,data2n-dual-official,OFFICIAL_VERIFIED,DATA2O_OFFLINE_RECONCILIATION,data2o-dual-official,false
lotto-america-2020-03-11,lotto_america,lotto_america_52_10_2017,2020-03-11,,,2,11,24,29,50,4,data2n-dual-official,OFFICIAL_VERIFIED,DATA2O_OFFLINE_RECONCILIATION,data2o-dual-official,false
lotto-america-2020-03-14,lotto_america,lotto_america_52_10_2017,2020-03-14,,,10,17,29,46,51,10,data2n-dual-official,OFFICIAL_VERIFIED,DATA2O_OFFLINE_RECONCILIATION,data2o-dual-official,false
lotto-america-2020-03-18,lotto_america,lotto_america_52_10_2017,2020-03-18,,,6,16,24,34,45,2,data2n-dual-official,OFFICIAL_VERIFIED,DATA2O_OFFLINE_RECONCILIATION,data2o-dual-official,false
lotto-america-2020-03-21,lotto_america,lotto_america_52_10_2017,2020-03-21,,,5,21,26,47,50,8,data2n-dual-official,OFFICIAL_VERIFIED,DATA2O_OFFLINE_RECONCILIATION,data2o-dual-official,false
lotto-america-2020-03-25,lotto_america,lotto_america_52_10_2017,2020-03-25,,,6,33,36,41,48,10,data2n-dual-official,OFFICIAL_VERIFIED,DATA2O_OFFLINE_RECONCILIATION,data2o-dual-official,false
lotto-america-2020-03-28,lotto_america,lotto_america_52_10_2017,2020-03-28,,,2,5,19,31,33,9,data2n-dual-official,OFFICIAL_VERIFIED,DATA2O_OFFLINE_RECONCILIATION,data2o-dual-official,false
lotto-america-2020-04-01,lotto_america,lotto_america_52_10_2017,2020-04-01,,,14,16,28,29,52,7,data2n-dual-official,OFFICIAL_VERIFIED,DATA2O_OFFLINE_RECONCILIATION,data2o-dual-official,false
lotto-america-2020-04-04,lotto_america,lotto_america_52_10_2017,2020-04-04,,,18,21,30,35,47,9,data2n-dual-official,OFFICIAL_VERIFIED,DATA2O_OFFLINE_RECONCILIATION,data2o-dual-official,false
lotto-america-2020-04-08,lotto_america,lotto_america_52_10_2017,2020-04-08,,,2,7,18,26,40,3,data2n-dual-official,OFFICIAL_VERIFIED,DATA2O_OFFLINE_RECONCILIATION,data2o-dual-official,false
lotto-america-2020-04-11,lotto_america,lotto_america_52_10_2017,2020-04-11,,,11,22,32,34,41,3,data2n-dual-official,OFFICIAL_VERIFIED,DATA2O_OFFLINE_RECONCILIATION,data2o-dual-official,false
lotto-america-2020-04-15,lotto_america,lotto_america_52_10_2017,2020-04-15,,,3,19,26,45,51,5,data2n-dual-official,OFFICIAL_VERIFIED,DATA2O_OFFLINE_RECONCILIATION,data2o-dual-official,false
lotto-america-2020-04-18,lotto_america,lotto_america_52_10_2017,2020-04-18,,,2,15,18,41,48,6,data2n-dual-official,OFFICIAL_VERIFIED,DATA2O_OFFLINE_RECONCILIATION,data2o-dual-official,false
lotto-america-2020-04-22,lotto_america,lotto_america_52_10_2017,2020-04-22,,,11,12,16,41,42,9,data2n-dual-official,OFFICIAL_VERIFIED,DATA2O_OFFLINE_RECONCILIATION,data2o-dual-official,false
lotto-america-2020-04-25,lotto_america,lotto_america_52_10_2017,2020-04-25,,,16,28,39,42,44,5,data2n-dual-official,OFFICIAL_VERIFIED,DATA2O_OFFLINE_RECONCILIATION,data2o-dual-official,false
lotto-america-2020-04-29,lotto_america,lotto_america_52_10_2017,2020-04-29,,,11,18,28,43,45,6,data2n-dual-official,OFFICIAL_VERIFIED,DATA2O_OFFLINE_RECONCILIATION,data2o-dual-official,false
lotto-america-2020-05-02,lotto_america,lotto_america_52_10_2017,2020-05-02,,,1,37,40,48,51,4,data2n-dual-official,OFFICIAL_VERIFIED,DATA2O_OFFLINE_RECONCILIATION,data2o-dual-official,false
lotto-america-2020-05-06,lotto_america,lotto_america_52_10_2017,2020-05-06,,,18,25,31,35,42,9,data2n-dual-official,OFFICIAL_VERIFIED,DATA2O_OFFLINE_RECONCILIATION,data2o-dual-official,false
lotto-america-2020-05-09,lotto_america,lotto_america_52_10_2017,2020-05-09,,,17,31,32,34,50,3,data2n-dual-official,OFFICIAL_VERIFIED,DATA2O_OFFLINE_RECONCILIATION,data2o-dual-official,false
lotto-america-2020-05-13,lotto_america,lotto_america_52_10_2017,2020-05-13,,,6,19,20,35,50,5,data2n-dual-official,OFFICIAL_VERIFIED,DATA2O_OFFLINE_RECONCILIATION,data2o-dual-official,false
lotto-america-2020-05-16,lotto_america,lotto_america_52_10_2017,2020-05-16,,,8,14,25,29,49,8,data2n-dual-official,OFFICIAL_VERIFIED,DATA2O_OFFLINE_RECONCILIATION,data2o-dual-official,false
lotto-america-2020-05-20,lotto_america,lotto_america_52_10_2017,2020-05-20,,,10,13,22,35,41,6,data2n-dual-official,OFFICIAL_VERIFIED,DATA2O_OFFLINE_RECONCILIATION,data2o-dual-official,false
lotto-america-2020-05-23,lotto_america,lotto_america_52_10_2017,2020-05-23,,,29,38,39,49,50,5,data2n-dual-official,OFFICIAL_VERIFIED,DATA2O_OFFLINE_RECONCILIATION,data2o-dual-official,false
lotto-america-2020-05-27,lotto_america,lotto_america_52_10_2017,2020-05-27,,,16,20,35,36,48,3,data2n-dual-official,OFFICIAL_VERIFIED,DATA2O_OFFLINE_RECONCILIATION,data2o-dual-official,false
lotto-america-2020-05-30,lotto_america,lotto_america_52_10_2017,2020-05-30,,,3,17,31,41,45,5,data2n-dual-official,OFFICIAL_VERIFIED,DATA2O_OFFLINE_RECONCILIATION,data2o-dual-official,false
lotto-america-2020-06-03,lotto_america,lotto_america_52_10_2017,2020-06-03,,,7,22,28,41,46,2,data2n-dual-official,OFFICIAL_VERIFIED,DATA2O_OFFLINE_RECONCILIATION,data2o-dual-official,false
lotto-america-2020-06-06,lotto_america,lotto_america_52_10_2017,2020-06-06,,,10,12,22,39,46,9,data2n-dual-official,OFFICIAL_VERIFIED,DATA2O_OFFLINE_RECONCILIATION,data2o-dual-official,false
lotto-america-2020-06-10,lotto_america,lotto_america_52_10_2017,2020-06-10,,,13,16,33,38,52,7,data2n-dual-official,OFFICIAL_VERIFIED,DATA2O_OFFLINE_RECONCILIATION,data2o-dual-official,false
lotto-america-2020-06-13,lotto_america,lotto_america_52_10_2017,2020-06-13,,,3,16,26,29,40,8,data2n-dual-official,OFFICIAL_VERIFIED,DATA2O_OFFLINE_RECONCILIATION,data2o-dual-official,false
lotto-america-2020-06-17,lotto_america,lotto_america_52_10_2017,2020-06-17,,,12,19,21,26,48,7,data2n-dual-official,OFFICIAL_VERIFIED,DATA2O_OFFLINE_RECONCILIATION,data2o-dual-official,false
lotto-america-2020-06-20,lotto_america,lotto_america_52_10_2017,2020-06-20,,,4,18,27,30,48,7,data2n-dual-official,OFFICIAL_VERIFIED,DATA2O_OFFLINE_RECONCILIATION,data2o-dual-official,false
lotto-america-2020-06-24,lotto_america,lotto_america_52_10_2017,2020-06-24,,,3,11,30,36,39,2,data2n-dual-official,OFFICIAL_VERIFIED,DATA2O_OFFLINE_RECONCILIATION,data2o-dual-official,false
lotto-america-2020-06-27,lotto_america,lotto_america_52_10_2017,2020-06-27,,,8,27,30,36,47,8,data2n-dual-official,OFFICIAL_VERIFIED,DATA2O_OFFLINE_RECONCILIATION,data2o-dual-official,false
lotto-america-2020-07-01,lotto_america,lotto_america_52_10_2017,2020-07-01,,,4,22,24,30,35,7,data2n-dual-official,OFFICIAL_VERIFIED,DATA2O_OFFLINE_RECONCILIATION,data2o-dual-official,false
lotto-america-2020-07-04,lotto_america,lotto_america_52_10_2017,2020-07-04,,,7,16,18,24,40,4,data2n-dual-official,OFFICIAL_VERIFIED,DATA2O_OFFLINE_RECONCILIATION,data2o-dual-official,false
lotto-america-2020-07-08,lotto_america,lotto_america_52_10_2017,2020-07-08,,,7,33,41,45,51,1,data2n-dual-official,OFFICIAL_VERIFIED,DATA2O_OFFLINE_RECONCILIATION,data2o-dual-official,false
lotto-america-2020-07-11,lotto_america,lotto_america_52_10_2017,2020-07-11,,,3,12,22,26,31,3,data2n-dual-official,OFFICIAL_VERIFIED,DATA2O_OFFLINE_RECONCILIATION,data2o-dual-official,false
lotto-america-2020-07-15,lotto_america,lotto_america_52_10_2017,2020-07-15,,,11,13,14,45,51,1,data2n-dual-official,OFFICIAL_VERIFIED,DATA2O_OFFLINE_RECONCILIATION,data2o-dual-official,false
lotto-america-2020-07-18,lotto_america,lotto_america_52_10_2017,2020-07-18,,,23,34,44,47,48,1,data2n-dual-official,OFFICIAL_VERIFIED,DATA2O_OFFLINE_RECONCILIATION,data2o-dual-official,false
lotto-america-2020-07-22,lotto_america,lotto_america_52_10_2017,2020-07-22,,,18,25,46,49,51,7,data2n-dual-official,OFFICIAL_VERIFIED,DATA2O_OFFLINE_RECONCILIATION,data2o-dual-official,false
lotto-america-2020-07-25,lotto_america,lotto_america_52_10_2017,2020-07-25,,,32,36,46,47,48,6,data2n-dual-official,OFFICIAL_VERIFIED,DATA2O_OFFLINE_RECONCILIATION,data2o-dual-official,false
lotto-america-2020-07-29,lotto_america,lotto_america_52_10_2017,2020-07-29,,,29,30,38,45,51,1,data2n-dual-official,OFFICIAL_VERIFIED,DATA2O_OFFLINE_RECONCILIATION,data2o-dual-official,false
lotto-america-2020-08-01,lotto_america,lotto_america_52_10_2017,2020-08-01,,,12,21,29,40,44,6,data2n-dual-official,OFFICIAL_VERIFIED,DATA2O_OFFLINE_RECONCILIATION,data2o-dual-official,false
lotto-america-2020-08-05,lotto_america,lotto_america_52_10_2017,2020-08-05,,,6,23,26,29,43,3,data2n-dual-official,OFFICIAL_VERIFIED,DATA2O_OFFLINE_RECONCILIATION,data2o-dual-official,false
lotto-america-2020-08-08,lotto_america,lotto_america_52_10_2017,2020-08-08,,,11,14,29,31,48,5,data2n-dual-official,OFFICIAL_VERIFIED,DATA2O_OFFLINE_RECONCILIATION,data2o-dual-official,false
lotto-america-2020-08-12,lotto_america,lotto_america_52_10_2017,2020-08-12,,,5,6,35,39,42,2,data2n-dual-official,OFFICIAL_VERIFIED,DATA2O_OFFLINE_RECONCILIATION,data2o-dual-official,false
lotto-america-2020-08-15,lotto_america,lotto_america_52_10_2017,2020-08-15,,,1,20,24,27,34,10,data2n-dual-official,OFFICIAL_VERIFIED,DATA2O_OFFLINE_RECONCILIATION,data2o-dual-official,false
lotto-america-2020-08-19,lotto_america,lotto_america_52_10_2017,2020-08-19,,,1,8,17,35,45,9,data2n-dual-official,OFFICIAL_VERIFIED,DATA2O_OFFLINE_RECONCILIATION,data2o-dual-official,false
lotto-america-2020-08-22,lotto_america,lotto_america_52_10_2017,2020-08-22,,,1,33,45,48,49,5,data2n-dual-official,OFFICIAL_VERIFIED,DATA2O_OFFLINE_RECONCILIATION,data2o-dual-official,false
lotto-america-2020-08-26,lotto_america,lotto_america_52_10_2017,2020-08-26,,,5,16,22,24,31,9,data2n-dual-official,OFFICIAL_VERIFIED,DATA2O_OFFLINE_RECONCILIATION,data2o-dual-official,false
lotto-america-2020-08-29,lotto_america,lotto_america_52_10_2017,2020-08-29,,,4,5,9,13,51,2,data2n-dual-official,OFFICIAL_VERIFIED,DATA2O_OFFLINE_RECONCILIATION,data2o-dual-official,false
lotto-america-2020-09-02,lotto_america,lotto_america_52_10_2017,2020-09-02,,,25,34,37,40,47,8,data2n-dual-official,OFFICIAL_VERIFIED,DATA2O_OFFLINE_RECONCILIATION,data2o-dual-official,false
lotto-america-2020-09-05,lotto_america,lotto_america_52_10_2017,2020-09-05,,,6,10,31,39,42,1,data2n-dual-official,OFFICIAL_VERIFIED,DATA2O_OFFLINE_RECONCILIATION,data2o-dual-official,false
lotto-america-2020-09-09,lotto_america,lotto_america_52_10_2017,2020-09-09,,,6,15,35,38,52,6,data2n-dual-official,OFFICIAL_VERIFIED,DATA2O_OFFLINE_RECONCILIATION,data2o-dual-official,false
lotto-america-2020-09-12,lotto_america,lotto_america_52_10_2017,2020-09-12,,,1,2,19,22,35,6,data2n-dual-official,OFFICIAL_VERIFIED,DATA2O_OFFLINE_RECONCILIATION,data2o-dual-official,false
lotto-america-2020-09-16,lotto_america,lotto_america_52_10_2017,2020-09-16,,,12,15,21,48,52,4,data2n-dual-official,OFFICIAL_VERIFIED,DATA2O_OFFLINE_RECONCILIATION,data2o-dual-official,false
lotto-america-2020-09-19,lotto_america,lotto_america_52_10_2017,2020-09-19,,,15,34,35,43,52,4,data2n-dual-official,OFFICIAL_VERIFIED,DATA2O_OFFLINE_RECONCILIATION,data2o-dual-official,false
lotto-america-2020-09-23,lotto_america,lotto_america_52_10_2017,2020-09-23,,,6,15,37,41,42,6,data2n-dual-official,OFFICIAL_VERIFIED,DATA2O_OFFLINE_RECONCILIATION,data2o-dual-official,false
lotto-america-2020-09-26,lotto_america,lotto_america_52_10_2017,2020-09-26,,,11,12,18,24,51,1,data2n-dual-official,OFFICIAL_VERIFIED,DATA2O_OFFLINE_RECONCILIATION,data2o-dual-official,false
lotto-america-2020-09-30,lotto_america,lotto_america_52_10_2017,2020-09-30,,,5,6,11,30,37,3,data2n-dual-official,OFFICIAL_VERIFIED,DATA2O_OFFLINE_RECONCILIATION,data2o-dual-official,false
lotto-america-2020-10-03,lotto_america,lotto_america_52_10_2017,2020-10-03,,,7,16,32,34,48,2,data2n-dual-official,OFFICIAL_VERIFIED,DATA2O_OFFLINE_RECONCILIATION,data2o-dual-official,false
lotto-america-2020-10-07,lotto_america,lotto_america_52_10_2017,2020-10-07,,,17,19,24,34,51,10,data2n-dual-official,OFFICIAL_VERIFIED,DATA2O_OFFLINE_RECONCILIATION,data2o-dual-official,false
lotto-america-2020-10-10,lotto_america,lotto_america_52_10_2017,2020-10-10,,,2,10,19,26,31,8,data2n-dual-official,OFFICIAL_VERIFIED,DATA2O_OFFLINE_RECONCILIATION,data2o-dual-official,false
lotto-america-2020-10-14,lotto_america,lotto_america_52_10_2017,2020-10-14,,,4,14,24,25,33,7,data2n-dual-official,OFFICIAL_VERIFIED,DATA2O_OFFLINE_RECONCILIATION,data2o-dual-official,false
lotto-america-2020-10-17,lotto_america,lotto_america_52_10_2017,2020-10-17,,,11,12,19,35,43,2,data2n-dual-official,OFFICIAL_VERIFIED,DATA2O_OFFLINE_RECONCILIATION,data2o-dual-official,false
lotto-america-2020-10-21,lotto_america,lotto_america_52_10_2017,2020-10-21,,,1,35,36,37,46,9,data2n-dual-official,OFFICIAL_VERIFIED,DATA2O_OFFLINE_RECONCILIATION,data2o-dual-official,false
lotto-america-2020-10-24,lotto_america,lotto_america_52_10_2017,2020-10-24,,,22,26,43,50,51,3,data2n-dual-official,OFFICIAL_VERIFIED,DATA2O_OFFLINE_RECONCILIATION,data2o-dual-official,false
lotto-america-2020-10-28,lotto_america,lotto_america_52_10_2017,2020-10-28,,,4,14,35,41,43,9,data2n-dual-official,OFFICIAL_VERIFIED,DATA2O_OFFLINE_RECONCILIATION,data2o-dual-official,false
lotto-america-2020-10-31,lotto_america,lotto_america_52_10_2017,2020-10-31,,,5,6,24,29,40,9,data2n-dual-official,OFFICIAL_VERIFIED,DATA2O_OFFLINE_RECONCILIATION,data2o-dual-official,false
lotto-america-2020-11-04,lotto_america,lotto_america_52_10_2017,2020-11-04,,,11,12,32,49,50,4,data2n-dual-official,OFFICIAL_VERIFIED,DATA2O_OFFLINE_RECONCILIATION,data2o-dual-official,false
lotto-america-2020-11-07,lotto_america,lotto_america_52_10_2017,2020-11-07,,,7,8,27,31,41,1,data2n-dual-official,OFFICIAL_VERIFIED,DATA2O_OFFLINE_RECONCILIATION,data2o-dual-official,false
lotto-america-2020-11-11,lotto_america,lotto_america_52_10_2017,2020-11-11,,,8,13,30,31,48,8,data2n-dual-official,OFFICIAL_VERIFIED,DATA2O_OFFLINE_RECONCILIATION,data2o-dual-official,false
lotto-america-2020-11-14,lotto_america,lotto_america_52_10_2017,2020-11-14,,,6,8,14,17,27,2,data2n-dual-official,OFFICIAL_VERIFIED,DATA2O_OFFLINE_RECONCILIATION,data2o-dual-official,false
lotto-america-2020-11-18,lotto_america,lotto_america_52_10_2017,2020-11-18,,,17,35,39,42,43,5,data2n-dual-official,OFFICIAL_VERIFIED,DATA2O_OFFLINE_RECONCILIATION,data2o-dual-official,false
lotto-america-2020-11-21,lotto_america,lotto_america_52_10_2017,2020-11-21,,,2,5,36,45,52,9,data2n-dual-official,OFFICIAL_VERIFIED,DATA2O_OFFLINE_RECONCILIATION,data2o-dual-official,false
lotto-america-2020-11-25,lotto_america,lotto_america_52_10_2017,2020-11-25,,,1,7,12,38,40,6,data2n-dual-official,OFFICIAL_VERIFIED,DATA2O_OFFLINE_RECONCILIATION,data2o-dual-official,false
lotto-america-2020-11-28,lotto_america,lotto_america_52_10_2017,2020-11-28,,,7,16,23,25,52,7,data2n-dual-official,OFFICIAL_VERIFIED,DATA2O_OFFLINE_RECONCILIATION,data2o-dual-official,false
lotto-america-2020-12-02,lotto_america,lotto_america_52_10_2017,2020-12-02,,,9,12,22,38,40,10,data2n-dual-official,OFFICIAL_VERIFIED,DATA2O_OFFLINE_RECONCILIATION,data2o-dual-official,false
lotto-america-2020-12-05,lotto_america,lotto_america_52_10_2017,2020-12-05,,,12,15,35,36,51,9,data2n-dual-official,OFFICIAL_VERIFIED,DATA2O_OFFLINE_RECONCILIATION,data2o-dual-official,false
lotto-america-2020-12-09,lotto_america,lotto_america_52_10_2017,2020-12-09,,,4,8,20,23,50,6,data2n-dual-official,OFFICIAL_VERIFIED,DATA2O_OFFLINE_RECONCILIATION,data2o-dual-official,false
lotto-america-2020-12-12,lotto_america,lotto_america_52_10_2017,2020-12-12,,,10,29,36,38,46,7,data2n-dual-official,OFFICIAL_VERIFIED,DATA2O_OFFLINE_RECONCILIATION,data2o-dual-official,false
lotto-america-2020-12-16,lotto_america,lotto_america_52_10_2017,2020-12-16,,,18,21,32,35,48,7,data2n-dual-official,OFFICIAL_VERIFIED,DATA2O_OFFLINE_RECONCILIATION,data2o-dual-official,false
lotto-america-2020-12-19,lotto_america,lotto_america_52_10_2017,2020-12-19,,,1,9,15,28,35,5,data2n-dual-official,OFFICIAL_VERIFIED,DATA2O_OFFLINE_RECONCILIATION,data2o-dual-official,false
lotto-america-2020-12-23,lotto_america,lotto_america_52_10_2017,2020-12-23,,,5,8,16,23,34,10,data2n-dual-official,OFFICIAL_VERIFIED,DATA2O_OFFLINE_RECONCILIATION,data2o-dual-official,false
lotto-america-2020-12-26,lotto_america,lotto_america_52_10_2017,2020-12-26,,,3,13,15,41,49,2,data2n-dual-official,OFFICIAL_VERIFIED,DATA2O_OFFLINE_RECONCILIATION,data2o-dual-official,false
lotto-america-2020-12-30,lotto_america,lotto_america_52_10_2017,2020-12-30,,,18,25,26,30,49,8,data2n-dual-official,OFFICIAL_VERIFIED,DATA2O_OFFLINE_RECONCILIATION,data2o-dual-official,false
lotto-america-2021-01-02,lotto_america,lotto_america_52_10_2017,2021-01-02,,,14,15,16,36,41,4,data2n-dual-official,OFFICIAL_VERIFIED,DATA2O_OFFLINE_RECONCILIATION,data2o-dual-official,false
lotto-america-2021-01-06,lotto_america,lotto_america_52_10_2017,2021-01-06,,,4,8,17,25,44,6,data2n-dual-official,OFFICIAL_VERIFIED,DATA2O_OFFLINE_RECONCILIATION,data2o-dual-official,false
lotto-america-2021-01-09,lotto_america,lotto_america_52_10_2017,2021-01-09,,,9,25,29,30,39,10,data2n-dual-official,OFFICIAL_VERIFIED,DATA2O_OFFLINE_RECONCILIATION,data2o-dual-official,false
lotto-america-2021-01-13,lotto_america,lotto_america_52_10_2017,2021-01-13,,,8,21,24,29,32,2,data2n-dual-official,OFFICIAL_VERIFIED,DATA2O_OFFLINE_RECONCILIATION,data2o-dual-official,false
lotto-america-2021-01-16,lotto_america,lotto_america_52_10_2017,2021-01-16,,,6,16,21,30,36,3,data2n-dual-official,OFFICIAL_VERIFIED,DATA2O_OFFLINE_RECONCILIATION,data2o-dual-official,false
lotto-america-2021-01-20,lotto_america,lotto_america_52_10_2017,2021-01-20,,,6,14,16,38,49,3,data2n-dual-official,OFFICIAL_VERIFIED,DATA2O_OFFLINE_RECONCILIATION,data2o-dual-official,false
lotto-america-2021-01-23,lotto_america,lotto_america_52_10_2017,2021-01-23,,,10,15,20,34,42,6,data2n-dual-official,OFFICIAL_VERIFIED,DATA2O_OFFLINE_RECONCILIATION,data2o-dual-official,false
lotto-america-2021-01-27,lotto_america,lotto_america_52_10_2017,2021-01-27,,,1,10,36,37,38,5,data2n-dual-official,OFFICIAL_VERIFIED,DATA2O_OFFLINE_RECONCILIATION,data2o-dual-official,false
lotto-america-2021-01-30,lotto_america,lotto_america_52_10_2017,2021-01-30,,,5,7,9,10,29,6,data2n-dual-official,OFFICIAL_VERIFIED,DATA2O_OFFLINE_RECONCILIATION,data2o-dual-official,false
lotto-america-2021-02-03,lotto_america,lotto_america_52_10_2017,2021-02-03,,,12,35,38,40,43,7,data2n-dual-official,OFFICIAL_VERIFIED,DATA2O_OFFLINE_RECONCILIATION,data2o-dual-official,false
lotto-america-2021-02-06,lotto_america,lotto_america_52_10_2017,2021-02-06,,,13,16,28,44,51,9,data2n-dual-official,OFFICIAL_VERIFIED,DATA2O_OFFLINE_RECONCILIATION,data2o-dual-official,false
lotto-america-2021-02-10,lotto_america,lotto_america_52_10_2017,2021-02-10,,,7,13,20,22,31,10,data2n-dual-official,OFFICIAL_VERIFIED,DATA2O_OFFLINE_RECONCILIATION,data2o-dual-official,false
lotto-america-2021-02-13,lotto_america,lotto_america_52_10_2017,2021-02-13,,,36,40,44,46,50,6,data2n-dual-official,OFFICIAL_VERIFIED,DATA2O_OFFLINE_RECONCILIATION,data2o-dual-official,false
lotto-america-2021-02-17,lotto_america,lotto_america_52_10_2017,2021-02-17,,,2,11,16,46,50,8,data2n-dual-official,OFFICIAL_VERIFIED,DATA2O_OFFLINE_RECONCILIATION,data2o-dual-official,false
lotto-america-2021-02-20,lotto_america,lotto_america_52_10_2017,2021-02-20,,,7,18,26,31,39,8,data2n-dual-official,OFFICIAL_VERIFIED,DATA2O_OFFLINE_RECONCILIATION,data2o-dual-official,false
lotto-america-2021-02-24,lotto_america,lotto_america_52_10_2017,2021-02-24,,,5,7,24,39,50,10,data2n-dual-official,OFFICIAL_VERIFIED,DATA2O_OFFLINE_RECONCILIATION,data2o-dual-official,false
lotto-america-2021-02-27,lotto_america,lotto_america_52_10_2017,2021-02-27,,,10,27,30,44,47,6,data2n-dual-official,OFFICIAL_VERIFIED,DATA2O_OFFLINE_RECONCILIATION,data2o-dual-official,false
lotto-america-2021-03-03,lotto_america,lotto_america_52_10_2017,2021-03-03,,,16,18,19,28,45,6,data2n-dual-official,OFFICIAL_VERIFIED,DATA2O_OFFLINE_RECONCILIATION,data2o-dual-official,false
lotto-america-2021-03-06,lotto_america,lotto_america_52_10_2017,2021-03-06,,,23,33,37,42,47,1,data2n-dual-official,OFFICIAL_VERIFIED,DATA2O_OFFLINE_RECONCILIATION,data2o-dual-official,false
lotto-america-2021-03-10,lotto_america,lotto_america_52_10_2017,2021-03-10,,,4,15,31,36,39,6,data2n-dual-official,OFFICIAL_VERIFIED,DATA2O_OFFLINE_RECONCILIATION,data2o-dual-official,false
lotto-america-2021-03-13,lotto_america,lotto_america_52_10_2017,2021-03-13,,,7,30,40,49,50,10,data2n-dual-official,OFFICIAL_VERIFIED,DATA2O_OFFLINE_RECONCILIATION,data2o-dual-official,false
lotto-america-2021-03-17,lotto_america,lotto_america_52_10_2017,2021-03-17,,,5,7,10,19,40,6,data2n-dual-official,OFFICIAL_VERIFIED,DATA2O_OFFLINE_RECONCILIATION,data2o-dual-official,false
lotto-america-2021-03-20,lotto_america,lotto_america_52_10_2017,2021-03-20,,,1,2,18,37,47,2,data2n-dual-official,OFFICIAL_VERIFIED,DATA2O_OFFLINE_RECONCILIATION,data2o-dual-official,false
lotto-america-2021-03-24,lotto_america,lotto_america_52_10_2017,2021-03-24,,,1,37,39,40,42,2,data2n-dual-official,OFFICIAL_VERIFIED,DATA2O_OFFLINE_RECONCILIATION,data2o-dual-official,false
lotto-america-2021-03-27,lotto_america,lotto_america_52_10_2017,2021-03-27,,,3,23,35,50,51,10,data2n-dual-official,OFFICIAL_VERIFIED,DATA2O_OFFLINE_RECONCILIATION,data2o-dual-official,false
lotto-america-2021-03-31,lotto_america,lotto_america_52_10_2017,2021-03-31,,,17,18,21,35,42,8,data2n-dual-official,OFFICIAL_VERIFIED,DATA2O_OFFLINE_RECONCILIATION,data2o-dual-official,false
lotto-america-2021-04-03,lotto_america,lotto_america_52_10_2017,2021-04-03,,,17,42,43,47,48,5,data2n-dual-official,OFFICIAL_VERIFIED,DATA2O_OFFLINE_RECONCILIATION,data2o-dual-official,false
lotto-america-2021-04-07,lotto_america,lotto_america_52_10_2017,2021-04-07,,,7,12,22,28,39,10,data2n-dual-official,OFFICIAL_VERIFIED,DATA2O_OFFLINE_RECONCILIATION,data2o-dual-official,false
lotto-america-2021-04-10,lotto_america,lotto_america_52_10_2017,2021-04-10,,,16,24,43,49,52,9,data2n-dual-official,OFFICIAL_VERIFIED,DATA2O_OFFLINE_RECONCILIATION,data2o-dual-official,false
lotto-america-2021-04-14,lotto_america,lotto_america_52_10_2017,2021-04-14,,,2,3,6,38,39,9,data2n-dual-official,OFFICIAL_VERIFIED,DATA2O_OFFLINE_RECONCILIATION,data2o-dual-official,false
lotto-america-2021-04-17,lotto_america,lotto_america_52_10_2017,2021-04-17,,,15,19,28,39,41,5,data2n-dual-official,OFFICIAL_VERIFIED,DATA2O_OFFLINE_RECONCILIATION,data2o-dual-official,false
lotto-america-2021-04-21,lotto_america,lotto_america_52_10_2017,2021-04-21,,,4,41,42,44,45,8,data2n-dual-official,OFFICIAL_VERIFIED,DATA2O_OFFLINE_RECONCILIATION,data2o-dual-official,false
lotto-america-2021-04-24,lotto_america,lotto_america_52_10_2017,2021-04-24,,,5,20,21,26,27,4,data2n-dual-official,OFFICIAL_VERIFIED,DATA2O_OFFLINE_RECONCILIATION,data2o-dual-official,false
lotto-america-2021-04-28,lotto_america,lotto_america_52_10_2017,2021-04-28,,,2,33,34,39,46,10,data2n-dual-official,OFFICIAL_VERIFIED,DATA2O_OFFLINE_RECONCILIATION,data2o-dual-official,false
lotto-america-2021-05-01,lotto_america,lotto_america_52_10_2017,2021-05-01,,,12,17,28,29,46,1,data2n-dual-official,OFFICIAL_VERIFIED,DATA2O_OFFLINE_RECONCILIATION,data2o-dual-official,false
lotto-america-2021-05-05,lotto_america,lotto_america_52_10_2017,2021-05-05,,,1,12,26,36,52,3,data2n-dual-official,OFFICIAL_VERIFIED,DATA2O_OFFLINE_RECONCILIATION,data2o-dual-official,false
lotto-america-2021-05-08,lotto_america,lotto_america_52_10_2017,2021-05-08,,,4,32,34,41,44,2,data2n-dual-official,OFFICIAL_VERIFIED,DATA2O_OFFLINE_RECONCILIATION,data2o-dual-official,false
lotto-america-2021-05-12,lotto_america,lotto_america_52_10_2017,2021-05-12,,,12,30,31,46,48,7,data2n-dual-official,OFFICIAL_VERIFIED,DATA2O_OFFLINE_RECONCILIATION,data2o-dual-official,false
lotto-america-2021-05-15,lotto_america,lotto_america_52_10_2017,2021-05-15,,,9,14,19,30,46,3,data2n-dual-official,OFFICIAL_VERIFIED,DATA2O_OFFLINE_RECONCILIATION,data2o-dual-official,false
lotto-america-2021-05-19,lotto_america,lotto_america_52_10_2017,2021-05-19,,,5,18,34,38,42,10,data2n-dual-official,OFFICIAL_VERIFIED,DATA2O_OFFLINE_RECONCILIATION,data2o-dual-official,false
lotto-america-2021-05-22,lotto_america,lotto_america_52_10_2017,2021-05-22,,,26,36,47,48,52,5,data2n-dual-official,OFFICIAL_VERIFIED,DATA2O_OFFLINE_RECONCILIATION,data2o-dual-official,false
lotto-america-2021-05-26,lotto_america,lotto_america_52_10_2017,2021-05-26,,,4,14,21,31,40,4,data2n-dual-official,OFFICIAL_VERIFIED,DATA2O_OFFLINE_RECONCILIATION,data2o-dual-official,false
lotto-america-2021-05-29,lotto_america,lotto_america_52_10_2017,2021-05-29,,,4,16,18,34,42,6,data2n-dual-official,OFFICIAL_VERIFIED,DATA2O_OFFLINE_RECONCILIATION,data2o-dual-official,false
lotto-america-2021-06-02,lotto_america,lotto_america_52_10_2017,2021-06-02,,,31,34,36,45,50,10,data2n-dual-official,OFFICIAL_VERIFIED,DATA2O_OFFLINE_RECONCILIATION,data2o-dual-official,false
lotto-america-2021-06-05,lotto_america,lotto_america_52_10_2017,2021-06-05,,,13,16,19,39,44,5,data2n-dual-official,OFFICIAL_VERIFIED,DATA2O_OFFLINE_RECONCILIATION,data2o-dual-official,false
lotto-america-2021-06-09,lotto_america,lotto_america_52_10_2017,2021-06-09,,,4,39,46,48,52,3,data2n-dual-official,OFFICIAL_VERIFIED,DATA2O_OFFLINE_RECONCILIATION,data2o-dual-official,false
lotto-america-2021-06-12,lotto_america,lotto_america_52_10_2017,2021-06-12,,,8,10,23,49,50,6,data2n-dual-official,OFFICIAL_VERIFIED,DATA2O_OFFLINE_RECONCILIATION,data2o-dual-official,false
lotto-america-2021-06-16,lotto_america,lotto_america_52_10_2017,2021-06-16,,,1,14,22,28,41,9,data2n-dual-official,OFFICIAL_VERIFIED,DATA2O_OFFLINE_RECONCILIATION,data2o-dual-official,false
lotto-america-2021-06-19,lotto_america,lotto_america_52_10_2017,2021-06-19,,,24,35,39,42,45,6,data2n-dual-official,OFFICIAL_VERIFIED,DATA2O_OFFLINE_RECONCILIATION,data2o-dual-official,false
lotto-america-2021-06-23,lotto_america,lotto_america_52_10_2017,2021-06-23,,,3,9,16,19,38,3,data2n-dual-official,OFFICIAL_VERIFIED,DATA2O_OFFLINE_RECONCILIATION,data2o-dual-official,false
lotto-america-2021-06-26,lotto_america,lotto_america_52_10_2017,2021-06-26,,,3,6,8,40,49,7,data2n-dual-official,OFFICIAL_VERIFIED,DATA2O_OFFLINE_RECONCILIATION,data2o-dual-official,false
lotto-america-2021-06-30,lotto_america,lotto_america_52_10_2017,2021-06-30,,,4,6,14,25,32,9,data2n-dual-official,OFFICIAL_VERIFIED,DATA2O_OFFLINE_RECONCILIATION,data2o-dual-official,false
lotto-america-2021-07-03,lotto_america,lotto_america_52_10_2017,2021-07-03,,,7,10,34,48,52,1,data2n-dual-official,OFFICIAL_VERIFIED,DATA2O_OFFLINE_RECONCILIATION,data2o-dual-official,false
lotto-america-2021-07-07,lotto_america,lotto_america_52_10_2017,2021-07-07,,,1,4,19,24,43,3,data2n-dual-official,OFFICIAL_VERIFIED,DATA2O_OFFLINE_RECONCILIATION,data2o-dual-official,false
lotto-america-2021-07-10,lotto_america,lotto_america_52_10_2017,2021-07-10,,,6,14,27,28,43,5,data2n-dual-official,OFFICIAL_VERIFIED,DATA2O_OFFLINE_RECONCILIATION,data2o-dual-official,false
lotto-america-2021-07-14,lotto_america,lotto_america_52_10_2017,2021-07-14,,,19,22,46,48,51,10,data2n-dual-official,OFFICIAL_VERIFIED,DATA2O_OFFLINE_RECONCILIATION,data2o-dual-official,false
lotto-america-2021-07-17,lotto_america,lotto_america_52_10_2017,2021-07-17,,,26,30,37,40,45,5,data2n-dual-official,OFFICIAL_VERIFIED,DATA2O_OFFLINE_RECONCILIATION,data2o-dual-official,false
lotto-america-2021-07-21,lotto_america,lotto_america_52_10_2017,2021-07-21,,,4,12,17,23,52,6,data2n-dual-official,OFFICIAL_VERIFIED,DATA2O_OFFLINE_RECONCILIATION,data2o-dual-official,false
lotto-america-2021-07-24,lotto_america,lotto_america_52_10_2017,2021-07-24,,,7,8,12,25,31,5,data2n-dual-official,OFFICIAL_VERIFIED,DATA2O_OFFLINE_RECONCILIATION,data2o-dual-official,false
lotto-america-2021-07-28,lotto_america,lotto_america_52_10_2017,2021-07-28,,,18,32,46,48,49,4,data2n-dual-official,OFFICIAL_VERIFIED,DATA2O_OFFLINE_RECONCILIATION,data2o-dual-official,false
lotto-america-2021-07-31,lotto_america,lotto_america_52_10_2017,2021-07-31,,,14,19,34,35,38,9,data2n-dual-official,OFFICIAL_VERIFIED,DATA2O_OFFLINE_RECONCILIATION,data2o-dual-official,false
lotto-america-2021-08-04,lotto_america,lotto_america_52_10_2017,2021-08-04,,,12,15,27,38,52,10,data2n-dual-official,OFFICIAL_VERIFIED,DATA2O_OFFLINE_RECONCILIATION,data2o-dual-official,false
lotto-america-2021-08-07,lotto_america,lotto_america_52_10_2017,2021-08-07,,,2,6,34,38,41,8,data2n-dual-official,OFFICIAL_VERIFIED,DATA2O_OFFLINE_RECONCILIATION,data2o-dual-official,false
lotto-america-2021-08-11,lotto_america,lotto_america_52_10_2017,2021-08-11,,,8,21,22,32,34,5,data2n-dual-official,OFFICIAL_VERIFIED,DATA2O_OFFLINE_RECONCILIATION,data2o-dual-official,false
lotto-america-2021-08-14,lotto_america,lotto_america_52_10_2017,2021-08-14,,,8,19,21,35,45,3,data2n-dual-official,OFFICIAL_VERIFIED,DATA2O_OFFLINE_RECONCILIATION,data2o-dual-official,false
lotto-america-2021-08-18,lotto_america,lotto_america_52_10_2017,2021-08-18,,,27,30,38,45,50,3,data2n-dual-official,OFFICIAL_VERIFIED,DATA2O_OFFLINE_RECONCILIATION,data2o-dual-official,false
lotto-america-2021-08-21,lotto_america,lotto_america_52_10_2017,2021-08-21,,,5,10,19,22,35,5,data2n-dual-official,OFFICIAL_VERIFIED,DATA2O_OFFLINE_RECONCILIATION,data2o-dual-official,false
lotto-america-2021-08-25,lotto_america,lotto_america_52_10_2017,2021-08-25,,,3,37,38,43,50,7,data2n-dual-official,OFFICIAL_VERIFIED,DATA2O_OFFLINE_RECONCILIATION,data2o-dual-official,false
lotto-america-2021-08-28,lotto_america,lotto_america_52_10_2017,2021-08-28,,,10,13,33,39,48,3,data2n-dual-official,OFFICIAL_VERIFIED,DATA2O_OFFLINE_RECONCILIATION,data2o-dual-official,false
lotto-america-2021-09-01,lotto_america,lotto_america_52_10_2017,2021-09-01,,,10,15,43,47,49,6,data2n-dual-official,OFFICIAL_VERIFIED,DATA2O_OFFLINE_RECONCILIATION,data2o-dual-official,false
lotto-america-2021-09-04,lotto_america,lotto_america_52_10_2017,2021-09-04,,,1,5,24,25,28,4,data2n-dual-official,OFFICIAL_VERIFIED,DATA2O_OFFLINE_RECONCILIATION,data2o-dual-official,false
lotto-america-2021-09-08,lotto_america,lotto_america_52_10_2017,2021-09-08,,,3,19,36,44,51,3,data2n-dual-official,OFFICIAL_VERIFIED,DATA2O_OFFLINE_RECONCILIATION,data2o-dual-official,false
lotto-america-2021-09-11,lotto_america,lotto_america_52_10_2017,2021-09-11,,,3,14,36,38,52,8,data2n-dual-official,OFFICIAL_VERIFIED,DATA2O_OFFLINE_RECONCILIATION,data2o-dual-official,false
lotto-america-2021-09-15,lotto_america,lotto_america_52_10_2017,2021-09-15,,,8,19,33,34,37,9,data2n-dual-official,OFFICIAL_VERIFIED,DATA2O_OFFLINE_RECONCILIATION,data2o-dual-official,false
lotto-america-2021-09-18,lotto_america,lotto_america_52_10_2017,2021-09-18,,,15,25,27,37,49,6,data2n-dual-official,OFFICIAL_VERIFIED,DATA2O_OFFLINE_RECONCILIATION,data2o-dual-official,false
lotto-america-2021-09-22,lotto_america,lotto_america_52_10_2017,2021-09-22,,,3,16,35,37,41,8,data2n-dual-official,OFFICIAL_VERIFIED,DATA2O_OFFLINE_RECONCILIATION,data2o-dual-official,false
lotto-america-2021-09-25,lotto_america,lotto_america_52_10_2017,2021-09-25,,,1,10,29,32,36,3,data2n-dual-official,OFFICIAL_VERIFIED,DATA2O_OFFLINE_RECONCILIATION,data2o-dual-official,false
lotto-america-2021-09-29,lotto_america,lotto_america_52_10_2017,2021-09-29,,,13,31,32,45,46,7,data2n-dual-official,OFFICIAL_VERIFIED,DATA2O_OFFLINE_RECONCILIATION,data2o-dual-official,false
lotto-america-2021-10-02,lotto_america,lotto_america_52_10_2017,2021-10-02,,,2,21,45,49,50,7,data2n-dual-official,OFFICIAL_VERIFIED,DATA2O_OFFLINE_RECONCILIATION,data2o-dual-official,false
lotto-america-2021-10-06,lotto_america,lotto_america_52_10_2017,2021-10-06,,,11,26,40,44,49,10,data2n-dual-official,OFFICIAL_VERIFIED,DATA2O_OFFLINE_RECONCILIATION,data2o-dual-official,false
lotto-america-2021-10-09,lotto_america,lotto_america_52_10_2017,2021-10-09,,,6,22,45,48,51,4,data2n-dual-official,OFFICIAL_VERIFIED,DATA2O_OFFLINE_RECONCILIATION,data2o-dual-official,false
lotto-america-2021-10-13,lotto_america,lotto_america_52_10_2017,2021-10-13,,,9,14,15,34,44,8,data2n-dual-official,OFFICIAL_VERIFIED,DATA2O_OFFLINE_RECONCILIATION,data2o-dual-official,false
lotto-america-2021-10-16,lotto_america,lotto_america_52_10_2017,2021-10-16,,,3,10,17,40,48,1,data2n-dual-official,OFFICIAL_VERIFIED,DATA2O_OFFLINE_RECONCILIATION,data2o-dual-official,false
lotto-america-2021-10-20,lotto_america,lotto_america_52_10_2017,2021-10-20,,,8,17,20,41,51,3,data2n-dual-official,OFFICIAL_VERIFIED,DATA2O_OFFLINE_RECONCILIATION,data2o-dual-official,false
lotto-america-2021-10-23,lotto_america,lotto_america_52_10_2017,2021-10-23,,,13,25,40,46,48,8,data2n-dual-official,OFFICIAL_VERIFIED,DATA2O_OFFLINE_RECONCILIATION,data2o-dual-official,false
lotto-america-2021-10-27,lotto_america,lotto_america_52_10_2017,2021-10-27,,,1,5,27,36,41,3,data2n-dual-official,OFFICIAL_VERIFIED,DATA2O_OFFLINE_RECONCILIATION,data2o-dual-official,false
lotto-america-2021-10-30,lotto_america,lotto_america_52_10_2017,2021-10-30,,,10,18,21,47,48,1,data2n-dual-official,OFFICIAL_VERIFIED,DATA2O_OFFLINE_RECONCILIATION,data2o-dual-official,false
lotto-america-2021-11-03,lotto_america,lotto_america_52_10_2017,2021-11-03,,,4,8,10,32,40,9,data2n-dual-official,OFFICIAL_VERIFIED,DATA2O_OFFLINE_RECONCILIATION,data2o-dual-official,false
lotto-america-2021-11-06,lotto_america,lotto_america_52_10_2017,2021-11-06,,,6,9,16,32,39,2,data2n-dual-official,OFFICIAL_VERIFIED,DATA2O_OFFLINE_RECONCILIATION,data2o-dual-official,false
lotto-america-2021-11-10,lotto_america,lotto_america_52_10_2017,2021-11-10,,,12,20,32,39,49,10,data2n-dual-official,OFFICIAL_VERIFIED,DATA2O_OFFLINE_RECONCILIATION,data2o-dual-official,false
lotto-america-2021-11-13,lotto_america,lotto_america_52_10_2017,2021-11-13,,,1,10,11,27,35,10,data2n-dual-official,OFFICIAL_VERIFIED,DATA2O_OFFLINE_RECONCILIATION,data2o-dual-official,false
lotto-america-2021-11-17,lotto_america,lotto_america_52_10_2017,2021-11-17,,,6,30,31,40,50,5,data2n-dual-official,OFFICIAL_VERIFIED,DATA2O_OFFLINE_RECONCILIATION,data2o-dual-official,false
lotto-america-2021-11-20,lotto_america,lotto_america_52_10_2017,2021-11-20,,,27,29,33,37,40,9,data2n-dual-official,OFFICIAL_VERIFIED,DATA2O_OFFLINE_RECONCILIATION,data2o-dual-official,false
lotto-america-2021-11-24,lotto_america,lotto_america_52_10_2017,2021-11-24,,,4,10,34,49,52,7,data2n-dual-official,OFFICIAL_VERIFIED,DATA2O_OFFLINE_RECONCILIATION,data2o-dual-official,false
lotto-america-2021-11-27,lotto_america,lotto_america_52_10_2017,2021-11-27,,,5,14,27,49,50,9,data2n-dual-official,OFFICIAL_VERIFIED,DATA2O_OFFLINE_RECONCILIATION,data2o-dual-official,false
lotto-america-2021-12-01,lotto_america,lotto_america_52_10_2017,2021-12-01,,,7,9,23,39,47,3,data2n-dual-official,OFFICIAL_VERIFIED,DATA2O_OFFLINE_RECONCILIATION,data2o-dual-official,false
lotto-america-2021-12-04,lotto_america,lotto_america_52_10_2017,2021-12-04,,,8,23,26,34,50,7,data2n-dual-official,OFFICIAL_VERIFIED,DATA2O_OFFLINE_RECONCILIATION,data2o-dual-official,false
lotto-america-2021-12-08,lotto_america,lotto_america_52_10_2017,2021-12-08,,,2,11,17,41,46,9,data2n-dual-official,OFFICIAL_VERIFIED,DATA2O_OFFLINE_RECONCILIATION,data2o-dual-official,false
lotto-america-2021-12-11,lotto_america,lotto_america_52_10_2017,2021-12-11,,,8,10,17,26,41,9,data2n-dual-official,OFFICIAL_VERIFIED,DATA2O_OFFLINE_RECONCILIATION,data2o-dual-official,false
lotto-america-2021-12-15,lotto_america,lotto_america_52_10_2017,2021-12-15,,,1,9,24,25,47,1,data2n-dual-official,OFFICIAL_VERIFIED,DATA2O_OFFLINE_RECONCILIATION,data2o-dual-official,false
lotto-america-2021-12-18,lotto_america,lotto_america_52_10_2017,2021-12-18,,,15,25,31,45,46,4,data2n-dual-official,OFFICIAL_VERIFIED,DATA2O_OFFLINE_RECONCILIATION,data2o-dual-official,false
lotto-america-2021-12-22,lotto_america,lotto_america_52_10_2017,2021-12-22,,,5,20,21,33,41,8,data2n-dual-official,OFFICIAL_VERIFIED,DATA2O_OFFLINE_RECONCILIATION,data2o-dual-official,false
lotto-america-2021-12-25,lotto_america,lotto_america_52_10_2017,2021-12-25,,,17,27,34,36,38,3,data2n-dual-official,OFFICIAL_VERIFIED,DATA2O_OFFLINE_RECONCILIATION,data2o-dual-official,false
lotto-america-2021-12-29,lotto_america,lotto_america_52_10_2017,2021-12-29,,,11,13,15,20,46,7,data2n-dual-official,OFFICIAL_VERIFIED,DATA2O_OFFLINE_RECONCILIATION,data2o-dual-official,false
lotto-america-2022-01-01,lotto_america,lotto_america_52_10_2017,2022-01-01,,,3,23,33,50,51,4,data2n-dual-official,OFFICIAL_VERIFIED,DATA2O_OFFLINE_RECONCILIATION,data2o-dual-official,false
lotto-america-2022-01-05,lotto_america,lotto_america_52_10_2017,2022-01-05,,,1,4,17,45,50,6,data2n-dual-official,OFFICIAL_VERIFIED,DATA2O_OFFLINE_RECONCILIATION,data2o-dual-official,false
lotto-america-2022-01-08,lotto_america,lotto_america_52_10_2017,2022-01-08,,,5,6,34,37,50,5,data2n-dual-official,OFFICIAL_VERIFIED,DATA2O_OFFLINE_RECONCILIATION,data2o-dual-official,false
lotto-america-2022-01-12,lotto_america,lotto_america_52_10_2017,2022-01-12,,,12,19,27,37,45,9,data2n-dual-official,OFFICIAL_VERIFIED,DATA2O_OFFLINE_RECONCILIATION,data2o-dual-official,false
lotto-america-2022-01-15,lotto_america,lotto_america_52_10_2017,2022-01-15,,,16,22,35,49,52,9,data2n-dual-official,OFFICIAL_VERIFIED,DATA2O_OFFLINE_RECONCILIATION,data2o-dual-official,false
lotto-america-2022-01-19,lotto_america,lotto_america_52_10_2017,2022-01-19,,,16,19,32,35,51,1,data2n-dual-official,OFFICIAL_VERIFIED,DATA2O_OFFLINE_RECONCILIATION,data2o-dual-official,false
lotto-america-2022-01-22,lotto_america,lotto_america_52_10_2017,2022-01-22,,,11,27,29,35,46,9,data2n-dual-official,OFFICIAL_VERIFIED,DATA2O_OFFLINE_RECONCILIATION,data2o-dual-official,false
lotto-america-2022-01-26,lotto_america,lotto_america_52_10_2017,2022-01-26,,,1,8,22,23,29,2,data2n-dual-official,OFFICIAL_VERIFIED,DATA2O_OFFLINE_RECONCILIATION,data2o-dual-official,false
lotto-america-2022-01-29,lotto_america,lotto_america_52_10_2017,2022-01-29,,,5,19,23,30,31,3,data2n-dual-official,OFFICIAL_VERIFIED,DATA2O_OFFLINE_RECONCILIATION,data2o-dual-official,false
lotto-america-2022-02-02,lotto_america,lotto_america_52_10_2017,2022-02-02,,,2,8,18,25,31,2,data2n-dual-official,OFFICIAL_VERIFIED,DATA2O_OFFLINE_RECONCILIATION,data2o-dual-official,false
lotto-america-2022-02-05,lotto_america,lotto_america_52_10_2017,2022-02-05,,,2,4,22,31,35,10,data2n-dual-official,OFFICIAL_VERIFIED,DATA2O_OFFLINE_RECONCILIATION,data2o-dual-official,false
lotto-america-2022-02-09,lotto_america,lotto_america_52_10_2017,2022-02-09,,,2,18,20,32,36,9,data2n-dual-official,OFFICIAL_VERIFIED,DATA2O_OFFLINE_RECONCILIATION,data2o-dual-official,false
lotto-america-2022-02-12,lotto_america,lotto_america_52_10_2017,2022-02-12,,,1,14,28,42,47,8,data2n-dual-official,OFFICIAL_VERIFIED,DATA2O_OFFLINE_RECONCILIATION,data2o-dual-official,false
lotto-america-2022-02-16,lotto_america,lotto_america_52_10_2017,2022-02-16,,,14,15,17,21,25,9,data2n-dual-official,OFFICIAL_VERIFIED,DATA2O_OFFLINE_RECONCILIATION,data2o-dual-official,false
lotto-america-2022-02-19,lotto_america,lotto_america_52_10_2017,2022-02-19,,,16,33,42,46,47,6,data2n-dual-official,OFFICIAL_VERIFIED,DATA2O_OFFLINE_RECONCILIATION,data2o-dual-official,false
lotto-america-2022-02-23,lotto_america,lotto_america_52_10_2017,2022-02-23,,,3,13,29,47,52,1,data2n-dual-official,OFFICIAL_VERIFIED,DATA2O_OFFLINE_RECONCILIATION,data2o-dual-official,false
lotto-america-2022-02-26,lotto_america,lotto_america_52_10_2017,2022-02-26,,,5,13,31,39,48,2,data2n-dual-official,OFFICIAL_VERIFIED,DATA2O_OFFLINE_RECONCILIATION,data2o-dual-official,false
lotto-america-2022-03-02,lotto_america,lotto_america_52_10_2017,2022-03-02,,,8,17,24,26,38,2,data2n-dual-official,OFFICIAL_VERIFIED,DATA2O_OFFLINE_RECONCILIATION,data2o-dual-official,false
lotto-america-2022-03-05,lotto_america,lotto_america_52_10_2017,2022-03-05,,,1,10,30,36,49,3,data2n-dual-official,OFFICIAL_VERIFIED,DATA2O_OFFLINE_RECONCILIATION,data2o-dual-official,false
lotto-america-2022-03-09,lotto_america,lotto_america_52_10_2017,2022-03-09,,,1,3,6,8,49,2,data2n-dual-official,OFFICIAL_VERIFIED,DATA2O_OFFLINE_RECONCILIATION,data2o-dual-official,false
lotto-america-2022-03-12,lotto_america,lotto_america_52_10_2017,2022-03-12,,,4,19,22,43,48,9,data2n-dual-official,OFFICIAL_VERIFIED,DATA2O_OFFLINE_RECONCILIATION,data2o-dual-official,false
lotto-america-2022-03-16,lotto_america,lotto_america_52_10_2017,2022-03-16,,,2,16,34,40,41,7,data2n-dual-official,OFFICIAL_VERIFIED,DATA2O_OFFLINE_RECONCILIATION,data2o-dual-official,false
lotto-america-2022-03-19,lotto_america,lotto_america_52_10_2017,2022-03-19,,,1,7,11,27,32,8,data2n-dual-official,OFFICIAL_VERIFIED,DATA2O_OFFLINE_RECONCILIATION,data2o-dual-official,false
lotto-america-2022-03-23,lotto_america,lotto_america_52_10_2017,2022-03-23,,,36,45,47,51,52,6,data2n-dual-official,OFFICIAL_VERIFIED,DATA2O_OFFLINE_RECONCILIATION,data2o-dual-official,false
lotto-america-2022-03-26,lotto_america,lotto_america_52_10_2017,2022-03-26,,,6,20,22,29,40,9,data2n-dual-official,OFFICIAL_VERIFIED,DATA2O_OFFLINE_RECONCILIATION,data2o-dual-official,false
lotto-america-2022-03-30,lotto_america,lotto_america_52_10_2017,2022-03-30,,,1,6,23,35,36,8,data2n-dual-official,OFFICIAL_VERIFIED,DATA2O_OFFLINE_RECONCILIATION,data2o-dual-official,false
lotto-america-2022-04-02,lotto_america,lotto_america_52_10_2017,2022-04-02,,,3,4,11,43,44,8,data2n-dual-official,OFFICIAL_VERIFIED,DATA2O_OFFLINE_RECONCILIATION,data2o-dual-official,false
lotto-america-2022-04-06,lotto_america,lotto_america_52_10_2017,2022-04-06,,,22,27,38,42,43,4,data2n-dual-official,OFFICIAL_VERIFIED,DATA2O_OFFLINE_RECONCILIATION,data2o-dual-official,false
lotto-america-2022-04-09,lotto_america,lotto_america_52_10_2017,2022-04-09,,,7,10,20,36,37,5,data2n-dual-official,OFFICIAL_VERIFIED,DATA2O_OFFLINE_RECONCILIATION,data2o-dual-official,false
lotto-america-2022-04-13,lotto_america,lotto_america_52_10_2017,2022-04-13,,,10,25,32,33,52,9,data2n-dual-official,OFFICIAL_VERIFIED,DATA2O_OFFLINE_RECONCILIATION,data2o-dual-official,false
lotto-america-2022-04-16,lotto_america,lotto_america_52_10_2017,2022-04-16,,,8,10,14,18,23,2,data2n-dual-official,OFFICIAL_VERIFIED,DATA2O_OFFLINE_RECONCILIATION,data2o-dual-official,false
lotto-america-2022-04-20,lotto_america,lotto_america_52_10_2017,2022-04-20,,,1,3,25,29,30,6,data2n-dual-official,OFFICIAL_VERIFIED,DATA2O_OFFLINE_RECONCILIATION,data2o-dual-official,false
lotto-america-2022-04-23,lotto_america,lotto_america_52_10_2017,2022-04-23,,,6,15,31,43,46,3,data2n-dual-official,OFFICIAL_VERIFIED,DATA2O_OFFLINE_RECONCILIATION,data2o-dual-official,false
lotto-america-2022-04-27,lotto_america,lotto_america_52_10_2017,2022-04-27,,,10,24,35,36,50,3,data2n-dual-official,OFFICIAL_VERIFIED,DATA2O_OFFLINE_RECONCILIATION,data2o-dual-official,false
lotto-america-2022-04-30,lotto_america,lotto_america_52_10_2017,2022-04-30,,,7,14,30,44,45,3,data2n-dual-official,OFFICIAL_VERIFIED,DATA2O_OFFLINE_RECONCILIATION,data2o-dual-official,false
lotto-america-2022-05-04,lotto_america,lotto_america_52_10_2017,2022-05-04,,,5,27,29,36,47,7,data2n-dual-official,OFFICIAL_VERIFIED,DATA2O_OFFLINE_RECONCILIATION,data2o-dual-official,false
lotto-america-2022-05-07,lotto_america,lotto_america_52_10_2017,2022-05-07,,,18,32,43,48,51,10,data2n-dual-official,OFFICIAL_VERIFIED,DATA2O_OFFLINE_RECONCILIATION,data2o-dual-official,false
lotto-america-2022-05-11,lotto_america,lotto_america_52_10_2017,2022-05-11,,,26,29,32,36,48,7,data2n-dual-official,OFFICIAL_VERIFIED,DATA2O_OFFLINE_RECONCILIATION,data2o-dual-official,false
lotto-america-2022-05-14,lotto_america,lotto_america_52_10_2017,2022-05-14,,,1,10,30,33,44,2,data2n-dual-official,OFFICIAL_VERIFIED,DATA2O_OFFLINE_RECONCILIATION,data2o-dual-official,false
lotto-america-2022-05-18,lotto_america,lotto_america_52_10_2017,2022-05-18,,,8,18,24,31,46,2,data2n-dual-official,OFFICIAL_VERIFIED,DATA2O_OFFLINE_RECONCILIATION,data2o-dual-official,false
lotto-america-2022-05-21,lotto_america,lotto_america_52_10_2017,2022-05-21,,,11,21,29,32,46,8,data2n-dual-official,OFFICIAL_VERIFIED,DATA2O_OFFLINE_RECONCILIATION,data2o-dual-official,false
lotto-america-2022-05-25,lotto_america,lotto_america_52_10_2017,2022-05-25,,,5,11,17,21,49,5,data2n-dual-official,OFFICIAL_VERIFIED,DATA2O_OFFLINE_RECONCILIATION,data2o-dual-official,false
lotto-america-2022-05-28,lotto_america,lotto_america_52_10_2017,2022-05-28,,,7,20,40,42,52,4,data2n-dual-official,OFFICIAL_VERIFIED,DATA2O_OFFLINE_RECONCILIATION,data2o-dual-official,false
lotto-america-2022-06-01,lotto_america,lotto_america_52_10_2017,2022-06-01,,,4,9,10,15,30,5,data2n-dual-official,OFFICIAL_VERIFIED,DATA2O_OFFLINE_RECONCILIATION,data2o-dual-official,false
lotto-america-2022-06-04,lotto_america,lotto_america_52_10_2017,2022-06-04,,,9,14,33,45,46,9,data2n-dual-official,OFFICIAL_VERIFIED,DATA2O_OFFLINE_RECONCILIATION,data2o-dual-official,false
lotto-america-2022-06-08,lotto_america,lotto_america_52_10_2017,2022-06-08,,,2,15,29,39,42,1,data2n-dual-official,OFFICIAL_VERIFIED,DATA2O_OFFLINE_RECONCILIATION,data2o-dual-official,false
lotto-america-2022-06-11,lotto_america,lotto_america_52_10_2017,2022-06-11,,,14,25,29,33,37,4,data2n-dual-official,OFFICIAL_VERIFIED,DATA2O_OFFLINE_RECONCILIATION,data2o-dual-official,false
lotto-america-2022-06-15,lotto_america,lotto_america_52_10_2017,2022-06-15,,,12,19,35,38,48,4,data2n-dual-official,OFFICIAL_VERIFIED,DATA2O_OFFLINE_RECONCILIATION,data2o-dual-official,false
lotto-america-2022-06-18,lotto_america,lotto_america_52_10_2017,2022-06-18,,,26,28,32,46,48,1,data2n-dual-official,OFFICIAL_VERIFIED,DATA2O_OFFLINE_RECONCILIATION,data2o-dual-official,false
lotto-america-2022-06-22,lotto_america,lotto_america_52_10_2017,2022-06-22,,,3,13,33,37,45,10,data2n-dual-official,OFFICIAL_VERIFIED,DATA2O_OFFLINE_RECONCILIATION,data2o-dual-official,false
lotto-america-2022-06-25,lotto_america,lotto_america_52_10_2017,2022-06-25,,,12,28,30,34,39,6,data2n-dual-official,OFFICIAL_VERIFIED,DATA2O_OFFLINE_RECONCILIATION,data2o-dual-official,false
lotto-america-2022-06-29,lotto_america,lotto_america_52_10_2017,2022-06-29,,,17,29,33,40,52,10,data2n-dual-official,OFFICIAL_VERIFIED,DATA2O_OFFLINE_RECONCILIATION,data2o-dual-official,false
lotto-america-2022-07-02,lotto_america,lotto_america_52_10_2017,2022-07-02,,,9,19,43,44,50,8,data2n-dual-official,OFFICIAL_VERIFIED,DATA2O_OFFLINE_RECONCILIATION,data2o-dual-official,false
lotto-america-2022-07-06,lotto_america,lotto_america_52_10_2017,2022-07-06,,,1,3,8,14,50,1,data2n-dual-official,OFFICIAL_VERIFIED,DATA2O_OFFLINE_RECONCILIATION,data2o-dual-official,false
lotto-america-2022-07-09,lotto_america,lotto_america_52_10_2017,2022-07-09,,,6,11,26,32,35,10,data2n-dual-official,OFFICIAL_VERIFIED,DATA2O_OFFLINE_RECONCILIATION,data2o-dual-official,false
lotto-america-2022-07-13,lotto_america,lotto_america_52_10_2017,2022-07-13,,,1,18,21,26,39,8,data2n-dual-official,OFFICIAL_VERIFIED,DATA2O_OFFLINE_RECONCILIATION,data2o-dual-official,false
lotto-america-2022-07-16,lotto_america,lotto_america_52_10_2017,2022-07-16,,,7,11,28,30,49,1,data2n-dual-official,OFFICIAL_VERIFIED,DATA2O_OFFLINE_RECONCILIATION,data2o-dual-official,false
lotto-america-2022-07-18,lotto_america,lotto_america_52_10_2017,2022-07-18,,,18,30,35,45,46,7,data2n-dual-official,OFFICIAL_VERIFIED,DATA2O_OFFLINE_RECONCILIATION,data2o-dual-official,false
lotto-america-2022-07-20,lotto_america,lotto_america_52_10_2017,2022-07-20,,,1,15,23,42,48,3,data2n-dual-official,OFFICIAL_VERIFIED,DATA2O_OFFLINE_RECONCILIATION,data2o-dual-official,false
lotto-america-2022-07-23,lotto_america,lotto_america_52_10_2017,2022-07-23,,,14,22,24,25,48,4,data2n-dual-official,OFFICIAL_VERIFIED,DATA2O_OFFLINE_RECONCILIATION,data2o-dual-official,false
lotto-america-2022-07-25,lotto_america,lotto_america_52_10_2017,2022-07-25,,,26,31,37,48,52,4,data2n-dual-official,OFFICIAL_VERIFIED,DATA2O_OFFLINE_RECONCILIATION,data2o-dual-official,false
lotto-america-2022-07-27,lotto_america,lotto_america_52_10_2017,2022-07-27,,,15,23,27,30,44,5,data2n-dual-official,OFFICIAL_VERIFIED,DATA2O_OFFLINE_RECONCILIATION,data2o-dual-official,false
lotto-america-2022-07-30,lotto_america,lotto_america_52_10_2017,2022-07-30,,,17,22,24,25,36,5,data2n-dual-official,OFFICIAL_VERIFIED,DATA2O_OFFLINE_RECONCILIATION,data2o-dual-official,false
lotto-america-2022-08-01,lotto_america,lotto_america_52_10_2017,2022-08-01,,,21,24,42,48,51,10,data2n-dual-official,OFFICIAL_VERIFIED,DATA2O_OFFLINE_RECONCILIATION,data2o-dual-official,false
lotto-america-2022-08-03,lotto_america,lotto_america_52_10_2017,2022-08-03,,,13,20,35,42,43,8,data2n-dual-official,OFFICIAL_VERIFIED,DATA2O_OFFLINE_RECONCILIATION,data2o-dual-official,false
lotto-america-2022-08-06,lotto_america,lotto_america_52_10_2017,2022-08-06,,,1,8,13,18,40,1,data2n-dual-official,OFFICIAL_VERIFIED,DATA2O_OFFLINE_RECONCILIATION,data2o-dual-official,false
lotto-america-2022-08-08,lotto_america,lotto_america_52_10_2017,2022-08-08,,,2,15,17,31,48,8,data2n-dual-official,OFFICIAL_VERIFIED,DATA2O_OFFLINE_RECONCILIATION,data2o-dual-official,false
lotto-america-2022-08-10,lotto_america,lotto_america_52_10_2017,2022-08-10,,,4,6,15,44,50,3,data2n-dual-official,OFFICIAL_VERIFIED,DATA2O_OFFLINE_RECONCILIATION,data2o-dual-official,false
lotto-america-2022-08-13,lotto_america,lotto_america_52_10_2017,2022-08-13,,,12,14,27,43,47,7,data2n-dual-official,OFFICIAL_VERIFIED,DATA2O_OFFLINE_RECONCILIATION,data2o-dual-official,false
lotto-america-2022-08-15,lotto_america,lotto_america_52_10_2017,2022-08-15,,,8,15,22,49,50,3,data2n-dual-official,OFFICIAL_VERIFIED,DATA2O_OFFLINE_RECONCILIATION,data2o-dual-official,false
lotto-america-2022-08-17,lotto_america,lotto_america_52_10_2017,2022-08-17,,,4,17,23,37,38,2,data2n-dual-official,OFFICIAL_VERIFIED,DATA2O_OFFLINE_RECONCILIATION,data2o-dual-official,false
lotto-america-2022-08-20,lotto_america,lotto_america_52_10_2017,2022-08-20,,,20,27,35,37,52,6,data2n-dual-official,OFFICIAL_VERIFIED,DATA2O_OFFLINE_RECONCILIATION,data2o-dual-official,false
lotto-america-2022-08-22,lotto_america,lotto_america_52_10_2017,2022-08-22,,,16,22,34,48,52,8,data2n-dual-official,OFFICIAL_VERIFIED,DATA2O_OFFLINE_RECONCILIATION,data2o-dual-official,false
lotto-america-2022-08-24,lotto_america,lotto_america_52_10_2017,2022-08-24,,,20,22,26,27,49,4,data2n-dual-official,OFFICIAL_VERIFIED,DATA2O_OFFLINE_RECONCILIATION,data2o-dual-official,false
lotto-america-2022-08-27,lotto_america,lotto_america_52_10_2017,2022-08-27,,,5,9,19,34,51,2,data2n-dual-official,OFFICIAL_VERIFIED,DATA2O_OFFLINE_RECONCILIATION,data2o-dual-official,false
lotto-america-2022-08-29,lotto_america,lotto_america_52_10_2017,2022-08-29,,,4,16,17,22,43,5,data2n-dual-official,OFFICIAL_VERIFIED,DATA2O_OFFLINE_RECONCILIATION,data2o-dual-official,false
lotto-america-2022-08-31,lotto_america,lotto_america_52_10_2017,2022-08-31,,,4,22,41,43,52,4,data2n-dual-official,OFFICIAL_VERIFIED,DATA2O_OFFLINE_RECONCILIATION,data2o-dual-official,false
lotto-america-2022-09-03,lotto_america,lotto_america_52_10_2017,2022-09-03,,,6,8,13,26,30,4,data2n-dual-official,OFFICIAL_VERIFIED,DATA2O_OFFLINE_RECONCILIATION,data2o-dual-official,false
lotto-america-2022-09-05,lotto_america,lotto_america_52_10_2017,2022-09-05,,,2,30,36,39,46,7,data2n-dual-official,OFFICIAL_VERIFIED,DATA2O_OFFLINE_RECONCILIATION,data2o-dual-official,false
lotto-america-2022-09-07,lotto_america,lotto_america_52_10_2017,2022-09-07,,,23,32,46,47,50,5,data2n-dual-official,OFFICIAL_VERIFIED,DATA2O_OFFLINE_RECONCILIATION,data2o-dual-official,false
lotto-america-2022-09-10,lotto_america,lotto_america_52_10_2017,2022-09-10,,,19,24,32,33,52,6,data2n-dual-official,OFFICIAL_VERIFIED,DATA2O_OFFLINE_RECONCILIATION,data2o-dual-official,false
lotto-america-2022-09-12,lotto_america,lotto_america_52_10_2017,2022-09-12,,,1,6,9,11,20,2,data2n-dual-official,OFFICIAL_VERIFIED,DATA2O_OFFLINE_RECONCILIATION,data2o-dual-official,false
lotto-america-2022-09-14,lotto_america,lotto_america_52_10_2017,2022-09-14,,,9,13,15,29,32,7,data2n-dual-official,OFFICIAL_VERIFIED,DATA2O_OFFLINE_RECONCILIATION,data2o-dual-official,false
lotto-america-2022-09-17,lotto_america,lotto_america_52_10_2017,2022-09-17,,,5,9,14,28,52,3,data2n-dual-official,OFFICIAL_VERIFIED,DATA2O_OFFLINE_RECONCILIATION,data2o-dual-official,false
lotto-america-2022-09-19,lotto_america,lotto_america_52_10_2017,2022-09-19,,,12,31,45,47,48,6,data2n-dual-official,OFFICIAL_VERIFIED,DATA2O_OFFLINE_RECONCILIATION,data2o-dual-official,false
lotto-america-2022-09-21,lotto_america,lotto_america_52_10_2017,2022-09-21,,,6,32,38,43,45,8,data2n-dual-official,OFFICIAL_VERIFIED,DATA2O_OFFLINE_RECONCILIATION,data2o-dual-official,false
lotto-america-2022-09-24,lotto_america,lotto_america_52_10_2017,2022-09-24,,,3,20,33,34,42,6,data2n-dual-official,OFFICIAL_VERIFIED,DATA2O_OFFLINE_RECONCILIATION,data2o-dual-official,false
lotto-america-2022-09-26,lotto_america,lotto_america_52_10_2017,2022-09-26,,,21,22,24,46,51,6,data2n-dual-official,OFFICIAL_VERIFIED,DATA2O_OFFLINE_RECONCILIATION,data2o-dual-official,false
lotto-america-2022-09-28,lotto_america,lotto_america_52_10_2017,2022-09-28,,,13,38,39,44,45,6,data2n-dual-official,OFFICIAL_VERIFIED,DATA2O_OFFLINE_RECONCILIATION,data2o-dual-official,false
lotto-america-2022-10-01,lotto_america,lotto_america_52_10_2017,2022-10-01,,,5,7,13,16,38,10,data2n-dual-official,OFFICIAL_VERIFIED,DATA2O_OFFLINE_RECONCILIATION,data2o-dual-official,false
lotto-america-2022-10-03,lotto_america,lotto_america_52_10_2017,2022-10-03,,,6,7,9,28,39,2,data2n-dual-official,OFFICIAL_VERIFIED,DATA2O_OFFLINE_RECONCILIATION,data2o-dual-official,false
lotto-america-2022-10-05,lotto_america,lotto_america_52_10_2017,2022-10-05,,,14,21,37,38,47,5,data2n-dual-official,OFFICIAL_VERIFIED,DATA2O_OFFLINE_RECONCILIATION,data2o-dual-official,false
lotto-america-2022-10-08,lotto_america,lotto_america_52_10_2017,2022-10-08,,,1,4,9,14,49,3,data2n-dual-official,OFFICIAL_VERIFIED,DATA2O_OFFLINE_RECONCILIATION,data2o-dual-official,false
lotto-america-2022-10-10,lotto_america,lotto_america_52_10_2017,2022-10-10,,,4,8,14,32,44,4,data2n-dual-official,OFFICIAL_VERIFIED,DATA2O_OFFLINE_RECONCILIATION,data2o-dual-official,false
lotto-america-2022-10-12,lotto_america,lotto_america_52_10_2017,2022-10-12,,,2,14,20,40,48,2,data2n-dual-official,OFFICIAL_VERIFIED,DATA2O_OFFLINE_RECONCILIATION,data2o-dual-official,false
lotto-america-2022-10-15,lotto_america,lotto_america_52_10_2017,2022-10-15,,,3,16,24,26,50,1,data2n-dual-official,OFFICIAL_VERIFIED,DATA2O_OFFLINE_RECONCILIATION,data2o-dual-official,false
lotto-america-2022-10-17,lotto_america,lotto_america_52_10_2017,2022-10-17,,,19,20,24,30,39,7,data2n-dual-official,OFFICIAL_VERIFIED,DATA2O_OFFLINE_RECONCILIATION,data2o-dual-official,false
lotto-america-2022-10-19,lotto_america,lotto_america_52_10_2017,2022-10-19,,,8,30,35,44,52,7,data2n-dual-official,OFFICIAL_VERIFIED,DATA2O_OFFLINE_RECONCILIATION,data2o-dual-official,false
lotto-america-2022-10-22,lotto_america,lotto_america_52_10_2017,2022-10-22,,,5,19,44,49,52,2,data2n-dual-official,OFFICIAL_VERIFIED,DATA2O_OFFLINE_RECONCILIATION,data2o-dual-official,false
lotto-america-2022-10-24,lotto_america,lotto_america_52_10_2017,2022-10-24,,,17,19,22,31,52,4,data2n-dual-official,OFFICIAL_VERIFIED,DATA2O_OFFLINE_RECONCILIATION,data2o-dual-official,false
lotto-america-2022-10-26,lotto_america,lotto_america_52_10_2017,2022-10-26,,,1,10,26,35,39,6,data2n-dual-official,OFFICIAL_VERIFIED,DATA2O_OFFLINE_RECONCILIATION,data2o-dual-official,false
lotto-america-2022-10-29,lotto_america,lotto_america_52_10_2017,2022-10-29,,,14,16,27,38,49,4,data2n-dual-official,OFFICIAL_VERIFIED,DATA2O_OFFLINE_RECONCILIATION,data2o-dual-official,false
lotto-america-2022-10-31,lotto_america,lotto_america_52_10_2017,2022-10-31,,,4,23,26,48,51,4,data2n-dual-official,OFFICIAL_VERIFIED,DATA2O_OFFLINE_RECONCILIATION,data2o-dual-official,false
lotto-america-2022-11-02,lotto_america,lotto_america_52_10_2017,2022-11-02,,,12,19,37,50,52,9,data2n-dual-official,OFFICIAL_VERIFIED,DATA2O_OFFLINE_RECONCILIATION,data2o-dual-official,false
lotto-america-2022-11-05,lotto_america,lotto_america_52_10_2017,2022-11-05,,,5,20,25,40,46,1,data2n-dual-official,OFFICIAL_VERIFIED,DATA2O_OFFLINE_RECONCILIATION,data2o-dual-official,false
lotto-america-2022-11-07,lotto_america,lotto_america_52_10_2017,2022-11-07,,,5,13,15,17,20,9,data2n-dual-official,OFFICIAL_VERIFIED,DATA2O_OFFLINE_RECONCILIATION,data2o-dual-official,false
lotto-america-2022-11-09,lotto_america,lotto_america_52_10_2017,2022-11-09,,,1,5,7,15,52,4,data2n-dual-official,OFFICIAL_VERIFIED,DATA2O_OFFLINE_RECONCILIATION,data2o-dual-official,false
lotto-america-2022-11-12,lotto_america,lotto_america_52_10_2017,2022-11-12,,,8,20,21,26,38,10,data2n-dual-official,OFFICIAL_VERIFIED,DATA2O_OFFLINE_RECONCILIATION,data2o-dual-official,false
lotto-america-2022-11-14,lotto_america,lotto_america_52_10_2017,2022-11-14,,,9,23,29,40,49,10,data2n-dual-official,OFFICIAL_VERIFIED,DATA2O_OFFLINE_RECONCILIATION,data2o-dual-official,false
lotto-america-2022-11-16,lotto_america,lotto_america_52_10_2017,2022-11-16,,,3,19,26,43,50,2,data2n-dual-official,OFFICIAL_VERIFIED,DATA2O_OFFLINE_RECONCILIATION,data2o-dual-official,false
lotto-america-2022-11-19,lotto_america,lotto_america_52_10_2017,2022-11-19,,,9,16,19,32,48,5,data2n-dual-official,OFFICIAL_VERIFIED,DATA2O_OFFLINE_RECONCILIATION,data2o-dual-official,false
lotto-america-2022-11-21,lotto_america,lotto_america_52_10_2017,2022-11-21,,,3,12,14,29,32,4,data2n-dual-official,OFFICIAL_VERIFIED,DATA2O_OFFLINE_RECONCILIATION,data2o-dual-official,false
lotto-america-2022-11-23,lotto_america,lotto_america_52_10_2017,2022-11-23,,,12,21,29,35,42,3,data2n-dual-official,OFFICIAL_VERIFIED,DATA2O_OFFLINE_RECONCILIATION,data2o-dual-official,false
lotto-america-2022-11-26,lotto_america,lotto_america_52_10_2017,2022-11-26,,,1,27,31,46,52,7,data2n-dual-official,OFFICIAL_VERIFIED,DATA2O_OFFLINE_RECONCILIATION,data2o-dual-official,false
lotto-america-2022-11-28,lotto_america,lotto_america_52_10_2017,2022-11-28,,,5,6,29,34,49,4,data2n-dual-official,OFFICIAL_VERIFIED,DATA2O_OFFLINE_RECONCILIATION,data2o-dual-official,false
lotto-america-2022-11-30,lotto_america,lotto_america_52_10_2017,2022-11-30,,,12,21,35,42,45,6,data2n-dual-official,OFFICIAL_VERIFIED,DATA2O_OFFLINE_RECONCILIATION,data2o-dual-official,false
lotto-america-2022-12-03,lotto_america,lotto_america_52_10_2017,2022-12-03,,,30,32,36,42,43,10,data2n-dual-official,OFFICIAL_VERIFIED,DATA2O_OFFLINE_RECONCILIATION,data2o-dual-official,false
lotto-america-2022-12-05,lotto_america,lotto_america_52_10_2017,2022-12-05,,,4,13,17,24,34,1,data2n-dual-official,OFFICIAL_VERIFIED,DATA2O_OFFLINE_RECONCILIATION,data2o-dual-official,false
lotto-america-2022-12-07,lotto_america,lotto_america_52_10_2017,2022-12-07,,,2,19,22,47,48,5,data2n-dual-official,OFFICIAL_VERIFIED,DATA2O_OFFLINE_RECONCILIATION,data2o-dual-official,false
lotto-america-2022-12-10,lotto_america,lotto_america_52_10_2017,2022-12-10,,,2,17,29,31,43,10,data2n-dual-official,OFFICIAL_VERIFIED,DATA2O_OFFLINE_RECONCILIATION,data2o-dual-official,false
lotto-america-2022-12-12,lotto_america,lotto_america_52_10_2017,2022-12-12,,,3,23,31,33,51,7,data2n-dual-official,OFFICIAL_VERIFIED,DATA2O_OFFLINE_RECONCILIATION,data2o-dual-official,false
lotto-america-2022-12-14,lotto_america,lotto_america_52_10_2017,2022-12-14,,,18,21,22,30,32,3,data2n-dual-official,OFFICIAL_VERIFIED,DATA2O_OFFLINE_RECONCILIATION,data2o-dual-official,false
lotto-america-2022-12-17,lotto_america,lotto_america_52_10_2017,2022-12-17,,,7,12,16,40,49,1,data2n-dual-official,OFFICIAL_VERIFIED,DATA2O_OFFLINE_RECONCILIATION,data2o-dual-official,false
lotto-america-2022-12-19,lotto_america,lotto_america_52_10_2017,2022-12-19,,,4,10,25,34,50,5,data2n-dual-official,OFFICIAL_VERIFIED,DATA2O_OFFLINE_RECONCILIATION,data2o-dual-official,false
lotto-america-2022-12-21,lotto_america,lotto_america_52_10_2017,2022-12-21,,,12,14,23,38,45,2,data2n-dual-official,OFFICIAL_VERIFIED,DATA2O_OFFLINE_RECONCILIATION,data2o-dual-official,false
lotto-america-2022-12-24,lotto_america,lotto_america_52_10_2017,2022-12-24,,,7,12,40,44,48,1,data2n-dual-official,OFFICIAL_VERIFIED,DATA2O_OFFLINE_RECONCILIATION,data2o-dual-official,false
lotto-america-2022-12-26,lotto_america,lotto_america_52_10_2017,2022-12-26,,,4,11,26,49,51,10,data2n-dual-official,OFFICIAL_VERIFIED,DATA2O_OFFLINE_RECONCILIATION,data2o-dual-official,false
lotto-america-2022-12-28,lotto_america,lotto_america_52_10_2017,2022-12-28,,,2,10,21,44,45,7,data2n-dual-official,OFFICIAL_VERIFIED,DATA2O_OFFLINE_RECONCILIATION,data2o-dual-official,false
lotto-america-2022-12-31,lotto_america,lotto_america_52_10_2017,2022-12-31,,,9,29,30,35,42,8,data2n-dual-official,OFFICIAL_VERIFIED,DATA2O_OFFLINE_RECONCILIATION,data2o-dual-official,false
lotto-america-2023-01-02,lotto_america,lotto_america_52_10_2017,2023-01-02,,,10,12,13,27,50,7,data2n-dual-official,OFFICIAL_VERIFIED,DATA2O_OFFLINE_RECONCILIATION,data2o-dual-official,false
lotto-america-2023-01-04,lotto_america,lotto_america_52_10_2017,2023-01-04,,,2,12,30,37,46,1,data2n-dual-official,OFFICIAL_VERIFIED,DATA2O_OFFLINE_RECONCILIATION,data2o-dual-official,false
lotto-america-2023-01-07,lotto_america,lotto_america_52_10_2017,2023-01-07,,,26,28,32,36,49,8,data2n-dual-official,OFFICIAL_VERIFIED,DATA2O_OFFLINE_RECONCILIATION,data2o-dual-official,false
lotto-america-2023-01-09,lotto_america,lotto_america_52_10_2017,2023-01-09,,,27,32,34,39,43,7,data2n-dual-official,OFFICIAL_VERIFIED,DATA2O_OFFLINE_RECONCILIATION,data2o-dual-official,false
lotto-america-2023-01-11,lotto_america,lotto_america_52_10_2017,2023-01-11,,,5,23,45,46,51,3,data2n-dual-official,OFFICIAL_VERIFIED,DATA2O_OFFLINE_RECONCILIATION,data2o-dual-official,false
lotto-america-2023-01-14,lotto_america,lotto_america_52_10_2017,2023-01-14,,,25,35,37,38,48,5,data2n-dual-official,OFFICIAL_VERIFIED,DATA2O_OFFLINE_RECONCILIATION,data2o-dual-official,false
lotto-america-2023-01-16,lotto_america,lotto_america_52_10_2017,2023-01-16,,,7,20,21,27,52,4,data2n-dual-official,OFFICIAL_VERIFIED,DATA2O_OFFLINE_RECONCILIATION,data2o-dual-official,false
lotto-america-2023-01-18,lotto_america,lotto_america_52_10_2017,2023-01-18,,,12,18,24,27,45,1,data2n-dual-official,OFFICIAL_VERIFIED,DATA2O_OFFLINE_RECONCILIATION,data2o-dual-official,false
lotto-america-2023-01-21,lotto_america,lotto_america_52_10_2017,2023-01-21,,,25,27,29,35,50,6,data2n-dual-official,OFFICIAL_VERIFIED,DATA2O_OFFLINE_RECONCILIATION,data2o-dual-official,false
lotto-america-2023-01-23,lotto_america,lotto_america_52_10_2017,2023-01-23,,,6,8,16,43,47,9,data2n-dual-official,OFFICIAL_VERIFIED,DATA2O_OFFLINE_RECONCILIATION,data2o-dual-official,false
lotto-america-2023-01-25,lotto_america,lotto_america_52_10_2017,2023-01-25,,,9,15,28,47,49,7,data2n-dual-official,OFFICIAL_VERIFIED,DATA2O_OFFLINE_RECONCILIATION,data2o-dual-official,false
lotto-america-2023-01-28,lotto_america,lotto_america_52_10_2017,2023-01-28,,,1,24,34,37,52,9,data2n-dual-official,OFFICIAL_VERIFIED,DATA2O_OFFLINE_RECONCILIATION,data2o-dual-official,false
lotto-america-2023-01-30,lotto_america,lotto_america_52_10_2017,2023-01-30,,,2,16,28,32,38,8,data2n-dual-official,OFFICIAL_VERIFIED,DATA2O_OFFLINE_RECONCILIATION,data2o-dual-official,false
lotto-america-2023-02-01,lotto_america,lotto_america_52_10_2017,2023-02-01,,,10,16,33,34,45,4,data2n-dual-official,OFFICIAL_VERIFIED,DATA2O_OFFLINE_RECONCILIATION,data2o-dual-official,false
lotto-america-2023-02-04,lotto_america,lotto_america_52_10_2017,2023-02-04,,,8,17,18,21,52,5,data2n-dual-official,OFFICIAL_VERIFIED,DATA2O_OFFLINE_RECONCILIATION,data2o-dual-official,false
lotto-america-2023-02-06,lotto_america,lotto_america_52_10_2017,2023-02-06,,,3,4,20,32,35,6,data2n-dual-official,OFFICIAL_VERIFIED,DATA2O_OFFLINE_RECONCILIATION,data2o-dual-official,false
lotto-america-2023-02-08,lotto_america,lotto_america_52_10_2017,2023-02-08,,,4,5,29,36,37,7,data2n-dual-official,OFFICIAL_VERIFIED,DATA2O_OFFLINE_RECONCILIATION,data2o-dual-official,false
lotto-america-2023-02-11,lotto_america,lotto_america_52_10_2017,2023-02-11,,,2,3,24,28,46,9,data2n-dual-official,OFFICIAL_VERIFIED,DATA2O_OFFLINE_RECONCILIATION,data2o-dual-official,false
lotto-america-2023-02-13,lotto_america,lotto_america_52_10_2017,2023-02-13,,,2,17,21,22,26,10,data2n-dual-official,OFFICIAL_VERIFIED,DATA2O_OFFLINE_RECONCILIATION,data2o-dual-official,false
lotto-america-2023-02-15,lotto_america,lotto_america_52_10_2017,2023-02-15,,,3,11,32,37,43,1,data2n-dual-official,OFFICIAL_VERIFIED,DATA2O_OFFLINE_RECONCILIATION,data2o-dual-official,false
lotto-america-2023-02-18,lotto_america,lotto_america_52_10_2017,2023-02-18,,,5,17,25,48,52,1,data2n-dual-official,OFFICIAL_VERIFIED,DATA2O_OFFLINE_RECONCILIATION,data2o-dual-official,false
lotto-america-2023-02-20,lotto_america,lotto_america_52_10_2017,2023-02-20,,,4,10,19,27,39,10,data2n-dual-official,OFFICIAL_VERIFIED,DATA2O_OFFLINE_RECONCILIATION,data2o-dual-official,false
lotto-america-2023-02-22,lotto_america,lotto_america_52_10_2017,2023-02-22,,,6,24,25,31,38,7,data2n-dual-official,OFFICIAL_VERIFIED,DATA2O_OFFLINE_RECONCILIATION,data2o-dual-official,false
lotto-america-2023-02-25,lotto_america,lotto_america_52_10_2017,2023-02-25,,,14,22,34,39,50,8,data2n-dual-official,OFFICIAL_VERIFIED,DATA2O_OFFLINE_RECONCILIATION,data2o-dual-official,false
lotto-america-2023-02-27,lotto_america,lotto_america_52_10_2017,2023-02-27,,,12,17,41,43,51,5,data2n-dual-official,OFFICIAL_VERIFIED,DATA2O_OFFLINE_RECONCILIATION,data2o-dual-official,false
lotto-america-2023-03-01,lotto_america,lotto_america_52_10_2017,2023-03-01,,,8,14,17,38,41,7,data2n-dual-official,OFFICIAL_VERIFIED,DATA2O_OFFLINE_RECONCILIATION,data2o-dual-official,false
lotto-america-2023-03-04,lotto_america,lotto_america_52_10_2017,2023-03-04,,,2,5,24,32,52,4,data2n-dual-official,OFFICIAL_VERIFIED,DATA2O_OFFLINE_RECONCILIATION,data2o-dual-official,false
lotto-america-2023-03-06,lotto_america,lotto_america_52_10_2017,2023-03-06,,,2,17,25,35,50,6,data2n-dual-official,OFFICIAL_VERIFIED,DATA2O_OFFLINE_RECONCILIATION,data2o-dual-official,false
lotto-america-2023-03-08,lotto_america,lotto_america_52_10_2017,2023-03-08,,,3,7,29,31,49,10,data2n-dual-official,OFFICIAL_VERIFIED,DATA2O_OFFLINE_RECONCILIATION,data2o-dual-official,false
lotto-america-2023-03-11,lotto_america,lotto_america_52_10_2017,2023-03-11,,,33,39,41,45,48,8,data2n-dual-official,OFFICIAL_VERIFIED,DATA2O_OFFLINE_RECONCILIATION,data2o-dual-official,false
lotto-america-2023-03-13,lotto_america,lotto_america_52_10_2017,2023-03-13,,,20,23,28,33,51,3,data2n-dual-official,OFFICIAL_VERIFIED,DATA2O_OFFLINE_RECONCILIATION,data2o-dual-official,false
lotto-america-2023-03-15,lotto_america,lotto_america_52_10_2017,2023-03-15,,,31,36,43,45,52,2,data2n-dual-official,OFFICIAL_VERIFIED,DATA2O_OFFLINE_RECONCILIATION,data2o-dual-official,false
lotto-america-2023-03-18,lotto_america,lotto_america_52_10_2017,2023-03-18,,,35,37,44,45,46,1,data2n-dual-official,OFFICIAL_VERIFIED,DATA2O_OFFLINE_RECONCILIATION,data2o-dual-official,false
lotto-america-2023-03-20,lotto_america,lotto_america_52_10_2017,2023-03-20,,,13,14,22,30,37,3,data2n-dual-official,OFFICIAL_VERIFIED,DATA2O_OFFLINE_RECONCILIATION,data2o-dual-official,false
lotto-america-2023-03-22,lotto_america,lotto_america_52_10_2017,2023-03-22,,,14,18,21,50,51,3,data2n-dual-official,OFFICIAL_VERIFIED,DATA2O_OFFLINE_RECONCILIATION,data2o-dual-official,false
lotto-america-2023-03-25,lotto_america,lotto_america_52_10_2017,2023-03-25,,,3,17,29,41,52,10,data2n-dual-official,OFFICIAL_VERIFIED,DATA2O_OFFLINE_RECONCILIATION,data2o-dual-official,false
lotto-america-2023-03-27,lotto_america,lotto_america_52_10_2017,2023-03-27,,,20,37,46,49,52,10,data2n-dual-official,OFFICIAL_VERIFIED,DATA2O_OFFLINE_RECONCILIATION,data2o-dual-official,false
lotto-america-2023-03-29,lotto_america,lotto_america_52_10_2017,2023-03-29,,,19,24,38,45,46,4,data2n-dual-official,OFFICIAL_VERIFIED,DATA2O_OFFLINE_RECONCILIATION,data2o-dual-official,false
lotto-america-2023-04-01,lotto_america,lotto_america_52_10_2017,2023-04-01,,,2,38,43,46,51,7,data2n-dual-official,OFFICIAL_VERIFIED,DATA2O_OFFLINE_RECONCILIATION,data2o-dual-official,false
lotto-america-2023-04-03,lotto_america,lotto_america_52_10_2017,2023-04-03,,,6,27,30,40,52,1,data2n-dual-official,OFFICIAL_VERIFIED,DATA2O_OFFLINE_RECONCILIATION,data2o-dual-official,false
lotto-america-2023-04-05,lotto_america,lotto_america_52_10_2017,2023-04-05,,,23,28,38,39,41,2,data2n-dual-official,OFFICIAL_VERIFIED,DATA2O_OFFLINE_RECONCILIATION,data2o-dual-official,false
lotto-america-2023-04-08,lotto_america,lotto_america_52_10_2017,2023-04-08,,,1,14,35,37,39,5,data2n-dual-official,OFFICIAL_VERIFIED,DATA2O_OFFLINE_RECONCILIATION,data2o-dual-official,false
lotto-america-2023-04-10,lotto_america,lotto_america_52_10_2017,2023-04-10,,,3,10,12,15,37,2,data2n-dual-official,OFFICIAL_VERIFIED,DATA2O_OFFLINE_RECONCILIATION,data2o-dual-official,false
lotto-america-2023-04-12,lotto_america,lotto_america_52_10_2017,2023-04-12,,,18,36,45,48,51,5,data2n-dual-official,OFFICIAL_VERIFIED,DATA2O_OFFLINE_RECONCILIATION,data2o-dual-official,false
lotto-america-2023-04-15,lotto_america,lotto_america_52_10_2017,2023-04-15,,,10,17,24,30,37,3,data2n-dual-official,OFFICIAL_VERIFIED,DATA2O_OFFLINE_RECONCILIATION,data2o-dual-official,false
lotto-america-2023-04-17,lotto_america,lotto_america_52_10_2017,2023-04-17,,,10,13,21,23,30,4,data2n-dual-official,OFFICIAL_VERIFIED,DATA2O_OFFLINE_RECONCILIATION,data2o-dual-official,false
lotto-america-2023-04-19,lotto_america,lotto_america_52_10_2017,2023-04-19,,,19,40,41,48,49,5,data2n-dual-official,OFFICIAL_VERIFIED,DATA2O_OFFLINE_RECONCILIATION,data2o-dual-official,false
lotto-america-2023-04-22,lotto_america,lotto_america_52_10_2017,2023-04-22,,,5,9,12,24,26,4,data2n-dual-official,OFFICIAL_VERIFIED,DATA2O_OFFLINE_RECONCILIATION,data2o-dual-official,false
lotto-america-2023-04-24,lotto_america,lotto_america_52_10_2017,2023-04-24,,,6,8,15,16,31,5,data2n-dual-official,OFFICIAL_VERIFIED,DATA2O_OFFLINE_RECONCILIATION,data2o-dual-official,false
lotto-america-2023-04-26,lotto_america,lotto_america_52_10_2017,2023-04-26,,,2,11,12,27,46,9,data2n-dual-official,OFFICIAL_VERIFIED,DATA2O_OFFLINE_RECONCILIATION,data2o-dual-official,false
lotto-america-2023-04-29,lotto_america,lotto_america_52_10_2017,2023-04-29,,,2,5,8,36,51,2,data2n-dual-official,OFFICIAL_VERIFIED,DATA2O_OFFLINE_RECONCILIATION,data2o-dual-official,false
lotto-america-2023-05-01,lotto_america,lotto_america_52_10_2017,2023-05-01,,,2,17,20,31,45,3,data2n-dual-official,OFFICIAL_VERIFIED,DATA2O_OFFLINE_RECONCILIATION,data2o-dual-official,false
lotto-america-2023-05-03,lotto_america,lotto_america_52_10_2017,2023-05-03,,,8,9,31,43,44,1,data2n-dual-official,OFFICIAL_VERIFIED,DATA2O_OFFLINE_RECONCILIATION,data2o-dual-official,false
lotto-america-2023-05-06,lotto_america,lotto_america_52_10_2017,2023-05-06,,,13,20,42,43,46,1,data2n-dual-official,OFFICIAL_VERIFIED,DATA2O_OFFLINE_RECONCILIATION,data2o-dual-official,false
lotto-america-2023-05-08,lotto_america,lotto_america_52_10_2017,2023-05-08,,,7,18,24,29,44,6,data2n-dual-official,OFFICIAL_VERIFIED,DATA2O_OFFLINE_RECONCILIATION,data2o-dual-official,false
lotto-america-2023-05-10,lotto_america,lotto_america_52_10_2017,2023-05-10,,,9,13,14,17,26,2,data2n-dual-official,OFFICIAL_VERIFIED,DATA2O_OFFLINE_RECONCILIATION,data2o-dual-official,false
lotto-america-2023-05-13,lotto_america,lotto_america_52_10_2017,2023-05-13,,,7,34,35,39,43,10,data2n-dual-official,OFFICIAL_VERIFIED,DATA2O_OFFLINE_RECONCILIATION,data2o-dual-official,false
lotto-america-2023-05-15,lotto_america,lotto_america_52_10_2017,2023-05-15,,,9,16,33,38,41,8,data2n-dual-official,OFFICIAL_VERIFIED,DATA2O_OFFLINE_RECONCILIATION,data2o-dual-official,false
lotto-america-2023-05-17,lotto_america,lotto_america_52_10_2017,2023-05-17,,,7,19,32,36,48,4,data2n-dual-official,OFFICIAL_VERIFIED,DATA2O_OFFLINE_RECONCILIATION,data2o-dual-official,false
lotto-america-2023-05-20,lotto_america,lotto_america_52_10_2017,2023-05-20,,,4,11,15,18,19,1,data2n-dual-official,OFFICIAL_VERIFIED,DATA2O_OFFLINE_RECONCILIATION,data2o-dual-official,false
lotto-america-2023-05-22,lotto_america,lotto_america_52_10_2017,2023-05-22,,,5,8,23,32,43,10,data2n-dual-official,OFFICIAL_VERIFIED,DATA2O_OFFLINE_RECONCILIATION,data2o-dual-official,false
lotto-america-2023-05-24,lotto_america,lotto_america_52_10_2017,2023-05-24,,,1,23,24,35,43,4,data2n-dual-official,OFFICIAL_VERIFIED,DATA2O_OFFLINE_RECONCILIATION,data2o-dual-official,false
lotto-america-2023-05-27,lotto_america,lotto_america_52_10_2017,2023-05-27,,,2,23,28,40,50,8,data2n-dual-official,OFFICIAL_VERIFIED,DATA2O_OFFLINE_RECONCILIATION,data2o-dual-official,false
lotto-america-2023-05-29,lotto_america,lotto_america_52_10_2017,2023-05-29,,,19,34,42,50,52,2,data2n-dual-official,OFFICIAL_VERIFIED,DATA2O_OFFLINE_RECONCILIATION,data2o-dual-official,false
lotto-america-2023-05-31,lotto_america,lotto_america_52_10_2017,2023-05-31,,,4,15,27,28,49,5,data2n-dual-official,OFFICIAL_VERIFIED,DATA2O_OFFLINE_RECONCILIATION,data2o-dual-official,false
lotto-america-2023-06-03,lotto_america,lotto_america_52_10_2017,2023-06-03,,,9,14,21,22,48,2,data2n-dual-official,OFFICIAL_VERIFIED,DATA2O_OFFLINE_RECONCILIATION,data2o-dual-official,false
lotto-america-2023-06-05,lotto_america,lotto_america_52_10_2017,2023-06-05,,,6,15,33,42,43,7,data2n-dual-official,OFFICIAL_VERIFIED,DATA2O_OFFLINE_RECONCILIATION,data2o-dual-official,false
lotto-america-2023-06-07,lotto_america,lotto_america_52_10_2017,2023-06-07,,,9,12,21,22,26,9,data2n-dual-official,OFFICIAL_VERIFIED,DATA2O_OFFLINE_RECONCILIATION,data2o-dual-official,false
lotto-america-2023-06-10,lotto_america,lotto_america_52_10_2017,2023-06-10,,,4,6,38,46,52,7,data2n-dual-official,OFFICIAL_VERIFIED,DATA2O_OFFLINE_RECONCILIATION,data2o-dual-official,false
lotto-america-2023-06-12,lotto_america,lotto_america_52_10_2017,2023-06-12,,,1,29,32,41,46,7,data2n-dual-official,OFFICIAL_VERIFIED,DATA2O_OFFLINE_RECONCILIATION,data2o-dual-official,false
lotto-america-2023-06-14,lotto_america,lotto_america_52_10_2017,2023-06-14,,,2,15,26,29,30,4,data2n-dual-official,OFFICIAL_VERIFIED,DATA2O_OFFLINE_RECONCILIATION,data2o-dual-official,false
lotto-america-2023-06-17,lotto_america,lotto_america_52_10_2017,2023-06-17,,,4,23,26,35,36,8,data2n-dual-official,OFFICIAL_VERIFIED,DATA2O_OFFLINE_RECONCILIATION,data2o-dual-official,false
lotto-america-2023-06-19,lotto_america,lotto_america_52_10_2017,2023-06-19,,,1,14,20,30,33,7,data2n-dual-official,OFFICIAL_VERIFIED,DATA2O_OFFLINE_RECONCILIATION,data2o-dual-official,false
lotto-america-2023-06-21,lotto_america,lotto_america_52_10_2017,2023-06-21,,,2,13,20,35,48,7,data2n-dual-official,OFFICIAL_VERIFIED,DATA2O_OFFLINE_RECONCILIATION,data2o-dual-official,false
lotto-america-2023-06-24,lotto_america,lotto_america_52_10_2017,2023-06-24,,,11,27,30,37,49,1,data2n-dual-official,OFFICIAL_VERIFIED,DATA2O_OFFLINE_RECONCILIATION,data2o-dual-official,false
lotto-america-2023-06-26,lotto_america,lotto_america_52_10_2017,2023-06-26,,,3,31,33,34,38,3,data2n-dual-official,OFFICIAL_VERIFIED,DATA2O_OFFLINE_RECONCILIATION,data2o-dual-official,false
lotto-america-2023-06-28,lotto_america,lotto_america_52_10_2017,2023-06-28,,,9,28,33,43,47,1,data2n-dual-official,OFFICIAL_VERIFIED,DATA2O_OFFLINE_RECONCILIATION,data2o-dual-official,false
lotto-america-2023-07-01,lotto_america,lotto_america_52_10_2017,2023-07-01,,,13,16,23,43,52,2,data2n-dual-official,OFFICIAL_VERIFIED,DATA2O_OFFLINE_RECONCILIATION,data2o-dual-official,false
lotto-america-2023-07-03,lotto_america,lotto_america_52_10_2017,2023-07-03,,,12,27,37,42,43,6,data2n-dual-official,OFFICIAL_VERIFIED,DATA2O_OFFLINE_RECONCILIATION,data2o-dual-official,false
lotto-america-2023-07-05,lotto_america,lotto_america_52_10_2017,2023-07-05,,,9,21,38,39,48,8,data2n-dual-official,OFFICIAL_VERIFIED,DATA2O_OFFLINE_RECONCILIATION,data2o-dual-official,false
lotto-america-2023-07-08,lotto_america,lotto_america_52_10_2017,2023-07-08,,,29,33,38,43,49,8,data2n-dual-official,OFFICIAL_VERIFIED,DATA2O_OFFLINE_RECONCILIATION,data2o-dual-official,false
lotto-america-2023-07-10,lotto_america,lotto_america_52_10_2017,2023-07-10,,,3,26,30,47,51,1,data2n-dual-official,OFFICIAL_VERIFIED,DATA2O_OFFLINE_RECONCILIATION,data2o-dual-official,false
lotto-america-2023-07-12,lotto_america,lotto_america_52_10_2017,2023-07-12,,,3,5,18,22,36,3,data2n-dual-official,OFFICIAL_VERIFIED,DATA2O_OFFLINE_RECONCILIATION,data2o-dual-official,false
lotto-america-2023-07-15,lotto_america,lotto_america_52_10_2017,2023-07-15,,,5,6,20,42,48,6,data2n-dual-official,OFFICIAL_VERIFIED,DATA2O_OFFLINE_RECONCILIATION,data2o-dual-official,false
lotto-america-2023-07-17,lotto_america,lotto_america_52_10_2017,2023-07-17,,,25,28,29,40,51,10,data2n-dual-official,OFFICIAL_VERIFIED,DATA2O_OFFLINE_RECONCILIATION,data2o-dual-official,false
lotto-america-2023-07-19,lotto_america,lotto_america_52_10_2017,2023-07-19,,,9,12,16,33,40,4,data2n-dual-official,OFFICIAL_VERIFIED,DATA2O_OFFLINE_RECONCILIATION,data2o-dual-official,false
lotto-america-2023-07-22,lotto_america,lotto_america_52_10_2017,2023-07-22,,,1,20,23,36,41,1,data2n-dual-official,OFFICIAL_VERIFIED,DATA2O_OFFLINE_RECONCILIATION,data2o-dual-official,false
lotto-america-2023-07-24,lotto_america,lotto_america_52_10_2017,2023-07-24,,,6,13,20,29,51,7,data2n-dual-official,OFFICIAL_VERIFIED,DATA2O_OFFLINE_RECONCILIATION,data2o-dual-official,false
lotto-america-2023-07-26,lotto_america,lotto_america_52_10_2017,2023-07-26,,,4,8,25,36,42,8,data2n-dual-official,OFFICIAL_VERIFIED,DATA2O_OFFLINE_RECONCILIATION,data2o-dual-official,false
lotto-america-2023-07-29,lotto_america,lotto_america_52_10_2017,2023-07-29,,,8,14,29,50,52,10,data2n-dual-official,OFFICIAL_VERIFIED,DATA2O_OFFLINE_RECONCILIATION,data2o-dual-official,false
lotto-america-2023-07-31,lotto_america,lotto_america_52_10_2017,2023-07-31,,,5,11,12,34,40,9,data2n-dual-official,OFFICIAL_VERIFIED,DATA2O_OFFLINE_RECONCILIATION,data2o-dual-official,false
lotto-america-2023-08-02,lotto_america,lotto_america_52_10_2017,2023-08-02,,,1,18,33,41,51,10,data2n-dual-official,OFFICIAL_VERIFIED,DATA2O_OFFLINE_RECONCILIATION,data2o-dual-official,false
lotto-america-2023-08-05,lotto_america,lotto_america_52_10_2017,2023-08-05,,,1,36,38,41,43,5,data2n-dual-official,OFFICIAL_VERIFIED,DATA2O_OFFLINE_RECONCILIATION,data2o-dual-official,false
lotto-america-2023-08-07,lotto_america,lotto_america_52_10_2017,2023-08-07,,,4,8,29,33,52,5,data2n-dual-official,OFFICIAL_VERIFIED,DATA2O_OFFLINE_RECONCILIATION,data2o-dual-official,false
lotto-america-2023-08-09,lotto_america,lotto_america_52_10_2017,2023-08-09,,,1,10,12,33,39,5,data2n-dual-official,OFFICIAL_VERIFIED,DATA2O_OFFLINE_RECONCILIATION,data2o-dual-official,false
lotto-america-2023-08-12,lotto_america,lotto_america_52_10_2017,2023-08-12,,,3,16,26,29,30,5,data2n-dual-official,OFFICIAL_VERIFIED,DATA2O_OFFLINE_RECONCILIATION,data2o-dual-official,false
lotto-america-2023-08-14,lotto_america,lotto_america_52_10_2017,2023-08-14,,,1,26,31,33,50,8,data2n-dual-official,OFFICIAL_VERIFIED,DATA2O_OFFLINE_RECONCILIATION,data2o-dual-official,false
lotto-america-2023-08-16,lotto_america,lotto_america_52_10_2017,2023-08-16,,,14,18,31,37,43,2,data2n-dual-official,OFFICIAL_VERIFIED,DATA2O_OFFLINE_RECONCILIATION,data2o-dual-official,false
lotto-america-2023-08-19,lotto_america,lotto_america_52_10_2017,2023-08-19,,,4,22,29,32,39,4,data2n-dual-official,OFFICIAL_VERIFIED,DATA2O_OFFLINE_RECONCILIATION,data2o-dual-official,false
lotto-america-2023-08-21,lotto_america,lotto_america_52_10_2017,2023-08-21,,,7,10,26,40,50,3,data2n-dual-official,OFFICIAL_VERIFIED,DATA2O_OFFLINE_RECONCILIATION,data2o-dual-official,false
lotto-america-2023-08-23,lotto_america,lotto_america_52_10_2017,2023-08-23,,,9,11,29,38,39,4,data2n-dual-official,OFFICIAL_VERIFIED,DATA2O_OFFLINE_RECONCILIATION,data2o-dual-official,false
lotto-america-2023-08-26,lotto_america,lotto_america_52_10_2017,2023-08-26,,,8,21,38,43,51,1,data2n-dual-official,OFFICIAL_VERIFIED,DATA2O_OFFLINE_RECONCILIATION,data2o-dual-official,false
lotto-america-2023-08-28,lotto_america,lotto_america_52_10_2017,2023-08-28,,,16,33,34,39,46,4,data2n-dual-official,OFFICIAL_VERIFIED,DATA2O_OFFLINE_RECONCILIATION,data2o-dual-official,false
lotto-america-2023-08-30,lotto_america,lotto_america_52_10_2017,2023-08-30,,,8,15,30,44,46,8,data2n-dual-official,OFFICIAL_VERIFIED,DATA2O_OFFLINE_RECONCILIATION,data2o-dual-official,false
lotto-america-2023-09-02,lotto_america,lotto_america_52_10_2017,2023-09-02,,,3,17,36,37,44,8,data2n-dual-official,OFFICIAL_VERIFIED,DATA2O_OFFLINE_RECONCILIATION,data2o-dual-official,false
lotto-america-2023-09-04,lotto_america,lotto_america_52_10_2017,2023-09-04,,,10,17,33,51,52,10,data2n-dual-official,OFFICIAL_VERIFIED,DATA2O_OFFLINE_RECONCILIATION,data2o-dual-official,false
lotto-america-2023-09-06,lotto_america,lotto_america_52_10_2017,2023-09-06,,,8,28,39,49,51,2,data2n-dual-official,OFFICIAL_VERIFIED,DATA2O_OFFLINE_RECONCILIATION,data2o-dual-official,false
lotto-america-2023-09-09,lotto_america,lotto_america_52_10_2017,2023-09-09,,,5,15,21,22,33,5,data2n-dual-official,OFFICIAL_VERIFIED,DATA2O_OFFLINE_RECONCILIATION,data2o-dual-official,false
lotto-america-2023-09-11,lotto_america,lotto_america_52_10_2017,2023-09-11,,,13,34,35,36,49,1,data2n-dual-official,OFFICIAL_VERIFIED,DATA2O_OFFLINE_RECONCILIATION,data2o-dual-official,false
lotto-america-2023-09-13,lotto_america,lotto_america_52_10_2017,2023-09-13,,,11,12,25,36,40,4,data2n-dual-official,OFFICIAL_VERIFIED,DATA2O_OFFLINE_RECONCILIATION,data2o-dual-official,false
lotto-america-2023-09-16,lotto_america,lotto_america_52_10_2017,2023-09-16,,,23,30,34,40,41,3,data2n-dual-official,OFFICIAL_VERIFIED,DATA2O_OFFLINE_RECONCILIATION,data2o-dual-official,false
lotto-america-2023-09-18,lotto_america,lotto_america_52_10_2017,2023-09-18,,,4,24,25,32,51,7,data2n-dual-official,OFFICIAL_VERIFIED,DATA2O_OFFLINE_RECONCILIATION,data2o-dual-official,false
lotto-america-2023-09-20,lotto_america,lotto_america_52_10_2017,2023-09-20,,,2,16,27,32,46,3,data2n-dual-official,OFFICIAL_VERIFIED,DATA2O_OFFLINE_RECONCILIATION,data2o-dual-official,false
lotto-america-2023-09-23,lotto_america,lotto_america_52_10_2017,2023-09-23,,,15,32,34,39,50,10,data2n-dual-official,OFFICIAL_VERIFIED,DATA2O_OFFLINE_RECONCILIATION,data2o-dual-official,false
lotto-america-2023-09-25,lotto_america,lotto_america_52_10_2017,2023-09-25,,,19,23,31,38,52,8,data2n-dual-official,OFFICIAL_VERIFIED,DATA2O_OFFLINE_RECONCILIATION,data2o-dual-official,false
lotto-america-2023-09-27,lotto_america,lotto_america_52_10_2017,2023-09-27,,,21,22,25,46,50,1,data2n-dual-official,OFFICIAL_VERIFIED,DATA2O_OFFLINE_RECONCILIATION,data2o-dual-official,false
lotto-america-2023-09-30,lotto_america,lotto_america_52_10_2017,2023-09-30,,,4,5,26,27,35,6,data2n-dual-official,OFFICIAL_VERIFIED,DATA2O_OFFLINE_RECONCILIATION,data2o-dual-official,false
lotto-america-2023-10-02,lotto_america,lotto_america_52_10_2017,2023-10-02,,,4,5,21,36,51,3,data2n-dual-official,OFFICIAL_VERIFIED,DATA2O_OFFLINE_RECONCILIATION,data2o-dual-official,false
lotto-america-2023-10-04,lotto_america,lotto_america_52_10_2017,2023-10-04,,,4,5,8,26,42,8,data2n-dual-official,OFFICIAL_VERIFIED,DATA2O_OFFLINE_RECONCILIATION,data2o-dual-official,false
lotto-america-2023-10-07,lotto_america,lotto_america_52_10_2017,2023-10-07,,,5,22,31,35,47,10,data2n-dual-official,OFFICIAL_VERIFIED,DATA2O_OFFLINE_RECONCILIATION,data2o-dual-official,false
lotto-america-2023-10-09,lotto_america,lotto_america_52_10_2017,2023-10-09,,,10,13,30,38,40,8,data2n-dual-official,OFFICIAL_VERIFIED,DATA2O_OFFLINE_RECONCILIATION,data2o-dual-official,false
lotto-america-2023-10-11,lotto_america,lotto_america_52_10_2017,2023-10-11,,,3,6,9,17,51,2,data2n-dual-official,OFFICIAL_VERIFIED,DATA2O_OFFLINE_RECONCILIATION,data2o-dual-official,false
lotto-america-2023-10-14,lotto_america,lotto_america_52_10_2017,2023-10-14,,,6,32,33,36,47,4,data2n-dual-official,OFFICIAL_VERIFIED,DATA2O_OFFLINE_RECONCILIATION,data2o-dual-official,false
lotto-america-2023-10-16,lotto_america,lotto_america_52_10_2017,2023-10-16,,,11,30,37,39,47,7,data2n-dual-official,OFFICIAL_VERIFIED,DATA2O_OFFLINE_RECONCILIATION,data2o-dual-official,false
lotto-america-2023-10-18,lotto_america,lotto_america_52_10_2017,2023-10-18,,,1,5,14,16,48,9,data2n-dual-official,OFFICIAL_VERIFIED,DATA2O_OFFLINE_RECONCILIATION,data2o-dual-official,false
lotto-america-2023-10-21,lotto_america,lotto_america_52_10_2017,2023-10-21,,,11,23,30,36,51,6,data2n-dual-official,OFFICIAL_VERIFIED,DATA2O_OFFLINE_RECONCILIATION,data2o-dual-official,false
lotto-america-2023-10-23,lotto_america,lotto_america_52_10_2017,2023-10-23,,,21,27,28,32,51,2,data2n-dual-official,OFFICIAL_VERIFIED,DATA2O_OFFLINE_RECONCILIATION,data2o-dual-official,false
lotto-america-2023-10-25,lotto_america,lotto_america_52_10_2017,2023-10-25,,,3,8,27,41,46,3,data2n-dual-official,OFFICIAL_VERIFIED,DATA2O_OFFLINE_RECONCILIATION,data2o-dual-official,false
lotto-america-2023-10-28,lotto_america,lotto_america_52_10_2017,2023-10-28,,,12,25,36,39,46,9,data2n-dual-official,OFFICIAL_VERIFIED,DATA2O_OFFLINE_RECONCILIATION,data2o-dual-official,false
lotto-america-2023-10-30,lotto_america,lotto_america_52_10_2017,2023-10-30,,,11,28,43,49,50,4,data2n-dual-official,OFFICIAL_VERIFIED,DATA2O_OFFLINE_RECONCILIATION,data2o-dual-official,false
lotto-america-2023-11-01,lotto_america,lotto_america_52_10_2017,2023-11-01,,,6,19,21,26,29,1,data2n-dual-official,OFFICIAL_VERIFIED,DATA2O_OFFLINE_RECONCILIATION,data2o-dual-official,false
lotto-america-2023-11-04,lotto_america,lotto_america_52_10_2017,2023-11-04,,,8,11,23,47,48,4,data2n-dual-official,OFFICIAL_VERIFIED,DATA2O_OFFLINE_RECONCILIATION,data2o-dual-official,false
lotto-america-2023-11-06,lotto_america,lotto_america_52_10_2017,2023-11-06,,,13,15,26,44,46,5,data2n-dual-official,OFFICIAL_VERIFIED,DATA2O_OFFLINE_RECONCILIATION,data2o-dual-official,false
lotto-america-2023-11-08,lotto_america,lotto_america_52_10_2017,2023-11-08,,,1,3,23,45,52,2,data2n-dual-official,OFFICIAL_VERIFIED,DATA2O_OFFLINE_RECONCILIATION,data2o-dual-official,false
lotto-america-2023-11-11,lotto_america,lotto_america_52_10_2017,2023-11-11,,,5,25,27,38,50,7,data2n-dual-official,OFFICIAL_VERIFIED,DATA2O_OFFLINE_RECONCILIATION,data2o-dual-official,false
lotto-america-2023-11-13,lotto_america,lotto_america_52_10_2017,2023-11-13,,,17,18,20,44,51,4,data2n-dual-official,OFFICIAL_VERIFIED,DATA2O_OFFLINE_RECONCILIATION,data2o-dual-official,false
lotto-america-2023-11-15,lotto_america,lotto_america_52_10_2017,2023-11-15,,,15,16,26,34,51,1,data2n-dual-official,OFFICIAL_VERIFIED,DATA2O_OFFLINE_RECONCILIATION,data2o-dual-official,false
lotto-america-2023-11-18,lotto_america,lotto_america_52_10_2017,2023-11-18,,,9,18,22,26,34,6,data2n-dual-official,OFFICIAL_VERIFIED,DATA2O_OFFLINE_RECONCILIATION,data2o-dual-official,false
lotto-america-2023-11-20,lotto_america,lotto_america_52_10_2017,2023-11-20,,,10,14,24,41,51,2,data2n-dual-official,OFFICIAL_VERIFIED,DATA2O_OFFLINE_RECONCILIATION,data2o-dual-official,false
lotto-america-2023-11-22,lotto_america,lotto_america_52_10_2017,2023-11-22,,,17,19,37,42,45,7,data2n-dual-official,OFFICIAL_VERIFIED,DATA2O_OFFLINE_RECONCILIATION,data2o-dual-official,false
lotto-america-2023-11-25,lotto_america,lotto_america_52_10_2017,2023-11-25,,,3,11,18,38,41,1,data2n-dual-official,OFFICIAL_VERIFIED,DATA2O_OFFLINE_RECONCILIATION,data2o-dual-official,false
lotto-america-2023-11-27,lotto_america,lotto_america_52_10_2017,2023-11-27,,,1,8,23,25,50,4,data2n-dual-official,OFFICIAL_VERIFIED,DATA2O_OFFLINE_RECONCILIATION,data2o-dual-official,false
lotto-america-2023-11-29,lotto_america,lotto_america_52_10_2017,2023-11-29,,,9,22,24,37,47,10,data2n-dual-official,OFFICIAL_VERIFIED,DATA2O_OFFLINE_RECONCILIATION,data2o-dual-official,false
lotto-america-2023-12-02,lotto_america,lotto_america_52_10_2017,2023-12-02,,,3,8,11,38,48,8,data2n-dual-official,OFFICIAL_VERIFIED,DATA2O_OFFLINE_RECONCILIATION,data2o-dual-official,false
lotto-america-2023-12-04,lotto_america,lotto_america_52_10_2017,2023-12-04,,,4,16,18,36,47,4,data2n-dual-official,OFFICIAL_VERIFIED,DATA2O_OFFLINE_RECONCILIATION,data2o-dual-official,false
lotto-america-2023-12-06,lotto_america,lotto_america_52_10_2017,2023-12-06,,,22,24,27,34,43,8,data2n-dual-official,OFFICIAL_VERIFIED,DATA2O_OFFLINE_RECONCILIATION,data2o-dual-official,false
lotto-america-2023-12-09,lotto_america,lotto_america_52_10_2017,2023-12-09,,,3,7,17,36,48,7,data2n-dual-official,OFFICIAL_VERIFIED,DATA2O_OFFLINE_RECONCILIATION,data2o-dual-official,false
lotto-america-2023-12-11,lotto_america,lotto_america_52_10_2017,2023-12-11,,,18,39,42,47,52,5,data2n-dual-official,OFFICIAL_VERIFIED,DATA2O_OFFLINE_RECONCILIATION,data2o-dual-official,false
lotto-america-2023-12-13,lotto_america,lotto_america_52_10_2017,2023-12-13,,,4,25,34,38,46,6,data2n-dual-official,OFFICIAL_VERIFIED,DATA2O_OFFLINE_RECONCILIATION,data2o-dual-official,false
lotto-america-2023-12-16,lotto_america,lotto_america_52_10_2017,2023-12-16,,,13,14,23,25,31,9,data2n-dual-official,OFFICIAL_VERIFIED,DATA2O_OFFLINE_RECONCILIATION,data2o-dual-official,false
lotto-america-2023-12-18,lotto_america,lotto_america_52_10_2017,2023-12-18,,,2,3,12,33,40,6,data2n-dual-official,OFFICIAL_VERIFIED,DATA2O_OFFLINE_RECONCILIATION,data2o-dual-official,false
lotto-america-2023-12-20,lotto_america,lotto_america_52_10_2017,2023-12-20,,,4,14,15,17,28,7,data2n-dual-official,OFFICIAL_VERIFIED,DATA2O_OFFLINE_RECONCILIATION,data2o-dual-official,false
lotto-america-2023-12-23,lotto_america,lotto_america_52_10_2017,2023-12-23,,,16,22,23,24,50,9,data2n-dual-official,OFFICIAL_VERIFIED,DATA2O_OFFLINE_RECONCILIATION,data2o-dual-official,false
lotto-america-2023-12-25,lotto_america,lotto_america_52_10_2017,2023-12-25,,,4,10,25,48,52,3,data2n-dual-official,OFFICIAL_VERIFIED,DATA2O_OFFLINE_RECONCILIATION,data2o-dual-official,false
lotto-america-2023-12-27,lotto_america,lotto_america_52_10_2017,2023-12-27,,,3,10,36,47,52,10,data2n-dual-official,OFFICIAL_VERIFIED,DATA2O_OFFLINE_RECONCILIATION,data2o-dual-official,false
lotto-america-2023-12-30,lotto_america,lotto_america_52_10_2017,2023-12-30,,,9,10,11,30,44,7,data2n-dual-official,OFFICIAL_VERIFIED,DATA2O_OFFLINE_RECONCILIATION,data2o-dual-official,false
lotto-america-2024-01-01,lotto_america,lotto_america_52_10_2017,2024-01-01,,,7,9,19,36,45,10,data2n-dual-official,OFFICIAL_VERIFIED,DATA2O_OFFLINE_RECONCILIATION,data2o-dual-official,false
lotto-america-2024-01-03,lotto_america,lotto_america_52_10_2017,2024-01-03,,,10,17,31,47,51,4,data2n-dual-official,OFFICIAL_VERIFIED,DATA2O_OFFLINE_RECONCILIATION,data2o-dual-official,false
lotto-america-2024-01-06,lotto_america,lotto_america_52_10_2017,2024-01-06,,,14,34,42,46,51,6,data2n-dual-official,OFFICIAL_VERIFIED,DATA2O_OFFLINE_RECONCILIATION,data2o-dual-official,false
lotto-america-2024-01-08,lotto_america,lotto_america_52_10_2017,2024-01-08,,,12,21,37,39,45,6,data2n-dual-official,OFFICIAL_VERIFIED,DATA2O_OFFLINE_RECONCILIATION,data2o-dual-official,false
lotto-america-2024-01-10,lotto_america,lotto_america_52_10_2017,2024-01-10,,,7,19,27,38,51,5,data2n-dual-official,OFFICIAL_VERIFIED,DATA2O_OFFLINE_RECONCILIATION,data2o-dual-official,false
lotto-america-2024-01-13,lotto_america,lotto_america_52_10_2017,2024-01-13,,,6,9,30,38,46,1,data2n-dual-official,OFFICIAL_VERIFIED,DATA2O_OFFLINE_RECONCILIATION,data2o-dual-official,false
lotto-america-2024-01-15,lotto_america,lotto_america_52_10_2017,2024-01-15,,,28,29,38,41,52,8,data2n-dual-official,OFFICIAL_VERIFIED,DATA2O_OFFLINE_RECONCILIATION,data2o-dual-official,false
lotto-america-2024-01-17,lotto_america,lotto_america_52_10_2017,2024-01-17,,,9,14,16,23,40,5,data2n-dual-official,OFFICIAL_VERIFIED,DATA2O_OFFLINE_RECONCILIATION,data2o-dual-official,false
lotto-america-2024-01-20,lotto_america,lotto_america_52_10_2017,2024-01-20,,,7,11,23,24,44,3,data2n-dual-official,OFFICIAL_VERIFIED,DATA2O_OFFLINE_RECONCILIATION,data2o-dual-official,false
lotto-america-2024-01-22,lotto_america,lotto_america_52_10_2017,2024-01-22,,,18,22,31,39,50,2,data2n-dual-official,OFFICIAL_VERIFIED,DATA2O_OFFLINE_RECONCILIATION,data2o-dual-official,false
lotto-america-2024-01-24,lotto_america,lotto_america_52_10_2017,2024-01-24,,,10,13,15,29,47,7,data2n-dual-official,OFFICIAL_VERIFIED,DATA2O_OFFLINE_RECONCILIATION,data2o-dual-official,false
lotto-america-2024-01-27,lotto_america,lotto_america_52_10_2017,2024-01-27,,,13,22,46,47,51,4,data2n-dual-official,OFFICIAL_VERIFIED,DATA2O_OFFLINE_RECONCILIATION,data2o-dual-official,false
lotto-america-2024-01-29,lotto_america,lotto_america_52_10_2017,2024-01-29,,,5,9,15,50,51,1,data2n-dual-official,OFFICIAL_VERIFIED,DATA2O_OFFLINE_RECONCILIATION,data2o-dual-official,false
lotto-america-2024-01-31,lotto_america,lotto_america_52_10_2017,2024-01-31,,,3,30,38,39,48,8,data2n-dual-official,OFFICIAL_VERIFIED,DATA2O_OFFLINE_RECONCILIATION,data2o-dual-official,false
lotto-america-2024-02-03,lotto_america,lotto_america_52_10_2017,2024-02-03,,,10,34,40,47,48,1,data2n-dual-official,OFFICIAL_VERIFIED,DATA2O_OFFLINE_RECONCILIATION,data2o-dual-official,false
lotto-america-2024-02-05,lotto_america,lotto_america_52_10_2017,2024-02-05,,,1,15,17,24,29,2,data2n-dual-official,OFFICIAL_VERIFIED,DATA2O_OFFLINE_RECONCILIATION,data2o-dual-official,false
lotto-america-2024-02-07,lotto_america,lotto_america_52_10_2017,2024-02-07,,,2,5,17,20,25,9,data2n-dual-official,OFFICIAL_VERIFIED,DATA2O_OFFLINE_RECONCILIATION,data2o-dual-official,false
lotto-america-2024-02-10,lotto_america,lotto_america_52_10_2017,2024-02-10,,,1,3,18,21,42,8,data2n-dual-official,OFFICIAL_VERIFIED,DATA2O_OFFLINE_RECONCILIATION,data2o-dual-official,false
lotto-america-2024-02-12,lotto_america,lotto_america_52_10_2017,2024-02-12,,,13,14,22,31,52,2,data2n-dual-official,OFFICIAL_VERIFIED,DATA2O_OFFLINE_RECONCILIATION,data2o-dual-official,false
lotto-america-2024-02-14,lotto_america,lotto_america_52_10_2017,2024-02-14,,,2,3,15,16,45,10,data2n-dual-official,OFFICIAL_VERIFIED,DATA2O_OFFLINE_RECONCILIATION,data2o-dual-official,false
lotto-america-2024-02-17,lotto_america,lotto_america_52_10_2017,2024-02-17,,,6,8,10,14,33,5,data2n-dual-official,OFFICIAL_VERIFIED,DATA2O_OFFLINE_RECONCILIATION,data2o-dual-official,false
lotto-america-2024-02-19,lotto_america,lotto_america_52_10_2017,2024-02-19,,,4,14,31,37,41,8,data2n-dual-official,OFFICIAL_VERIFIED,DATA2O_OFFLINE_RECONCILIATION,data2o-dual-official,false
lotto-america-2024-02-21,lotto_america,lotto_america_52_10_2017,2024-02-21,,,2,6,26,40,43,1,data2n-dual-official,OFFICIAL_VERIFIED,DATA2O_OFFLINE_RECONCILIATION,data2o-dual-official,false
lotto-america-2024-02-24,lotto_america,lotto_america_52_10_2017,2024-02-24,,,10,19,30,33,52,10,data2n-dual-official,OFFICIAL_VERIFIED,DATA2O_OFFLINE_RECONCILIATION,data2o-dual-official,false
lotto-america-2024-02-26,lotto_america,lotto_america_52_10_2017,2024-02-26,,,21,30,36,38,49,1,data2n-dual-official,OFFICIAL_VERIFIED,DATA2O_OFFLINE_RECONCILIATION,data2o-dual-official,false
lotto-america-2024-02-28,lotto_america,lotto_america_52_10_2017,2024-02-28,,,16,18,25,37,46,7,data2n-dual-official,OFFICIAL_VERIFIED,DATA2O_OFFLINE_RECONCILIATION,data2o-dual-official,false
lotto-america-2024-03-02,lotto_america,lotto_america_52_10_2017,2024-03-02,,,9,19,35,38,45,3,data2n-dual-official,OFFICIAL_VERIFIED,DATA2O_OFFLINE_RECONCILIATION,data2o-dual-official,false
lotto-america-2024-03-04,lotto_america,lotto_america_52_10_2017,2024-03-04,,,4,5,8,22,47,6,data2n-dual-official,OFFICIAL_VERIFIED,DATA2O_OFFLINE_RECONCILIATION,data2o-dual-official,false
lotto-america-2024-03-06,lotto_america,lotto_america_52_10_2017,2024-03-06,,,20,21,24,40,42,4,data2n-dual-official,OFFICIAL_VERIFIED,DATA2O_OFFLINE_RECONCILIATION,data2o-dual-official,false
lotto-america-2024-03-09,lotto_america,lotto_america_52_10_2017,2024-03-09,,,3,27,33,37,52,9,data2n-dual-official,OFFICIAL_VERIFIED,DATA2O_OFFLINE_RECONCILIATION,data2o-dual-official,false
lotto-america-2024-03-11,lotto_america,lotto_america_52_10_2017,2024-03-11,,,12,15,16,32,46,1,data2n-dual-official,OFFICIAL_VERIFIED,DATA2O_OFFLINE_RECONCILIATION,data2o-dual-official,false
lotto-america-2024-03-13,lotto_america,lotto_america_52_10_2017,2024-03-13,,,23,33,34,41,50,7,data2n-dual-official,OFFICIAL_VERIFIED,DATA2O_OFFLINE_RECONCILIATION,data2o-dual-official,false
lotto-america-2024-03-16,lotto_america,lotto_america_52_10_2017,2024-03-16,,,11,30,43,47,51,4,data2n-dual-official,OFFICIAL_VERIFIED,DATA2O_OFFLINE_RECONCILIATION,data2o-dual-official,false
lotto-america-2024-03-18,lotto_america,lotto_america_52_10_2017,2024-03-18,,,19,23,24,31,44,2,data2n-dual-official,OFFICIAL_VERIFIED,DATA2O_OFFLINE_RECONCILIATION,data2o-dual-official,false
lotto-america-2024-03-20,lotto_america,lotto_america_52_10_2017,2024-03-20,,,3,16,29,44,50,7,data2n-dual-official,OFFICIAL_VERIFIED,DATA2O_OFFLINE_RECONCILIATION,data2o-dual-official,false
lotto-america-2024-03-23,lotto_america,lotto_america_52_10_2017,2024-03-23,,,5,7,12,41,52,4,data2n-dual-official,OFFICIAL_VERIFIED,DATA2O_OFFLINE_RECONCILIATION,data2o-dual-official,false
lotto-america-2024-03-25,lotto_america,lotto_america_52_10_2017,2024-03-25,,,19,32,35,40,43,4,data2n-dual-official,OFFICIAL_VERIFIED,DATA2O_OFFLINE_RECONCILIATION,data2o-dual-official,false
lotto-america-2024-03-27,lotto_america,lotto_america_52_10_2017,2024-03-27,,,9,22,30,31,34,5,data2n-dual-official,OFFICIAL_VERIFIED,DATA2O_OFFLINE_RECONCILIATION,data2o-dual-official,false
lotto-america-2024-03-30,lotto_america,lotto_america_52_10_2017,2024-03-30,,,9,17,34,48,52,5,data2n-dual-official,OFFICIAL_VERIFIED,DATA2O_OFFLINE_RECONCILIATION,data2o-dual-official,false
lotto-america-2024-04-01,lotto_america,lotto_america_52_10_2017,2024-04-01,,,6,16,32,41,44,3,data2n-dual-official,OFFICIAL_VERIFIED,DATA2O_OFFLINE_RECONCILIATION,data2o-dual-official,false
lotto-america-2024-04-03,lotto_america,lotto_america_52_10_2017,2024-04-03,,,11,16,20,27,47,4,data2n-dual-official,OFFICIAL_VERIFIED,DATA2O_OFFLINE_RECONCILIATION,data2o-dual-official,false
lotto-america-2024-04-06,lotto_america,lotto_america_52_10_2017,2024-04-06,,,2,23,32,35,42,7,data2n-dual-official,OFFICIAL_VERIFIED,DATA2O_OFFLINE_RECONCILIATION,data2o-dual-official,false
lotto-america-2024-04-08,lotto_america,lotto_america_52_10_2017,2024-04-08,,,24,28,29,32,38,8,data2n-dual-official,OFFICIAL_VERIFIED,DATA2O_OFFLINE_RECONCILIATION,data2o-dual-official,false
lotto-america-2024-04-10,lotto_america,lotto_america_52_10_2017,2024-04-10,,,2,15,21,33,47,7,data2n-dual-official,OFFICIAL_VERIFIED,DATA2O_OFFLINE_RECONCILIATION,data2o-dual-official,false
lotto-america-2024-04-13,lotto_america,lotto_america_52_10_2017,2024-04-13,,,7,9,10,29,38,2,data2n-dual-official,OFFICIAL_VERIFIED,DATA2O_OFFLINE_RECONCILIATION,data2o-dual-official,false
lotto-america-2024-04-15,lotto_america,lotto_america_52_10_2017,2024-04-15,,,2,12,18,23,52,4,data2n-dual-official,OFFICIAL_VERIFIED,DATA2O_OFFLINE_RECONCILIATION,data2o-dual-official,false
lotto-america-2024-04-17,lotto_america,lotto_america_52_10_2017,2024-04-17,,,10,20,24,29,38,1,data2n-dual-official,OFFICIAL_VERIFIED,DATA2O_OFFLINE_RECONCILIATION,data2o-dual-official,false
lotto-america-2024-04-20,lotto_america,lotto_america_52_10_2017,2024-04-20,,,6,11,14,15,31,5,data2n-dual-official,OFFICIAL_VERIFIED,DATA2O_OFFLINE_RECONCILIATION,data2o-dual-official,false
lotto-america-2024-04-22,lotto_america,lotto_america_52_10_2017,2024-04-22,,,19,28,33,38,52,7,data2n-dual-official,OFFICIAL_VERIFIED,DATA2O_OFFLINE_RECONCILIATION,data2o-dual-official,false
lotto-america-2024-04-24,lotto_america,lotto_america_52_10_2017,2024-04-24,,,7,12,17,22,52,3,data2n-dual-official,OFFICIAL_VERIFIED,DATA2O_OFFLINE_RECONCILIATION,data2o-dual-official,false
lotto-america-2024-04-27,lotto_america,lotto_america_52_10_2017,2024-04-27,,,9,13,16,39,48,3,data2n-dual-official,OFFICIAL_VERIFIED,DATA2O_OFFLINE_RECONCILIATION,data2o-dual-official,false
lotto-america-2024-04-29,lotto_america,lotto_america_52_10_2017,2024-04-29,,,3,14,31,32,50,1,data2n-dual-official,OFFICIAL_VERIFIED,DATA2O_OFFLINE_RECONCILIATION,data2o-dual-official,false
lotto-america-2024-05-01,lotto_america,lotto_america_52_10_2017,2024-05-01,,,14,19,24,26,40,7,data2n-dual-official,OFFICIAL_VERIFIED,DATA2O_OFFLINE_RECONCILIATION,data2o-dual-official,false
lotto-america-2024-05-04,lotto_america,lotto_america_52_10_2017,2024-05-04,,,5,11,25,37,42,5,data2n-dual-official,OFFICIAL_VERIFIED,DATA2O_OFFLINE_RECONCILIATION,data2o-dual-official,false
lotto-america-2024-05-06,lotto_america,lotto_america_52_10_2017,2024-05-06,,,3,6,11,17,30,10,data2n-dual-official,OFFICIAL_VERIFIED,DATA2O_OFFLINE_RECONCILIATION,data2o-dual-official,false
lotto-america-2024-05-08,lotto_america,lotto_america_52_10_2017,2024-05-08,,,5,11,18,38,47,5,data2n-dual-official,OFFICIAL_VERIFIED,DATA2O_OFFLINE_RECONCILIATION,data2o-dual-official,false
lotto-america-2024-05-11,lotto_america,lotto_america_52_10_2017,2024-05-11,,,15,16,27,50,51,3,data2n-dual-official,OFFICIAL_VERIFIED,DATA2O_OFFLINE_RECONCILIATION,data2o-dual-official,false
lotto-america-2024-05-13,lotto_america,lotto_america_52_10_2017,2024-05-13,,,1,15,16,26,47,4,data2n-dual-official,OFFICIAL_VERIFIED,DATA2O_OFFLINE_RECONCILIATION,data2o-dual-official,false
lotto-america-2024-05-15,lotto_america,lotto_america_52_10_2017,2024-05-15,,,17,25,27,47,51,10,data2n-dual-official,OFFICIAL_VERIFIED,DATA2O_OFFLINE_RECONCILIATION,data2o-dual-official,false
lotto-america-2024-05-18,lotto_america,lotto_america_52_10_2017,2024-05-18,,,7,8,9,12,33,9,data2n-dual-official,OFFICIAL_VERIFIED,DATA2O_OFFLINE_RECONCILIATION,data2o-dual-official,false
lotto-america-2024-05-20,lotto_america,lotto_america_52_10_2017,2024-05-20,,,13,15,24,26,27,3,data2n-dual-official,OFFICIAL_VERIFIED,DATA2O_OFFLINE_RECONCILIATION,data2o-dual-official,false
lotto-america-2024-05-22,lotto_america,lotto_america_52_10_2017,2024-05-22,,,2,5,15,41,43,5,data2n-dual-official,OFFICIAL_VERIFIED,DATA2O_OFFLINE_RECONCILIATION,data2o-dual-official,false
lotto-america-2024-05-25,lotto_america,lotto_america_52_10_2017,2024-05-25,,,12,17,27,29,40,10,data2n-dual-official,OFFICIAL_VERIFIED,DATA2O_OFFLINE_RECONCILIATION,data2o-dual-official,false
lotto-america-2024-05-27,lotto_america,lotto_america_52_10_2017,2024-05-27,,,9,25,32,40,51,5,data2n-dual-official,OFFICIAL_VERIFIED,DATA2O_OFFLINE_RECONCILIATION,data2o-dual-official,false
lotto-america-2024-05-29,lotto_america,lotto_america_52_10_2017,2024-05-29,,,8,9,11,29,36,3,data2n-dual-official,OFFICIAL_VERIFIED,DATA2O_OFFLINE_RECONCILIATION,data2o-dual-official,false
lotto-america-2024-06-01,lotto_america,lotto_america_52_10_2017,2024-06-01,,,13,15,19,29,39,5,data2n-dual-official,OFFICIAL_VERIFIED,DATA2O_OFFLINE_RECONCILIATION,data2o-dual-official,false
lotto-america-2024-06-03,lotto_america,lotto_america_52_10_2017,2024-06-03,,,5,6,22,33,38,4,data2n-dual-official,OFFICIAL_VERIFIED,DATA2O_OFFLINE_RECONCILIATION,data2o-dual-official,false
lotto-america-2024-06-05,lotto_america,lotto_america_52_10_2017,2024-06-05,,,3,15,17,43,49,7,data2n-dual-official,OFFICIAL_VERIFIED,DATA2O_OFFLINE_RECONCILIATION,data2o-dual-official,false
lotto-america-2024-06-08,lotto_america,lotto_america_52_10_2017,2024-06-08,,,5,7,23,37,45,3,data2n-dual-official,OFFICIAL_VERIFIED,DATA2O_OFFLINE_RECONCILIATION,data2o-dual-official,false
lotto-america-2024-06-10,lotto_america,lotto_america_52_10_2017,2024-06-10,,,5,11,14,25,26,9,data2n-dual-official,OFFICIAL_VERIFIED,DATA2O_OFFLINE_RECONCILIATION,data2o-dual-official,false
lotto-america-2024-06-12,lotto_america,lotto_america_52_10_2017,2024-06-12,,,3,11,16,30,44,8,data2n-dual-official,OFFICIAL_VERIFIED,DATA2O_OFFLINE_RECONCILIATION,data2o-dual-official,false
lotto-america-2024-06-15,lotto_america,lotto_america_52_10_2017,2024-06-15,,,26,31,32,36,49,1,data2n-dual-official,OFFICIAL_VERIFIED,DATA2O_OFFLINE_RECONCILIATION,data2o-dual-official,false
lotto-america-2024-06-17,lotto_america,lotto_america_52_10_2017,2024-06-17,,,3,12,28,29,35,3,data2n-dual-official,OFFICIAL_VERIFIED,DATA2O_OFFLINE_RECONCILIATION,data2o-dual-official,false
lotto-america-2024-06-19,lotto_america,lotto_america_52_10_2017,2024-06-19,,,19,21,24,44,51,8,data2n-dual-official,OFFICIAL_VERIFIED,DATA2O_OFFLINE_RECONCILIATION,data2o-dual-official,false
lotto-america-2024-06-22,lotto_america,lotto_america_52_10_2017,2024-06-22,,,1,26,37,39,44,1,data2n-dual-official,OFFICIAL_VERIFIED,DATA2O_OFFLINE_RECONCILIATION,data2o-dual-official,false
lotto-america-2024-06-24,lotto_america,lotto_america_52_10_2017,2024-06-24,,,6,18,22,25,35,1,data2n-dual-official,OFFICIAL_VERIFIED,DATA2O_OFFLINE_RECONCILIATION,data2o-dual-official,false
lotto-america-2024-06-26,lotto_america,lotto_america_52_10_2017,2024-06-26,,,11,12,27,38,48,6,data2n-dual-official,OFFICIAL_VERIFIED,DATA2O_OFFLINE_RECONCILIATION,data2o-dual-official,false
lotto-america-2024-06-29,lotto_america,lotto_america_52_10_2017,2024-06-29,,,10,15,21,22,42,3,data2n-dual-official,OFFICIAL_VERIFIED,DATA2O_OFFLINE_RECONCILIATION,data2o-dual-official,false
lotto-america-2024-07-01,lotto_america,lotto_america_52_10_2017,2024-07-01,,,7,18,36,37,43,9,data2n-dual-official,OFFICIAL_VERIFIED,DATA2O_OFFLINE_RECONCILIATION,data2o-dual-official,false
lotto-america-2024-07-03,lotto_america,lotto_america_52_10_2017,2024-07-03,,,6,7,37,46,49,10,data2n-dual-official,OFFICIAL_VERIFIED,DATA2O_OFFLINE_RECONCILIATION,data2o-dual-official,false
lotto-america-2024-07-06,lotto_america,lotto_america_52_10_2017,2024-07-06,,,11,15,25,38,42,5,data2n-dual-official,OFFICIAL_VERIFIED,DATA2O_OFFLINE_RECONCILIATION,data2o-dual-official,false
lotto-america-2024-07-08,lotto_america,lotto_america_52_10_2017,2024-07-08,,,5,21,22,40,46,5,data2n-dual-official,OFFICIAL_VERIFIED,DATA2O_OFFLINE_RECONCILIATION,data2o-dual-official,false
lotto-america-2024-07-10,lotto_america,lotto_america_52_10_2017,2024-07-10,,,6,21,25,42,51,4,data2n-dual-official,OFFICIAL_VERIFIED,DATA2O_OFFLINE_RECONCILIATION,data2o-dual-official,false
lotto-america-2024-07-13,lotto_america,lotto_america_52_10_2017,2024-07-13,,,8,20,27,34,49,9,data2n-dual-official,OFFICIAL_VERIFIED,DATA2O_OFFLINE_RECONCILIATION,data2o-dual-official,false
lotto-america-2024-07-15,lotto_america,lotto_america_52_10_2017,2024-07-15,,,1,7,10,40,41,9,data2n-dual-official,OFFICIAL_VERIFIED,DATA2O_OFFLINE_RECONCILIATION,data2o-dual-official,false
lotto-america-2024-07-17,lotto_america,lotto_america_52_10_2017,2024-07-17,,,6,9,15,44,49,3,data2n-dual-official,OFFICIAL_VERIFIED,DATA2O_OFFLINE_RECONCILIATION,data2o-dual-official,false
lotto-america-2024-07-20,lotto_america,lotto_america_52_10_2017,2024-07-20,,,6,7,13,16,36,1,data2n-dual-official,OFFICIAL_VERIFIED,DATA2O_OFFLINE_RECONCILIATION,data2o-dual-official,false
lotto-america-2024-07-22,lotto_america,lotto_america_52_10_2017,2024-07-22,,,2,12,15,43,52,1,data2n-dual-official,OFFICIAL_VERIFIED,DATA2O_OFFLINE_RECONCILIATION,data2o-dual-official,false
lotto-america-2024-07-24,lotto_america,lotto_america_52_10_2017,2024-07-24,,,8,11,31,36,40,6,data2n-dual-official,OFFICIAL_VERIFIED,DATA2O_OFFLINE_RECONCILIATION,data2o-dual-official,false
lotto-america-2024-07-27,lotto_america,lotto_america_52_10_2017,2024-07-27,,,9,15,17,42,45,2,data2n-dual-official,OFFICIAL_VERIFIED,DATA2O_OFFLINE_RECONCILIATION,data2o-dual-official,false
lotto-america-2024-07-29,lotto_america,lotto_america_52_10_2017,2024-07-29,,,1,26,44,51,52,4,data2n-dual-official,OFFICIAL_VERIFIED,DATA2O_OFFLINE_RECONCILIATION,data2o-dual-official,false
lotto-america-2024-07-31,lotto_america,lotto_america_52_10_2017,2024-07-31,,,15,27,28,49,51,1,data2n-dual-official,OFFICIAL_VERIFIED,DATA2O_OFFLINE_RECONCILIATION,data2o-dual-official,false
lotto-america-2024-08-03,lotto_america,lotto_america_52_10_2017,2024-08-03,,,5,10,21,42,43,10,data2n-dual-official,OFFICIAL_VERIFIED,DATA2O_OFFLINE_RECONCILIATION,data2o-dual-official,false
lotto-america-2024-08-05,lotto_america,lotto_america_52_10_2017,2024-08-05,,,13,21,29,33,38,2,data2n-dual-official,OFFICIAL_VERIFIED,DATA2O_OFFLINE_RECONCILIATION,data2o-dual-official,false
lotto-america-2024-08-07,lotto_america,lotto_america_52_10_2017,2024-08-07,,,15,24,42,44,51,4,data2n-dual-official,OFFICIAL_VERIFIED,DATA2O_OFFLINE_RECONCILIATION,data2o-dual-official,false
lotto-america-2024-08-10,lotto_america,lotto_america_52_10_2017,2024-08-10,,,6,19,40,41,42,5,data2n-dual-official,OFFICIAL_VERIFIED,DATA2O_OFFLINE_RECONCILIATION,data2o-dual-official,false
lotto-america-2024-08-12,lotto_america,lotto_america_52_10_2017,2024-08-12,,,9,24,27,28,52,3,data2n-dual-official,OFFICIAL_VERIFIED,DATA2O_OFFLINE_RECONCILIATION,data2o-dual-official,false
lotto-america-2024-08-14,lotto_america,lotto_america_52_10_2017,2024-08-14,,,8,11,15,32,42,6,data2n-dual-official,OFFICIAL_VERIFIED,DATA2O_OFFLINE_RECONCILIATION,data2o-dual-official,false
lotto-america-2024-08-17,lotto_america,lotto_america_52_10_2017,2024-08-17,,,4,26,38,42,50,9,data2n-dual-official,OFFICIAL_VERIFIED,DATA2O_OFFLINE_RECONCILIATION,data2o-dual-official,false
lotto-america-2024-08-19,lotto_america,lotto_america_52_10_2017,2024-08-19,,,16,21,41,48,49,4,data2n-dual-official,OFFICIAL_VERIFIED,DATA2O_OFFLINE_RECONCILIATION,data2o-dual-official,false
lotto-america-2024-08-21,lotto_america,lotto_america_52_10_2017,2024-08-21,,,6,25,41,45,46,1,data2n-dual-official,OFFICIAL_VERIFIED,DATA2O_OFFLINE_RECONCILIATION,data2o-dual-official,false
lotto-america-2024-08-24,lotto_america,lotto_america_52_10_2017,2024-08-24,,,3,19,21,28,32,4,data2n-dual-official,OFFICIAL_VERIFIED,DATA2O_OFFLINE_RECONCILIATION,data2o-dual-official,false
lotto-america-2024-08-26,lotto_america,lotto_america_52_10_2017,2024-08-26,,,23,38,42,43,44,10,data2n-dual-official,OFFICIAL_VERIFIED,DATA2O_OFFLINE_RECONCILIATION,data2o-dual-official,false
lotto-america-2024-08-28,lotto_america,lotto_america_52_10_2017,2024-08-28,,,7,28,41,46,52,4,data2n-dual-official,OFFICIAL_VERIFIED,DATA2O_OFFLINE_RECONCILIATION,data2o-dual-official,false
lotto-america-2024-08-31,lotto_america,lotto_america_52_10_2017,2024-08-31,,,17,18,32,42,51,6,data2n-dual-official,OFFICIAL_VERIFIED,DATA2O_OFFLINE_RECONCILIATION,data2o-dual-official,false
lotto-america-2024-09-02,lotto_america,lotto_america_52_10_2017,2024-09-02,,,3,6,7,27,39,3,data2n-dual-official,OFFICIAL_VERIFIED,DATA2O_OFFLINE_RECONCILIATION,data2o-dual-official,false
lotto-america-2024-09-04,lotto_america,lotto_america_52_10_2017,2024-09-04,,,7,9,28,30,31,3,data2n-dual-official,OFFICIAL_VERIFIED,DATA2O_OFFLINE_RECONCILIATION,data2o-dual-official,false
lotto-america-2024-09-07,lotto_america,lotto_america_52_10_2017,2024-09-07,,,1,4,9,33,37,10,data2n-dual-official,OFFICIAL_VERIFIED,DATA2O_OFFLINE_RECONCILIATION,data2o-dual-official,false
lotto-america-2024-09-09,lotto_america,lotto_america_52_10_2017,2024-09-09,,,1,10,20,24,40,1,data2n-dual-official,OFFICIAL_VERIFIED,DATA2O_OFFLINE_RECONCILIATION,data2o-dual-official,false
lotto-america-2024-09-11,lotto_america,lotto_america_52_10_2017,2024-09-11,,,2,9,10,12,24,7,data2n-dual-official,OFFICIAL_VERIFIED,DATA2O_OFFLINE_RECONCILIATION,data2o-dual-official,false
lotto-america-2024-09-14,lotto_america,lotto_america_52_10_2017,2024-09-14,,,6,9,38,42,50,4,data2n-dual-official,OFFICIAL_VERIFIED,DATA2O_OFFLINE_RECONCILIATION,data2o-dual-official,false
lotto-america-2024-09-16,lotto_america,lotto_america_52_10_2017,2024-09-16,,,4,16,41,44,52,5,data2n-dual-official,OFFICIAL_VERIFIED,DATA2O_OFFLINE_RECONCILIATION,data2o-dual-official,false
lotto-america-2024-09-18,lotto_america,lotto_america_52_10_2017,2024-09-18,,,7,17,29,42,45,5,data2n-dual-official,OFFICIAL_VERIFIED,DATA2O_OFFLINE_RECONCILIATION,data2o-dual-official,false
lotto-america-2024-09-21,lotto_america,lotto_america_52_10_2017,2024-09-21,,,1,4,8,37,45,7,data2n-dual-official,OFFICIAL_VERIFIED,DATA2O_OFFLINE_RECONCILIATION,data2o-dual-official,false
lotto-america-2024-09-23,lotto_america,lotto_america_52_10_2017,2024-09-23,,,13,15,22,23,35,9,data2n-dual-official,OFFICIAL_VERIFIED,DATA2O_OFFLINE_RECONCILIATION,data2o-dual-official,false
lotto-america-2024-09-25,lotto_america,lotto_america_52_10_2017,2024-09-25,,,5,10,13,31,52,8,data2n-dual-official,OFFICIAL_VERIFIED,DATA2O_OFFLINE_RECONCILIATION,data2o-dual-official,false
lotto-america-2024-09-28,lotto_america,lotto_america_52_10_2017,2024-09-28,,,12,13,47,48,51,10,data2n-dual-official,OFFICIAL_VERIFIED,DATA2O_OFFLINE_RECONCILIATION,data2o-dual-official,false
lotto-america-2024-09-30,lotto_america,lotto_america_52_10_2017,2024-09-30,,,24,28,29,30,51,10,data2n-dual-official,OFFICIAL_VERIFIED,DATA2O_OFFLINE_RECONCILIATION,data2o-dual-official,false
lotto-america-2024-10-02,lotto_america,lotto_america_52_10_2017,2024-10-02,,,8,10,17,20,28,4,data2n-dual-official,OFFICIAL_VERIFIED,DATA2O_OFFLINE_RECONCILIATION,data2o-dual-official,false
lotto-america-2024-10-05,lotto_america,lotto_america_52_10_2017,2024-10-05,,,8,15,17,32,36,2,data2n-dual-official,OFFICIAL_VERIFIED,DATA2O_OFFLINE_RECONCILIATION,data2o-dual-official,false
lotto-america-2024-10-07,lotto_america,lotto_america_52_10_2017,2024-10-07,,,8,26,28,39,45,10,data2n-dual-official,OFFICIAL_VERIFIED,DATA2O_OFFLINE_RECONCILIATION,data2o-dual-official,false
lotto-america-2024-10-09,lotto_america,lotto_america_52_10_2017,2024-10-09,,,18,28,32,40,51,4,data2n-dual-official,OFFICIAL_VERIFIED,DATA2O_OFFLINE_RECONCILIATION,data2o-dual-official,false
lotto-america-2024-10-12,lotto_america,lotto_america_52_10_2017,2024-10-12,,,11,15,36,37,49,7,data2n-dual-official,OFFICIAL_VERIFIED,DATA2O_OFFLINE_RECONCILIATION,data2o-dual-official,false
lotto-america-2024-10-14,lotto_america,lotto_america_52_10_2017,2024-10-14,,,6,25,31,43,51,4,data2n-dual-official,OFFICIAL_VERIFIED,DATA2O_OFFLINE_RECONCILIATION,data2o-dual-official,false
lotto-america-2024-10-16,lotto_america,lotto_america_52_10_2017,2024-10-16,,,2,16,21,33,52,4,data2n-dual-official,OFFICIAL_VERIFIED,DATA2O_OFFLINE_RECONCILIATION,data2o-dual-official,false
lotto-america-2024-10-19,lotto_america,lotto_america_52_10_2017,2024-10-19,,,3,10,28,34,47,4,data2n-dual-official,OFFICIAL_VERIFIED,DATA2O_OFFLINE_RECONCILIATION,data2o-dual-official,false
lotto-america-2024-10-21,lotto_america,lotto_america_52_10_2017,2024-10-21,,,1,4,20,24,26,4,data2n-dual-official,OFFICIAL_VERIFIED,DATA2O_OFFLINE_RECONCILIATION,data2o-dual-official,false
lotto-america-2024-10-23,lotto_america,lotto_america_52_10_2017,2024-10-23,,,18,38,42,44,47,3,data2n-dual-official,OFFICIAL_VERIFIED,DATA2O_OFFLINE_RECONCILIATION,data2o-dual-official,false
lotto-america-2024-10-26,lotto_america,lotto_america_52_10_2017,2024-10-26,,,2,3,25,42,47,5,data2n-dual-official,OFFICIAL_VERIFIED,DATA2O_OFFLINE_RECONCILIATION,data2o-dual-official,false
lotto-america-2024-10-28,lotto_america,lotto_america_52_10_2017,2024-10-28,,,1,10,22,28,41,3,data2n-dual-official,OFFICIAL_VERIFIED,DATA2O_OFFLINE_RECONCILIATION,data2o-dual-official,false
lotto-america-2024-10-30,lotto_america,lotto_america_52_10_2017,2024-10-30,,,27,30,37,41,50,7,data2n-dual-official,OFFICIAL_VERIFIED,DATA2O_OFFLINE_RECONCILIATION,data2o-dual-official,false
lotto-america-2024-11-02,lotto_america,lotto_america_52_10_2017,2024-11-02,,,7,9,23,32,42,10,data2n-dual-official,OFFICIAL_VERIFIED,DATA2O_OFFLINE_RECONCILIATION,data2o-dual-official,false
lotto-america-2024-11-04,lotto_america,lotto_america_52_10_2017,2024-11-04,,,3,9,12,16,52,3,data2n-dual-official,OFFICIAL_VERIFIED,DATA2O_OFFLINE_RECONCILIATION,data2o-dual-official,false
lotto-america-2024-11-06,lotto_america,lotto_america_52_10_2017,2024-11-06,,,3,19,42,47,48,7,data2n-dual-official,OFFICIAL_VERIFIED,DATA2O_OFFLINE_RECONCILIATION,data2o-dual-official,false
lotto-america-2024-11-09,lotto_america,lotto_america_52_10_2017,2024-11-09,,,14,31,34,41,48,1,data2n-dual-official,OFFICIAL_VERIFIED,DATA2O_OFFLINE_RECONCILIATION,data2o-dual-official,false
lotto-america-2024-11-11,lotto_america,lotto_america_52_10_2017,2024-11-11,,,15,38,39,50,52,10,data2n-dual-official,OFFICIAL_VERIFIED,DATA2O_OFFLINE_RECONCILIATION,data2o-dual-official,false
lotto-america-2024-11-13,lotto_america,lotto_america_52_10_2017,2024-11-13,,,11,23,29,41,42,10,data2n-dual-official,OFFICIAL_VERIFIED,DATA2O_OFFLINE_RECONCILIATION,data2o-dual-official,false
lotto-america-2024-11-16,lotto_america,lotto_america_52_10_2017,2024-11-16,,,4,5,7,24,29,4,data2n-dual-official,OFFICIAL_VERIFIED,DATA2O_OFFLINE_RECONCILIATION,data2o-dual-official,false
lotto-america-2024-11-18,lotto_america,lotto_america_52_10_2017,2024-11-18,,,20,36,37,42,43,6,data2n-dual-official,OFFICIAL_VERIFIED,DATA2O_OFFLINE_RECONCILIATION,data2o-dual-official,false
lotto-america-2024-11-20,lotto_america,lotto_america_52_10_2017,2024-11-20,,,11,17,25,38,47,9,data2n-dual-official,OFFICIAL_VERIFIED,DATA2O_OFFLINE_RECONCILIATION,data2o-dual-official,false
lotto-america-2024-11-23,lotto_america,lotto_america_52_10_2017,2024-11-23,,,2,8,10,14,49,9,data2n-dual-official,OFFICIAL_VERIFIED,DATA2O_OFFLINE_RECONCILIATION,data2o-dual-official,false
lotto-america-2024-11-25,lotto_america,lotto_america_52_10_2017,2024-11-25,,,12,14,16,25,33,1,data2n-dual-official,OFFICIAL_VERIFIED,DATA2O_OFFLINE_RECONCILIATION,data2o-dual-official,false
lotto-america-2024-11-27,lotto_america,lotto_america_52_10_2017,2024-11-27,,,2,20,23,24,29,9,data2n-dual-official,OFFICIAL_VERIFIED,DATA2O_OFFLINE_RECONCILIATION,data2o-dual-official,false
lotto-america-2024-11-30,lotto_america,lotto_america_52_10_2017,2024-11-30,,,4,5,10,15,44,5,data2n-dual-official,OFFICIAL_VERIFIED,DATA2O_OFFLINE_RECONCILIATION,data2o-dual-official,false
lotto-america-2024-12-02,lotto_america,lotto_america_52_10_2017,2024-12-02,,,1,20,37,39,47,4,data2n-dual-official,OFFICIAL_VERIFIED,DATA2O_OFFLINE_RECONCILIATION,data2o-dual-official,false
lotto-america-2024-12-04,lotto_america,lotto_america_52_10_2017,2024-12-04,,,10,13,32,42,44,9,data2n-dual-official,OFFICIAL_VERIFIED,DATA2O_OFFLINE_RECONCILIATION,data2o-dual-official,false
lotto-america-2024-12-07,lotto_america,lotto_america_52_10_2017,2024-12-07,,,7,14,31,44,46,8,data2n-dual-official,OFFICIAL_VERIFIED,DATA2O_OFFLINE_RECONCILIATION,data2o-dual-official,false
lotto-america-2024-12-09,lotto_america,lotto_america_52_10_2017,2024-12-09,,,15,24,29,38,51,3,data2n-dual-official,OFFICIAL_VERIFIED,DATA2O_OFFLINE_RECONCILIATION,data2o-dual-official,false
lotto-america-2024-12-11,lotto_america,lotto_america_52_10_2017,2024-12-11,,,4,14,30,45,50,4,data2n-dual-official,OFFICIAL_VERIFIED,DATA2O_OFFLINE_RECONCILIATION,data2o-dual-official,false
lotto-america-2024-12-14,lotto_america,lotto_america_52_10_2017,2024-12-14,,,2,8,47,51,52,3,data2n-dual-official,OFFICIAL_VERIFIED,DATA2O_OFFLINE_RECONCILIATION,data2o-dual-official,false
lotto-america-2024-12-16,lotto_america,lotto_america_52_10_2017,2024-12-16,,,5,17,18,34,50,8,data2n-dual-official,OFFICIAL_VERIFIED,DATA2O_OFFLINE_RECONCILIATION,data2o-dual-official,false
lotto-america-2024-12-18,lotto_america,lotto_america_52_10_2017,2024-12-18,,,5,10,35,39,47,5,data2n-dual-official,OFFICIAL_VERIFIED,DATA2O_OFFLINE_RECONCILIATION,data2o-dual-official,false
lotto-america-2024-12-21,lotto_america,lotto_america_52_10_2017,2024-12-21,,,9,19,30,39,44,4,data2n-dual-official,OFFICIAL_VERIFIED,DATA2O_OFFLINE_RECONCILIATION,data2o-dual-official,false
lotto-america-2024-12-23,lotto_america,lotto_america_52_10_2017,2024-12-23,,,4,21,28,42,52,1,data2n-dual-official,OFFICIAL_VERIFIED,DATA2O_OFFLINE_RECONCILIATION,data2o-dual-official,false
lotto-america-2024-12-25,lotto_america,lotto_america_52_10_2017,2024-12-25,,,4,5,40,42,52,10,data2n-dual-official,OFFICIAL_VERIFIED,DATA2O_OFFLINE_RECONCILIATION,data2o-dual-official,false
lotto-america-2024-12-28,lotto_america,lotto_america_52_10_2017,2024-12-28,,,12,17,22,30,42,2,data2n-dual-official,OFFICIAL_VERIFIED,DATA2O_OFFLINE_RECONCILIATION,data2o-dual-official,false
lotto-america-2024-12-30,lotto_america,lotto_america_52_10_2017,2024-12-30,,,12,16,38,45,50,8,data2n-dual-official,OFFICIAL_VERIFIED,DATA2O_OFFLINE_RECONCILIATION,data2o-dual-official,false
lotto-america-2025-01-01,lotto_america,lotto_america_52_10_2017,2025-01-01,,,1,2,8,14,30,6,data2n-dual-official,OFFICIAL_VERIFIED,DATA2O_OFFLINE_RECONCILIATION,data2o-dual-official,false
lotto-america-2025-01-04,lotto_america,lotto_america_52_10_2017,2025-01-04,,,1,3,17,21,34,4,data2n-dual-official,OFFICIAL_VERIFIED,DATA2O_OFFLINE_RECONCILIATION,data2o-dual-official,false
lotto-america-2025-01-06,lotto_america,lotto_america_52_10_2017,2025-01-06,,,15,34,45,50,51,8,data2n-dual-official,OFFICIAL_VERIFIED,DATA2O_OFFLINE_RECONCILIATION,data2o-dual-official,false
lotto-america-2025-01-08,lotto_america,lotto_america_52_10_2017,2025-01-08,,,4,15,33,39,41,7,data2n-dual-official,OFFICIAL_VERIFIED,DATA2O_OFFLINE_RECONCILIATION,data2o-dual-official,false
lotto-america-2025-01-11,lotto_america,lotto_america_52_10_2017,2025-01-11,,,7,10,16,47,52,1,data2n-dual-official,OFFICIAL_VERIFIED,DATA2O_OFFLINE_RECONCILIATION,data2o-dual-official,false
lotto-america-2025-01-13,lotto_america,lotto_america_52_10_2017,2025-01-13,,,5,11,37,49,50,4,data2n-dual-official,OFFICIAL_VERIFIED,DATA2O_OFFLINE_RECONCILIATION,data2o-dual-official,false
lotto-america-2025-01-15,lotto_america,lotto_america_52_10_2017,2025-01-15,,,2,11,28,40,47,3,data2n-dual-official,OFFICIAL_VERIFIED,DATA2O_OFFLINE_RECONCILIATION,data2o-dual-official,false
lotto-america-2025-01-18,lotto_america,lotto_america_52_10_2017,2025-01-18,,,16,28,41,47,52,3,data2n-dual-official,OFFICIAL_VERIFIED,DATA2O_OFFLINE_RECONCILIATION,data2o-dual-official,false
lotto-america-2025-01-20,lotto_america,lotto_america_52_10_2017,2025-01-20,,,2,4,22,23,32,5,data2n-dual-official,OFFICIAL_VERIFIED,DATA2O_OFFLINE_RECONCILIATION,data2o-dual-official,false
lotto-america-2025-01-22,lotto_america,lotto_america_52_10_2017,2025-01-22,,,8,16,27,32,43,4,data2n-dual-official,OFFICIAL_VERIFIED,DATA2O_OFFLINE_RECONCILIATION,data2o-dual-official,false
lotto-america-2025-01-25,lotto_america,lotto_america_52_10_2017,2025-01-25,,,8,31,35,44,46,10,data2n-dual-official,OFFICIAL_VERIFIED,DATA2O_OFFLINE_RECONCILIATION,data2o-dual-official,false
lotto-america-2025-01-27,lotto_america,lotto_america_52_10_2017,2025-01-27,,,3,7,21,33,45,2,data2n-dual-official,OFFICIAL_VERIFIED,DATA2O_OFFLINE_RECONCILIATION,data2o-dual-official,false
lotto-america-2025-01-29,lotto_america,lotto_america_52_10_2017,2025-01-29,,,9,20,23,42,45,2,data2n-dual-official,OFFICIAL_VERIFIED,DATA2O_OFFLINE_RECONCILIATION,data2o-dual-official,false
lotto-america-2025-02-01,lotto_america,lotto_america_52_10_2017,2025-02-01,,,14,15,21,35,52,6,data2n-dual-official,OFFICIAL_VERIFIED,DATA2O_OFFLINE_RECONCILIATION,data2o-dual-official,false
lotto-america-2025-02-03,lotto_america,lotto_america_52_10_2017,2025-02-03,,,10,33,35,49,51,3,data2n-dual-official,OFFICIAL_VERIFIED,DATA2O_OFFLINE_RECONCILIATION,data2o-dual-official,false
lotto-america-2025-02-05,lotto_america,lotto_america_52_10_2017,2025-02-05,,,4,13,17,44,45,5,data2n-dual-official,OFFICIAL_VERIFIED,DATA2O_OFFLINE_RECONCILIATION,data2o-dual-official,false
lotto-america-2025-02-08,lotto_america,lotto_america_52_10_2017,2025-02-08,,,2,5,6,30,50,6,data2n-dual-official,OFFICIAL_VERIFIED,DATA2O_OFFLINE_RECONCILIATION,data2o-dual-official,false
lotto-america-2025-02-10,lotto_america,lotto_america_52_10_2017,2025-02-10,,,7,10,13,31,50,5,data2n-dual-official,OFFICIAL_VERIFIED,DATA2O_OFFLINE_RECONCILIATION,data2o-dual-official,false
lotto-america-2025-02-12,lotto_america,lotto_america_52_10_2017,2025-02-12,,,6,16,23,27,30,1,data2n-dual-official,OFFICIAL_VERIFIED,DATA2O_OFFLINE_RECONCILIATION,data2o-dual-official,false
lotto-america-2025-02-15,lotto_america,lotto_america_52_10_2017,2025-02-15,,,17,29,39,41,52,3,data2n-dual-official,OFFICIAL_VERIFIED,DATA2O_OFFLINE_RECONCILIATION,data2o-dual-official,false
lotto-america-2025-02-17,lotto_america,lotto_america_52_10_2017,2025-02-17,,,20,22,24,37,48,5,data2n-dual-official,OFFICIAL_VERIFIED,DATA2O_OFFLINE_RECONCILIATION,data2o-dual-official,false
lotto-america-2025-02-19,lotto_america,lotto_america_52_10_2017,2025-02-19,,,3,22,23,35,41,2,data2n-dual-official,OFFICIAL_VERIFIED,DATA2O_OFFLINE_RECONCILIATION,data2o-dual-official,false
lotto-america-2025-02-22,lotto_america,lotto_america_52_10_2017,2025-02-22,,,3,24,26,34,35,6,data2n-dual-official,OFFICIAL_VERIFIED,DATA2O_OFFLINE_RECONCILIATION,data2o-dual-official,false
lotto-america-2025-02-24,lotto_america,lotto_america_52_10_2017,2025-02-24,,,1,21,30,35,41,3,data2n-dual-official,OFFICIAL_VERIFIED,DATA2O_OFFLINE_RECONCILIATION,data2o-dual-official,false
lotto-america-2025-02-26,lotto_america,lotto_america_52_10_2017,2025-02-26,,,8,11,21,27,39,5,data2n-dual-official,OFFICIAL_VERIFIED,DATA2O_OFFLINE_RECONCILIATION,data2o-dual-official,false
lotto-america-2025-03-01,lotto_america,lotto_america_52_10_2017,2025-03-01,,,8,9,13,33,41,6,data2n-dual-official,OFFICIAL_VERIFIED,DATA2O_OFFLINE_RECONCILIATION,data2o-dual-official,false
lotto-america-2025-03-03,lotto_america,lotto_america_52_10_2017,2025-03-03,,,12,25,29,40,49,3,data2n-dual-official,OFFICIAL_VERIFIED,DATA2O_OFFLINE_RECONCILIATION,data2o-dual-official,false
lotto-america-2025-03-05,lotto_america,lotto_america_52_10_2017,2025-03-05,,,10,15,23,35,41,4,data2n-dual-official,OFFICIAL_VERIFIED,DATA2O_OFFLINE_RECONCILIATION,data2o-dual-official,false
lotto-america-2025-03-08,lotto_america,lotto_america_52_10_2017,2025-03-08,,,1,30,31,36,43,9,data2n-dual-official,OFFICIAL_VERIFIED,DATA2O_OFFLINE_RECONCILIATION,data2o-dual-official,false
lotto-america-2025-03-10,lotto_america,lotto_america_52_10_2017,2025-03-10,,,13,15,34,36,39,10,data2n-dual-official,OFFICIAL_VERIFIED,DATA2O_OFFLINE_RECONCILIATION,data2o-dual-official,false
lotto-america-2025-03-12,lotto_america,lotto_america_52_10_2017,2025-03-12,,,4,17,21,28,48,4,data2n-dual-official,OFFICIAL_VERIFIED,DATA2O_OFFLINE_RECONCILIATION,data2o-dual-official,false
lotto-america-2025-03-15,lotto_america,lotto_america_52_10_2017,2025-03-15,,,16,39,41,44,51,7,data2n-dual-official,OFFICIAL_VERIFIED,DATA2O_OFFLINE_RECONCILIATION,data2o-dual-official,false
lotto-america-2025-03-17,lotto_america,lotto_america_52_10_2017,2025-03-17,,,11,12,20,29,33,8,data2n-dual-official,OFFICIAL_VERIFIED,DATA2O_OFFLINE_RECONCILIATION,data2o-dual-official,false
lotto-america-2025-03-19,lotto_america,lotto_america_52_10_2017,2025-03-19,,,4,8,26,34,36,6,data2n-dual-official,OFFICIAL_VERIFIED,DATA2O_OFFLINE_RECONCILIATION,data2o-dual-official,false
lotto-america-2025-03-22,lotto_america,lotto_america_52_10_2017,2025-03-22,,,6,21,43,47,52,3,data2n-dual-official,OFFICIAL_VERIFIED,DATA2O_OFFLINE_RECONCILIATION,data2o-dual-official,false
lotto-america-2025-03-24,lotto_america,lotto_america_52_10_2017,2025-03-24,,,14,34,35,40,44,4,data2n-dual-official,OFFICIAL_VERIFIED,DATA2O_OFFLINE_RECONCILIATION,data2o-dual-official,false
lotto-america-2025-03-26,lotto_america,lotto_america_52_10_2017,2025-03-26,,,16,19,30,37,47,6,data2n-dual-official,OFFICIAL_VERIFIED,DATA2O_OFFLINE_RECONCILIATION,data2o-dual-official,false
lotto-america-2025-03-29,lotto_america,lotto_america_52_10_2017,2025-03-29,,,2,21,33,46,52,8,data2n-dual-official,OFFICIAL_VERIFIED,DATA2O_OFFLINE_RECONCILIATION,data2o-dual-official,false
lotto-america-2025-03-31,lotto_america,lotto_america_52_10_2017,2025-03-31,,,11,24,33,38,47,1,data2n-dual-official,OFFICIAL_VERIFIED,DATA2O_OFFLINE_RECONCILIATION,data2o-dual-official,false
lotto-america-2025-04-02,lotto_america,lotto_america_52_10_2017,2025-04-02,,,12,28,39,41,44,1,data2n-dual-official,OFFICIAL_VERIFIED,DATA2O_OFFLINE_RECONCILIATION,data2o-dual-official,false
lotto-america-2025-04-05,lotto_america,lotto_america_52_10_2017,2025-04-05,,,17,26,37,40,51,9,data2n-dual-official,OFFICIAL_VERIFIED,DATA2O_OFFLINE_RECONCILIATION,data2o-dual-official,false
lotto-america-2025-04-07,lotto_america,lotto_america_52_10_2017,2025-04-07,,,4,8,13,27,37,7,data2n-dual-official,OFFICIAL_VERIFIED,DATA2O_OFFLINE_RECONCILIATION,data2o-dual-official,false
lotto-america-2025-04-09,lotto_america,lotto_america_52_10_2017,2025-04-09,,,12,19,30,42,46,7,data2n-dual-official,OFFICIAL_VERIFIED,DATA2O_OFFLINE_RECONCILIATION,data2o-dual-official,false
lotto-america-2025-04-12,lotto_america,lotto_america_52_10_2017,2025-04-12,,,16,24,42,50,52,8,data2n-dual-official,OFFICIAL_VERIFIED,DATA2O_OFFLINE_RECONCILIATION,data2o-dual-official,false
lotto-america-2025-04-14,lotto_america,lotto_america_52_10_2017,2025-04-14,,,7,10,13,21,42,10,data2n-dual-official,OFFICIAL_VERIFIED,DATA2O_OFFLINE_RECONCILIATION,data2o-dual-official,false
lotto-america-2025-04-16,lotto_america,lotto_america_52_10_2017,2025-04-16,,,2,5,45,47,48,8,data2n-dual-official,OFFICIAL_VERIFIED,DATA2O_OFFLINE_RECONCILIATION,data2o-dual-official,false
lotto-america-2025-04-19,lotto_america,lotto_america_52_10_2017,2025-04-19,,,4,11,23,29,36,9,data2n-dual-official,OFFICIAL_VERIFIED,DATA2O_OFFLINE_RECONCILIATION,data2o-dual-official,false
lotto-america-2025-04-21,lotto_america,lotto_america_52_10_2017,2025-04-21,,,2,4,13,21,44,8,data2n-dual-official,OFFICIAL_VERIFIED,DATA2O_OFFLINE_RECONCILIATION,data2o-dual-official,false
lotto-america-2025-04-23,lotto_america,lotto_america_52_10_2017,2025-04-23,,,18,24,34,40,42,8,data2n-dual-official,OFFICIAL_VERIFIED,DATA2O_OFFLINE_RECONCILIATION,data2o-dual-official,false
lotto-america-2025-04-26,lotto_america,lotto_america_52_10_2017,2025-04-26,,,1,9,14,31,34,2,data2n-dual-official,OFFICIAL_VERIFIED,DATA2O_OFFLINE_RECONCILIATION,data2o-dual-official,false
lotto-america-2025-04-28,lotto_america,lotto_america_52_10_2017,2025-04-28,,,18,19,32,44,50,10,data2n-dual-official,OFFICIAL_VERIFIED,DATA2O_OFFLINE_RECONCILIATION,data2o-dual-official,false
lotto-america-2025-04-30,lotto_america,lotto_america_52_10_2017,2025-04-30,,,5,22,23,24,36,7,data2n-dual-official,OFFICIAL_VERIFIED,DATA2O_OFFLINE_RECONCILIATION,data2o-dual-official,false
lotto-america-2025-05-03,lotto_america,lotto_america_52_10_2017,2025-05-03,,,21,23,39,45,50,1,data2n-dual-official,OFFICIAL_VERIFIED,DATA2O_OFFLINE_RECONCILIATION,data2o-dual-official,false
lotto-america-2025-05-05,lotto_america,lotto_america_52_10_2017,2025-05-05,,,5,13,20,22,28,5,data2n-dual-official,OFFICIAL_VERIFIED,DATA2O_OFFLINE_RECONCILIATION,data2o-dual-official,false
lotto-america-2025-05-07,lotto_america,lotto_america_52_10_2017,2025-05-07,,,3,6,9,13,17,8,data2n-dual-official,OFFICIAL_VERIFIED,DATA2O_OFFLINE_RECONCILIATION,data2o-dual-official,false
lotto-america-2025-05-10,lotto_america,lotto_america_52_10_2017,2025-05-10,,,10,12,27,45,51,1,data2n-dual-official,OFFICIAL_VERIFIED,DATA2O_OFFLINE_RECONCILIATION,data2o-dual-official,false
lotto-america-2025-05-12,lotto_america,lotto_america_52_10_2017,2025-05-12,,,2,8,9,20,42,3,data2n-dual-official,OFFICIAL_VERIFIED,DATA2O_OFFLINE_RECONCILIATION,data2o-dual-official,false
lotto-america-2025-05-14,lotto_america,lotto_america_52_10_2017,2025-05-14,,,8,17,38,42,50,5,data2n-dual-official,OFFICIAL_VERIFIED,DATA2O_OFFLINE_RECONCILIATION,data2o-dual-official,false
lotto-america-2025-05-17,lotto_america,lotto_america_52_10_2017,2025-05-17,,,16,18,24,25,34,2,data2n-dual-official,OFFICIAL_VERIFIED,DATA2O_OFFLINE_RECONCILIATION,data2o-dual-official,false
lotto-america-2025-05-19,lotto_america,lotto_america_52_10_2017,2025-05-19,,,4,24,25,45,47,2,data2n-dual-official,OFFICIAL_VERIFIED,DATA2O_OFFLINE_RECONCILIATION,data2o-dual-official,false
lotto-america-2025-05-21,lotto_america,lotto_america_52_10_2017,2025-05-21,,,1,14,15,19,31,9,data2n-dual-official,OFFICIAL_VERIFIED,DATA2O_OFFLINE_RECONCILIATION,data2o-dual-official,false
lotto-america-2025-05-24,lotto_america,lotto_america_52_10_2017,2025-05-24,,,8,19,24,28,49,1,data2n-dual-official,OFFICIAL_VERIFIED,DATA2O_OFFLINE_RECONCILIATION,data2o-dual-official,false
lotto-america-2025-05-26,lotto_america,lotto_america_52_10_2017,2025-05-26,,,2,13,25,37,42,1,data2n-dual-official,OFFICIAL_VERIFIED,DATA2O_OFFLINE_RECONCILIATION,data2o-dual-official,false
lotto-america-2025-05-28,lotto_america,lotto_america_52_10_2017,2025-05-28,,,4,6,8,33,35,5,data2n-dual-official,OFFICIAL_VERIFIED,DATA2O_OFFLINE_RECONCILIATION,data2o-dual-official,false
lotto-america-2025-05-31,lotto_america,lotto_america_52_10_2017,2025-05-31,,,5,11,23,40,47,10,data2n-dual-official,OFFICIAL_VERIFIED,DATA2O_OFFLINE_RECONCILIATION,data2o-dual-official,false
lotto-america-2025-06-02,lotto_america,lotto_america_52_10_2017,2025-06-02,,,5,7,20,28,35,3,data2n-dual-official,OFFICIAL_VERIFIED,DATA2O_OFFLINE_RECONCILIATION,data2o-dual-official,false
lotto-america-2025-06-04,lotto_america,lotto_america_52_10_2017,2025-06-04,,,1,6,26,41,51,8,data2n-dual-official,OFFICIAL_VERIFIED,DATA2O_OFFLINE_RECONCILIATION,data2o-dual-official,false
lotto-america-2025-06-07,lotto_america,lotto_america_52_10_2017,2025-06-07,,,1,17,19,36,43,3,data2n-dual-official,OFFICIAL_VERIFIED,DATA2O_OFFLINE_RECONCILIATION,data2o-dual-official,false
lotto-america-2025-06-09,lotto_america,lotto_america_52_10_2017,2025-06-09,,,6,14,35,44,49,5,data2n-dual-official,OFFICIAL_VERIFIED,DATA2O_OFFLINE_RECONCILIATION,data2o-dual-official,false
lotto-america-2025-06-11,lotto_america,lotto_america_52_10_2017,2025-06-11,,,4,12,13,20,26,4,data2n-dual-official,OFFICIAL_VERIFIED,DATA2O_OFFLINE_RECONCILIATION,data2o-dual-official,false
lotto-america-2025-06-14,lotto_america,lotto_america_52_10_2017,2025-06-14,,,19,22,26,31,51,9,data2n-dual-official,OFFICIAL_VERIFIED,DATA2O_OFFLINE_RECONCILIATION,data2o-dual-official,false
lotto-america-2025-06-16,lotto_america,lotto_america_52_10_2017,2025-06-16,,,4,19,35,43,51,1,data2n-dual-official,OFFICIAL_VERIFIED,DATA2O_OFFLINE_RECONCILIATION,data2o-dual-official,false
lotto-america-2025-06-18,lotto_america,lotto_america_52_10_2017,2025-06-18,,,11,18,25,29,32,9,data2n-dual-official,OFFICIAL_VERIFIED,DATA2O_OFFLINE_RECONCILIATION,data2o-dual-official,false
lotto-america-2025-06-21,lotto_america,lotto_america_52_10_2017,2025-06-21,,,4,6,14,37,43,2,data2n-dual-official,OFFICIAL_VERIFIED,DATA2O_OFFLINE_RECONCILIATION,data2o-dual-official,false
lotto-america-2025-06-23,lotto_america,lotto_america_52_10_2017,2025-06-23,,,16,18,26,40,46,7,data2n-dual-official,OFFICIAL_VERIFIED,DATA2O_OFFLINE_RECONCILIATION,data2o-dual-official,false
lotto-america-2025-06-25,lotto_america,lotto_america_52_10_2017,2025-06-25,,,12,14,25,30,42,4,data2n-dual-official,OFFICIAL_VERIFIED,DATA2O_OFFLINE_RECONCILIATION,data2o-dual-official,false
lotto-america-2025-06-28,lotto_america,lotto_america_52_10_2017,2025-06-28,,,6,25,26,37,45,1,data2n-dual-official,OFFICIAL_VERIFIED,DATA2O_OFFLINE_RECONCILIATION,data2o-dual-official,false
lotto-america-2025-06-30,lotto_america,lotto_america_52_10_2017,2025-06-30,,,5,8,18,32,46,4,data2n-dual-official,OFFICIAL_VERIFIED,DATA2O_OFFLINE_RECONCILIATION,data2o-dual-official,false
lotto-america-2025-07-02,lotto_america,lotto_america_52_10_2017,2025-07-02,,,8,19,20,21,39,7,data2n-dual-official,OFFICIAL_VERIFIED,DATA2O_OFFLINE_RECONCILIATION,data2o-dual-official,false
lotto-america-2025-07-05,lotto_america,lotto_america_52_10_2017,2025-07-05,,,8,10,36,43,45,9,data2n-dual-official,OFFICIAL_VERIFIED,DATA2O_OFFLINE_RECONCILIATION,data2o-dual-official,false
lotto-america-2025-07-07,lotto_america,lotto_america_52_10_2017,2025-07-07,,,8,18,27,31,41,9,data2n-dual-official,OFFICIAL_VERIFIED,DATA2O_OFFLINE_RECONCILIATION,data2o-dual-official,false
lotto-america-2025-07-09,lotto_america,lotto_america_52_10_2017,2025-07-09,,,2,10,27,30,50,5,data2n-dual-official,OFFICIAL_VERIFIED,DATA2O_OFFLINE_RECONCILIATION,data2o-dual-official,false
lotto-america-2025-07-12,lotto_america,lotto_america_52_10_2017,2025-07-12,,,2,10,12,21,45,3,data2n-dual-official,OFFICIAL_VERIFIED,DATA2O_OFFLINE_RECONCILIATION,data2o-dual-official,false
lotto-america-2025-07-14,lotto_america,lotto_america_52_10_2017,2025-07-14,,,9,30,35,43,49,8,data2n-dual-official,OFFICIAL_VERIFIED,DATA2O_OFFLINE_RECONCILIATION,data2o-dual-official,false
lotto-america-2025-07-16,lotto_america,lotto_america_52_10_2017,2025-07-16,,,5,35,37,46,50,9,data2n-dual-official,OFFICIAL_VERIFIED,DATA2O_OFFLINE_RECONCILIATION,data2o-dual-official,false
lotto-america-2025-07-19,lotto_america,lotto_america_52_10_2017,2025-07-19,,,4,25,32,42,51,10,data2n-dual-official,OFFICIAL_VERIFIED,DATA2O_OFFLINE_RECONCILIATION,data2o-dual-official,false
lotto-america-2025-07-21,lotto_america,lotto_america_52_10_2017,2025-07-21,,,5,7,13,47,52,6,data2n-dual-official,OFFICIAL_VERIFIED,DATA2O_OFFLINE_RECONCILIATION,data2o-dual-official,false
lotto-america-2025-07-23,lotto_america,lotto_america_52_10_2017,2025-07-23,,,4,32,36,39,52,1,data2n-dual-official,OFFICIAL_VERIFIED,DATA2O_OFFLINE_RECONCILIATION,data2o-dual-official,false
lotto-america-2025-07-26,lotto_america,lotto_america_52_10_2017,2025-07-26,,,8,16,20,35,48,8,data2n-dual-official,OFFICIAL_VERIFIED,DATA2O_OFFLINE_RECONCILIATION,data2o-dual-official,false
lotto-america-2025-07-28,lotto_america,lotto_america_52_10_2017,2025-07-28,,,8,12,23,25,31,10,data2n-dual-official,OFFICIAL_VERIFIED,DATA2O_OFFLINE_RECONCILIATION,data2o-dual-official,false
lotto-america-2025-07-30,lotto_america,lotto_america_52_10_2017,2025-07-30,,,9,13,26,43,51,4,data2n-dual-official,OFFICIAL_VERIFIED,DATA2O_OFFLINE_RECONCILIATION,data2o-dual-official,false
lotto-america-2025-08-02,lotto_america,lotto_america_52_10_2017,2025-08-02,,,7,16,22,31,39,6,data2n-dual-official,OFFICIAL_VERIFIED,DATA2O_OFFLINE_RECONCILIATION,data2o-dual-official,false
lotto-america-2025-08-04,lotto_america,lotto_america_52_10_2017,2025-08-04,,,1,8,18,22,42,8,data2n-dual-official,OFFICIAL_VERIFIED,DATA2O_OFFLINE_RECONCILIATION,data2o-dual-official,false
lotto-america-2025-08-06,lotto_america,lotto_america_52_10_2017,2025-08-06,,,26,29,30,33,40,1,data2n-dual-official,OFFICIAL_VERIFIED,DATA2O_OFFLINE_RECONCILIATION,data2o-dual-official,false
lotto-america-2025-08-09,lotto_america,lotto_america_52_10_2017,2025-08-09,,,1,9,24,37,40,1,data2n-dual-official,OFFICIAL_VERIFIED,DATA2O_OFFLINE_RECONCILIATION,data2o-dual-official,false
lotto-america-2025-08-11,lotto_america,lotto_america_52_10_2017,2025-08-11,,,1,9,23,25,42,3,data2n-dual-official,OFFICIAL_VERIFIED,DATA2O_OFFLINE_RECONCILIATION,data2o-dual-official,false
lotto-america-2025-08-13,lotto_america,lotto_america_52_10_2017,2025-08-13,,,17,23,27,45,52,3,data2n-dual-official,OFFICIAL_VERIFIED,DATA2O_OFFLINE_RECONCILIATION,data2o-dual-official,false
lotto-america-2025-08-16,lotto_america,lotto_america_52_10_2017,2025-08-16,,,9,15,34,45,47,4,data2n-dual-official,OFFICIAL_VERIFIED,DATA2O_OFFLINE_RECONCILIATION,data2o-dual-official,false
lotto-america-2025-08-18,lotto_america,lotto_america_52_10_2017,2025-08-18,,,2,7,26,30,49,2,data2n-dual-official,OFFICIAL_VERIFIED,DATA2O_OFFLINE_RECONCILIATION,data2o-dual-official,false
lotto-america-2025-08-20,lotto_america,lotto_america_52_10_2017,2025-08-20,,,3,12,27,35,39,6,data2n-dual-official,OFFICIAL_VERIFIED,DATA2O_OFFLINE_RECONCILIATION,data2o-dual-official,false
lotto-america-2025-08-23,lotto_america,lotto_america_52_10_2017,2025-08-23,,,1,6,11,28,31,10,data2n-dual-official,OFFICIAL_VERIFIED,DATA2O_OFFLINE_RECONCILIATION,data2o-dual-official,false
lotto-america-2025-08-25,lotto_america,lotto_america_52_10_2017,2025-08-25,,,1,4,5,10,28,8,data2n-dual-official,OFFICIAL_VERIFIED,DATA2O_OFFLINE_RECONCILIATION,data2o-dual-official,false
lotto-america-2025-08-27,lotto_america,lotto_america_52_10_2017,2025-08-27,,,12,13,25,40,52,9,data2n-dual-official,OFFICIAL_VERIFIED,DATA2O_OFFLINE_RECONCILIATION,data2o-dual-official,false
lotto-america-2025-08-30,lotto_america,lotto_america_52_10_2017,2025-08-30,,,10,16,19,21,45,2,data2n-dual-official,OFFICIAL_VERIFIED,DATA2O_OFFLINE_RECONCILIATION,data2o-dual-official,false
lotto-america-2025-09-01,lotto_america,lotto_america_52_10_2017,2025-09-01,,,4,10,11,23,32,3,data2n-dual-official,OFFICIAL_VERIFIED,DATA2O_OFFLINE_RECONCILIATION,data2o-dual-official,false
lotto-america-2025-09-03,lotto_america,lotto_america_52_10_2017,2025-09-03,,,15,31,34,51,52,5,data2n-dual-official,OFFICIAL_VERIFIED,DATA2O_OFFLINE_RECONCILIATION,data2o-dual-official,false
lotto-america-2025-09-06,lotto_america,lotto_america_52_10_2017,2025-09-06,,,3,9,35,39,48,1,data2n-dual-official,OFFICIAL_VERIFIED,DATA2O_OFFLINE_RECONCILIATION,data2o-dual-official,false
lotto-america-2025-09-08,lotto_america,lotto_america_52_10_2017,2025-09-08,,,3,9,37,44,47,4,data2n-dual-official,OFFICIAL_VERIFIED,DATA2O_OFFLINE_RECONCILIATION,data2o-dual-official,false
lotto-america-2025-09-10,lotto_america,lotto_america_52_10_2017,2025-09-10,,,14,24,38,49,50,5,data2n-dual-official,OFFICIAL_VERIFIED,DATA2O_OFFLINE_RECONCILIATION,data2o-dual-official,false
lotto-america-2025-09-13,lotto_america,lotto_america_52_10_2017,2025-09-13,,,20,24,25,28,46,1,data2n-dual-official,OFFICIAL_VERIFIED,DATA2O_OFFLINE_RECONCILIATION,data2o-dual-official,false
lotto-america-2025-09-15,lotto_america,lotto_america_52_10_2017,2025-09-15,,,14,16,17,33,43,3,data2n-dual-official,OFFICIAL_VERIFIED,DATA2O_OFFLINE_RECONCILIATION,data2o-dual-official,false
lotto-america-2025-09-17,lotto_america,lotto_america_52_10_2017,2025-09-17,,,8,33,36,45,51,2,data2n-dual-official,OFFICIAL_VERIFIED,DATA2O_OFFLINE_RECONCILIATION,data2o-dual-official,false
lotto-america-2025-09-20,lotto_america,lotto_america_52_10_2017,2025-09-20,,,2,13,17,36,42,8,data2n-dual-official,OFFICIAL_VERIFIED,DATA2O_OFFLINE_RECONCILIATION,data2o-dual-official,false
lotto-america-2025-09-22,lotto_america,lotto_america_52_10_2017,2025-09-22,,,2,5,34,41,44,10,data2n-dual-official,OFFICIAL_VERIFIED,DATA2O_OFFLINE_RECONCILIATION,data2o-dual-official,false
lotto-america-2025-09-24,lotto_america,lotto_america_52_10_2017,2025-09-24,,,6,24,27,35,46,2,data2n-dual-official,OFFICIAL_VERIFIED,DATA2O_OFFLINE_RECONCILIATION,data2o-dual-official,false
lotto-america-2025-09-27,lotto_america,lotto_america_52_10_2017,2025-09-27,,,2,12,20,34,43,7,data2n-dual-official,OFFICIAL_VERIFIED,DATA2O_OFFLINE_RECONCILIATION,data2o-dual-official,false
lotto-america-2025-09-29,lotto_america,lotto_america_52_10_2017,2025-09-29,,,5,38,49,51,52,8,data2n-dual-official,OFFICIAL_VERIFIED,DATA2O_OFFLINE_RECONCILIATION,data2o-dual-official,false
lotto-america-2025-10-01,lotto_america,lotto_america_52_10_2017,2025-10-01,,,12,28,42,44,48,3,data2n-dual-official,OFFICIAL_VERIFIED,DATA2O_OFFLINE_RECONCILIATION,data2o-dual-official,false
lotto-america-2025-10-04,lotto_america,lotto_america_52_10_2017,2025-10-04,,,9,27,28,45,51,6,data2n-dual-official,OFFICIAL_VERIFIED,DATA2O_OFFLINE_RECONCILIATION,data2o-dual-official,false
lotto-america-2025-10-06,lotto_america,lotto_america_52_10_2017,2025-10-06,,,3,11,21,25,32,6,data2n-dual-official,OFFICIAL_VERIFIED,DATA2O_OFFLINE_RECONCILIATION,data2o-dual-official,false
lotto-america-2025-10-08,lotto_america,lotto_america_52_10_2017,2025-10-08,,,4,10,15,17,19,10,data2n-dual-official,OFFICIAL_VERIFIED,DATA2O_OFFLINE_RECONCILIATION,data2o-dual-official,false
lotto-america-2025-10-11,lotto_america,lotto_america_52_10_2017,2025-10-11,,,1,17,31,35,39,3,data2n-dual-official,OFFICIAL_VERIFIED,DATA2O_OFFLINE_RECONCILIATION,data2o-dual-official,false
lotto-america-2025-10-13,lotto_america,lotto_america_52_10_2017,2025-10-13,,,5,8,10,39,47,9,data2n-dual-official,OFFICIAL_VERIFIED,DATA2O_OFFLINE_RECONCILIATION,data2o-dual-official,false
lotto-america-2025-10-15,lotto_america,lotto_america_52_10_2017,2025-10-15,,,8,24,33,46,47,4,data2n-dual-official,OFFICIAL_VERIFIED,DATA2O_OFFLINE_RECONCILIATION,data2o-dual-official,false
lotto-america-2025-10-18,lotto_america,lotto_america_52_10_2017,2025-10-18,,,12,26,27,32,35,2,data2n-dual-official,OFFICIAL_VERIFIED,DATA2O_OFFLINE_RECONCILIATION,data2o-dual-official,false
lotto-america-2025-10-20,lotto_america,lotto_america_52_10_2017,2025-10-20,,,20,32,35,43,51,4,data2n-dual-official,OFFICIAL_VERIFIED,DATA2O_OFFLINE_RECONCILIATION,data2o-dual-official,false
lotto-america-2025-10-22,lotto_america,lotto_america_52_10_2017,2025-10-22,,,4,15,28,33,35,6,data2n-dual-official,OFFICIAL_VERIFIED,DATA2O_OFFLINE_RECONCILIATION,data2o-dual-official,false
lotto-america-2025-10-25,lotto_america,lotto_america_52_10_2017,2025-10-25,,,2,31,33,35,50,7,data2n-dual-official,OFFICIAL_VERIFIED,DATA2O_OFFLINE_RECONCILIATION,data2o-dual-official,false
lotto-america-2025-10-27,lotto_america,lotto_america_52_10_2017,2025-10-27,,,12,21,27,35,39,2,data2n-dual-official,OFFICIAL_VERIFIED,DATA2O_OFFLINE_RECONCILIATION,data2o-dual-official,false
lotto-america-2025-10-29,lotto_america,lotto_america_52_10_2017,2025-10-29,,,21,33,40,42,50,5,data2n-dual-official,OFFICIAL_VERIFIED,DATA2O_OFFLINE_RECONCILIATION,data2o-dual-official,false
lotto-america-2025-11-01,lotto_america,lotto_america_52_10_2017,2025-11-01,,,8,11,23,31,47,6,data2n-dual-official,OFFICIAL_VERIFIED,DATA2O_OFFLINE_RECONCILIATION,data2o-dual-official,false
lotto-america-2025-11-03,lotto_america,lotto_america_52_10_2017,2025-11-03,,,7,11,19,25,50,10,data2n-dual-official,OFFICIAL_VERIFIED,DATA2O_OFFLINE_RECONCILIATION,data2o-dual-official,false
lotto-america-2025-11-05,lotto_america,lotto_america_52_10_2017,2025-11-05,,,1,26,35,50,51,5,data2n-dual-official,OFFICIAL_VERIFIED,DATA2O_OFFLINE_RECONCILIATION,data2o-dual-official,false
lotto-america-2025-11-08,lotto_america,lotto_america_52_10_2017,2025-11-08,,,15,21,23,37,52,5,data2n-dual-official,OFFICIAL_VERIFIED,DATA2O_OFFLINE_RECONCILIATION,data2o-dual-official,false
lotto-america-2025-11-10,lotto_america,lotto_america_52_10_2017,2025-11-10,,,6,14,17,26,28,3,data2n-dual-official,OFFICIAL_VERIFIED,DATA2O_OFFLINE_RECONCILIATION,data2o-dual-official,false
lotto-america-2025-11-12,lotto_america,lotto_america_52_10_2017,2025-11-12,,,9,30,31,34,39,2,data2n-dual-official,OFFICIAL_VERIFIED,DATA2O_OFFLINE_RECONCILIATION,data2o-dual-official,false
lotto-america-2025-11-15,lotto_america,lotto_america_52_10_2017,2025-11-15,,,14,21,40,43,48,8,data2n-dual-official,OFFICIAL_VERIFIED,DATA2O_OFFLINE_RECONCILIATION,data2o-dual-official,false
lotto-america-2025-11-17,lotto_america,lotto_america_52_10_2017,2025-11-17,,,2,20,28,36,46,2,data2n-dual-official,OFFICIAL_VERIFIED,DATA2O_OFFLINE_RECONCILIATION,data2o-dual-official,false
lotto-america-2025-11-19,lotto_america,lotto_america_52_10_2017,2025-11-19,,,12,31,39,40,42,8,data2n-dual-official,OFFICIAL_VERIFIED,DATA2O_OFFLINE_RECONCILIATION,data2o-dual-official,false
lotto-america-2025-11-22,lotto_america,lotto_america_52_10_2017,2025-11-22,,,4,12,19,20,50,4,data2n-dual-official,OFFICIAL_VERIFIED,DATA2O_OFFLINE_RECONCILIATION,data2o-dual-official,false
lotto-america-2025-11-24,lotto_america,lotto_america_52_10_2017,2025-11-24,,,1,5,8,19,50,6,data2n-dual-official,OFFICIAL_VERIFIED,DATA2O_OFFLINE_RECONCILIATION,data2o-dual-official,false
lotto-america-2025-11-26,lotto_america,lotto_america_52_10_2017,2025-11-26,,,7,19,25,26,28,7,data2n-dual-official,OFFICIAL_VERIFIED,DATA2O_OFFLINE_RECONCILIATION,data2o-dual-official,false
lotto-america-2025-11-29,lotto_america,lotto_america_52_10_2017,2025-11-29,,,1,15,18,21,46,6,data2n-dual-official,OFFICIAL_VERIFIED,DATA2O_OFFLINE_RECONCILIATION,data2o-dual-official,false
lotto-america-2025-12-01,lotto_america,lotto_america_52_10_2017,2025-12-01,,,5,27,37,43,47,5,data2n-dual-official,OFFICIAL_VERIFIED,DATA2O_OFFLINE_RECONCILIATION,data2o-dual-official,false
lotto-america-2025-12-03,lotto_america,lotto_america_52_10_2017,2025-12-03,,,14,19,27,30,41,10,data2n-dual-official,OFFICIAL_VERIFIED,DATA2O_OFFLINE_RECONCILIATION,data2o-dual-official,false
lotto-america-2025-12-06,lotto_america,lotto_america_52_10_2017,2025-12-06,,,7,8,14,23,41,9,data2n-dual-official,OFFICIAL_VERIFIED,DATA2O_OFFLINE_RECONCILIATION,data2o-dual-official,false
lotto-america-2025-12-08,lotto_america,lotto_america_52_10_2017,2025-12-08,,,7,10,32,33,35,3,data2n-dual-official,OFFICIAL_VERIFIED,DATA2O_OFFLINE_RECONCILIATION,data2o-dual-official,false
lotto-america-2025-12-10,lotto_america,lotto_america_52_10_2017,2025-12-10,,,3,13,37,42,44,1,data2n-dual-official,OFFICIAL_VERIFIED,DATA2O_OFFLINE_RECONCILIATION,data2o-dual-official,false
lotto-america-2025-12-13,lotto_america,lotto_america_52_10_2017,2025-12-13,,,20,26,27,32,46,8,data2n-dual-official,OFFICIAL_VERIFIED,DATA2O_OFFLINE_RECONCILIATION,data2o-dual-official,false
lotto-america-2025-12-15,lotto_america,lotto_america_52_10_2017,2025-12-15,,,8,11,29,36,50,7,data2n-dual-official,OFFICIAL_VERIFIED,DATA2O_OFFLINE_RECONCILIATION,data2o-dual-official,false
lotto-america-2025-12-17,lotto_america,lotto_america_52_10_2017,2025-12-17,,,14,30,38,40,47,6,data2n-dual-official,OFFICIAL_VERIFIED,DATA2O_OFFLINE_RECONCILIATION,data2o-dual-official,false
lotto-america-2025-12-20,lotto_america,lotto_america_52_10_2017,2025-12-20,,,9,12,34,45,50,1,data2n-dual-official,OFFICIAL_VERIFIED,DATA2O_OFFLINE_RECONCILIATION,data2o-dual-official,false
lotto-america-2025-12-22,lotto_america,lotto_america_52_10_2017,2025-12-22,,,1,9,18,19,44,2,data2n-dual-official,OFFICIAL_VERIFIED,DATA2O_OFFLINE_RECONCILIATION,data2o-dual-official,false
lotto-america-2025-12-24,lotto_america,lotto_america_52_10_2017,2025-12-24,,,1,18,27,41,49,9,data2n-dual-official,OFFICIAL_VERIFIED,DATA2O_OFFLINE_RECONCILIATION,data2o-dual-official,false
lotto-america-2025-12-27,lotto_america,lotto_america_52_10_2017,2025-12-27,,,8,10,20,47,50,4,data2n-dual-official,OFFICIAL_VERIFIED,DATA2O_OFFLINE_RECONCILIATION,data2o-dual-official,false
lotto-america-2025-12-29,lotto_america,lotto_america_52_10_2017,2025-12-29,,,1,5,24,35,51,4,data2n-dual-official,OFFICIAL_VERIFIED,DATA2O_OFFLINE_RECONCILIATION,data2o-dual-official,false
lotto-america-2025-12-31,lotto_america,lotto_america_52_10_2017,2025-12-31,,,12,13,37,43,51,8,data2n-dual-official,OFFICIAL_VERIFIED,DATA2O_OFFLINE_RECONCILIATION,data2o-dual-official,false
lotto-america-2026-01-03,lotto_america,lotto_america_52_10_2017,2026-01-03,,,3,4,5,25,42,3,data2n-dual-official,OFFICIAL_VERIFIED,DATA2O_OFFLINE_RECONCILIATION,data2o-dual-official,false
lotto-america-2026-01-05,lotto_america,lotto_america_52_10_2017,2026-01-05,,,12,19,21,30,47,5,data2n-dual-official,OFFICIAL_VERIFIED,DATA2O_OFFLINE_RECONCILIATION,data2o-dual-official,false
lotto-america-2026-01-07,lotto_america,lotto_america_52_10_2017,2026-01-07,,,3,18,25,45,50,4,data2n-dual-official,OFFICIAL_VERIFIED,DATA2O_OFFLINE_RECONCILIATION,data2o-dual-official,false
lotto-america-2026-01-10,lotto_america,lotto_america_52_10_2017,2026-01-10,,,6,15,20,22,25,10,data2n-dual-official,OFFICIAL_VERIFIED,DATA2O_OFFLINE_RECONCILIATION,data2o-dual-official,false
lotto-america-2026-01-12,lotto_america,lotto_america_52_10_2017,2026-01-12,,,9,20,25,30,51,10,data2n-dual-official,OFFICIAL_VERIFIED,DATA2O_OFFLINE_RECONCILIATION,data2o-dual-official,false
lotto-america-2026-01-14,lotto_america,lotto_america_52_10_2017,2026-01-14,,,1,10,23,33,35,6,data2n-dual-official,OFFICIAL_VERIFIED,DATA2O_OFFLINE_RECONCILIATION,data2o-dual-official,false
lotto-america-2026-01-17,lotto_america,lotto_america_52_10_2017,2026-01-17,,,7,28,29,35,39,8,data2n-dual-official,OFFICIAL_VERIFIED,DATA2O_OFFLINE_RECONCILIATION,data2o-dual-official,false
lotto-america-2026-01-19,lotto_america,lotto_america_52_10_2017,2026-01-19,,,2,10,15,18,31,9,data2n-dual-official,OFFICIAL_VERIFIED,DATA2O_OFFLINE_RECONCILIATION,data2o-dual-official,false
lotto-america-2026-01-21,lotto_america,lotto_america_52_10_2017,2026-01-21,,,11,30,39,48,51,4,data2n-dual-official,OFFICIAL_VERIFIED,DATA2O_OFFLINE_RECONCILIATION,data2o-dual-official,false
lotto-america-2026-01-24,lotto_america,lotto_america_52_10_2017,2026-01-24,,,4,11,16,33,42,6,data2n-dual-official,OFFICIAL_VERIFIED,DATA2O_OFFLINE_RECONCILIATION,data2o-dual-official,false
lotto-america-2026-01-26,lotto_america,lotto_america_52_10_2017,2026-01-26,,,2,12,15,27,48,9,data2n-dual-official,OFFICIAL_VERIFIED,DATA2O_OFFLINE_RECONCILIATION,data2o-dual-official,false
lotto-america-2026-01-28,lotto_america,lotto_america_52_10_2017,2026-01-28,,,25,31,33,36,41,2,data2n-dual-official,OFFICIAL_VERIFIED,DATA2O_OFFLINE_RECONCILIATION,data2o-dual-official,false
lotto-america-2026-01-31,lotto_america,lotto_america_52_10_2017,2026-01-31,,,7,21,47,48,49,3,data2n-dual-official,OFFICIAL_VERIFIED,DATA2O_OFFLINE_RECONCILIATION,data2o-dual-official,false
lotto-america-2026-02-02,lotto_america,lotto_america_52_10_2017,2026-02-02,,,10,30,40,47,50,1,data2n-dual-official,OFFICIAL_VERIFIED,DATA2O_OFFLINE_RECONCILIATION,data2o-dual-official,false
lotto-america-2026-02-04,lotto_america,lotto_america_52_10_2017,2026-02-04,,,2,14,30,43,45,10,data2n-dual-official,OFFICIAL_VERIFIED,DATA2O_OFFLINE_RECONCILIATION,data2o-dual-official,false
lotto-america-2026-02-07,lotto_america,lotto_america_52_10_2017,2026-02-07,,,7,22,26,38,41,1,data2n-dual-official,OFFICIAL_VERIFIED,DATA2O_OFFLINE_RECONCILIATION,data2o-dual-official,false
lotto-america-2026-02-09,lotto_america,lotto_america_52_10_2017,2026-02-09,,,2,7,26,28,34,1,data2n-dual-official,OFFICIAL_VERIFIED,DATA2O_OFFLINE_RECONCILIATION,data2o-dual-official,false
lotto-america-2026-02-11,lotto_america,lotto_america_52_10_2017,2026-02-11,,,2,14,28,41,51,2,data2n-dual-official,OFFICIAL_VERIFIED,DATA2O_OFFLINE_RECONCILIATION,data2o-dual-official,false
lotto-america-2026-02-14,lotto_america,lotto_america_52_10_2017,2026-02-14,,,2,4,7,49,51,9,data2n-dual-official,OFFICIAL_VERIFIED,DATA2O_OFFLINE_RECONCILIATION,data2o-dual-official,false
lotto-america-2026-02-16,lotto_america,lotto_america_52_10_2017,2026-02-16,,,1,7,18,36,40,3,data2n-dual-official,OFFICIAL_VERIFIED,DATA2O_OFFLINE_RECONCILIATION,data2o-dual-official,false
lotto-america-2026-02-18,lotto_america,lotto_america_52_10_2017,2026-02-18,,,6,14,19,25,44,6,data2n-dual-official,OFFICIAL_VERIFIED,DATA2O_OFFLINE_RECONCILIATION,data2o-dual-official,false
lotto-america-2026-02-21,lotto_america,lotto_america_52_10_2017,2026-02-21,,,5,14,21,24,34,7,data2n-dual-official,OFFICIAL_VERIFIED,DATA2O_OFFLINE_RECONCILIATION,data2o-dual-official,false
lotto-america-2026-02-23,lotto_america,lotto_america_52_10_2017,2026-02-23,,,2,13,43,46,49,8,data2n-dual-official,OFFICIAL_VERIFIED,DATA2O_OFFLINE_RECONCILIATION,data2o-dual-official,false
lotto-america-2026-02-25,lotto_america,lotto_america_52_10_2017,2026-02-25,,,31,32,41,48,51,6,data2n-dual-official,OFFICIAL_VERIFIED,DATA2O_OFFLINE_RECONCILIATION,data2o-dual-official,false
lotto-america-2026-02-28,lotto_america,lotto_america_52_10_2017,2026-02-28,,,3,5,18,43,51,4,data2n-dual-official,OFFICIAL_VERIFIED,DATA2O_OFFLINE_RECONCILIATION,data2o-dual-official,false
lotto-america-2026-03-02,lotto_america,lotto_america_52_10_2017,2026-03-02,,,3,8,17,24,34,6,data2n-dual-official,OFFICIAL_VERIFIED,DATA2O_OFFLINE_RECONCILIATION,data2o-dual-official,false
lotto-america-2026-03-04,lotto_america,lotto_america_52_10_2017,2026-03-04,,,33,38,39,47,51,7,data2n-dual-official,OFFICIAL_VERIFIED,DATA2O_OFFLINE_RECONCILIATION,data2o-dual-official,false
lotto-america-2026-03-07,lotto_america,lotto_america_52_10_2017,2026-03-07,,,6,8,17,18,45,5,data2n-dual-official,OFFICIAL_VERIFIED,DATA2O_OFFLINE_RECONCILIATION,data2o-dual-official,false
lotto-america-2026-03-09,lotto_america,lotto_america_52_10_2017,2026-03-09,,,3,4,11,20,24,10,data2n-dual-official,OFFICIAL_VERIFIED,DATA2O_OFFLINE_RECONCILIATION,data2o-dual-official,false
lotto-america-2026-03-11,lotto_america,lotto_america_52_10_2017,2026-03-11,,,1,3,22,28,40,7,data2n-dual-official,OFFICIAL_VERIFIED,DATA2O_OFFLINE_RECONCILIATION,data2o-dual-official,false
lotto-america-2026-03-14,lotto_america,lotto_america_52_10_2017,2026-03-14,,,8,9,25,36,44,10,data2n-dual-official,OFFICIAL_VERIFIED,DATA2O_OFFLINE_RECONCILIATION,data2o-dual-official,false
lotto-america-2026-03-16,lotto_america,lotto_america_52_10_2017,2026-03-16,,,14,20,22,29,44,7,data2n-dual-official,OFFICIAL_VERIFIED,DATA2O_OFFLINE_RECONCILIATION,data2o-dual-official,false
lotto-america-2026-03-18,lotto_america,lotto_america_52_10_2017,2026-03-18,,,16,18,29,31,39,7,data2n-dual-official,OFFICIAL_VERIFIED,DATA2O_OFFLINE_RECONCILIATION,data2o-dual-official,false
lotto-america-2026-03-21,lotto_america,lotto_america_52_10_2017,2026-03-21,,,3,11,13,27,52,9,data2n-dual-official,OFFICIAL_VERIFIED,DATA2O_OFFLINE_RECONCILIATION,data2o-dual-official,false
lotto-america-2026-03-23,lotto_america,lotto_america_52_10_2017,2026-03-23,,,3,6,10,32,34,9,data2n-dual-official,OFFICIAL_VERIFIED,DATA2O_OFFLINE_RECONCILIATION,data2o-dual-official,false
lotto-america-2026-03-25,lotto_america,lotto_america_52_10_2017,2026-03-25,,,2,4,9,30,43,4,data2n-dual-official,OFFICIAL_VERIFIED,DATA2O_OFFLINE_RECONCILIATION,data2o-dual-official,false
lotto-america-2026-03-28,lotto_america,lotto_america_52_10_2017,2026-03-28,,,15,29,30,32,35,9,data2n-dual-official,OFFICIAL_VERIFIED,DATA2O_OFFLINE_RECONCILIATION,data2o-dual-official,false
lotto-america-2026-03-30,lotto_america,lotto_america_52_10_2017,2026-03-30,,,1,21,44,47,48,4,data2n-dual-official,OFFICIAL_VERIFIED,DATA2O_OFFLINE_RECONCILIATION,data2o-dual-official,false
lotto-america-2026-04-01,lotto_america,lotto_america_52_10_2017,2026-04-01,,,26,34,39,42,51,5,data2n-dual-official,OFFICIAL_VERIFIED,DATA2O_OFFLINE_RECONCILIATION,data2o-dual-official,false
lotto-america-2026-04-04,lotto_america,lotto_america_52_10_2017,2026-04-04,,,6,31,35,36,40,10,data2n-dual-official,OFFICIAL_VERIFIED,DATA2O_OFFLINE_RECONCILIATION,data2o-dual-official,false
lotto-america-2026-04-06,lotto_america,lotto_america_52_10_2017,2026-04-06,,,22,33,38,44,50,7,data2n-dual-official,OFFICIAL_VERIFIED,DATA2O_OFFLINE_RECONCILIATION,data2o-dual-official,false
lotto-america-2026-04-08,lotto_america,lotto_america_52_10_2017,2026-04-08,,,14,27,40,46,47,2,data2n-dual-official,OFFICIAL_VERIFIED,DATA2O_OFFLINE_RECONCILIATION,data2o-dual-official,false
lotto-america-2026-04-11,lotto_america,lotto_america_52_10_2017,2026-04-11,,,1,21,26,29,32,6,data2n-dual-official,OFFICIAL_VERIFIED,DATA2O_OFFLINE_RECONCILIATION,data2o-dual-official,false
lotto-america-2026-04-13,lotto_america,lotto_america_52_10_2017,2026-04-13,,,1,18,19,35,50,9,data2n-dual-official,OFFICIAL_VERIFIED,DATA2O_OFFLINE_RECONCILIATION,data2o-dual-official,false
lotto-america-2026-04-15,lotto_america,lotto_america_52_10_2017,2026-04-15,,,17,18,31,46,51,2,data2n-dual-official,OFFICIAL_VERIFIED,DATA2O_OFFLINE_RECONCILIATION,data2o-dual-official,false
lotto-america-2026-04-18,lotto_america,lotto_america_52_10_2017,2026-04-18,,,18,21,22,32,42,10,data2n-dual-official,OFFICIAL_VERIFIED,DATA2O_OFFLINE_RECONCILIATION,data2o-dual-official,false
lotto-america-2026-04-20,lotto_america,lotto_america_52_10_2017,2026-04-20,,,5,7,31,41,43,7,data2n-dual-official,OFFICIAL_VERIFIED,DATA2O_OFFLINE_RECONCILIATION,data2o-dual-official,false
lotto-america-2026-04-22,lotto_america,lotto_america_52_10_2017,2026-04-22,,,15,20,32,46,48,4,data2n-dual-official,OFFICIAL_VERIFIED,DATA2O_OFFLINE_RECONCILIATION,data2o-dual-official,false
lotto-america-2026-04-25,lotto_america,lotto_america_52_10_2017,2026-04-25,,,3,15,23,32,36,4,data2n-dual-official,OFFICIAL_VERIFIED,DATA2O_OFFLINE_RECONCILIATION,data2o-dual-official,false
lotto-america-2026-04-27,lotto_america,lotto_america_52_10_2017,2026-04-27,,,20,25,26,31,36,1,data2n-dual-official,OFFICIAL_VERIFIED,DATA2O_OFFLINE_RECONCILIATION,data2o-dual-official,false
lotto-america-2026-04-29,lotto_america,lotto_america_52_10_2017,2026-04-29,,,6,19,24,30,48,4,data2n-dual-official,OFFICIAL_VERIFIED,DATA2O_OFFLINE_RECONCILIATION,data2o-dual-official,false
lotto-america-2026-05-02,lotto_america,lotto_america_52_10_2017,2026-05-02,,,4,18,35,43,50,8,data2n-dual-official,OFFICIAL_VERIFIED,DATA2O_OFFLINE_RECONCILIATION,data2o-dual-official,false
lotto-america-2026-05-04,lotto_america,lotto_america_52_10_2017,2026-05-04,,,9,10,12,50,52,3,data2n-dual-official,OFFICIAL_VERIFIED,DATA2O_OFFLINE_RECONCILIATION,data2o-dual-official,false
lotto-america-2026-05-06,lotto_america,lotto_america_52_10_2017,2026-05-06,,,3,6,7,18,49,10,data2n-dual-official,OFFICIAL_VERIFIED,DATA2O_OFFLINE_RECONCILIATION,data2o-dual-official,false
lotto-america-2026-05-09,lotto_america,lotto_america_52_10_2017,2026-05-09,,,8,12,13,27,42,4,data2n-dual-official,OFFICIAL_VERIFIED,DATA2O_OFFLINE_RECONCILIATION,data2o-dual-official,false
lotto-america-2026-05-11,lotto_america,lotto_america_52_10_2017,2026-05-11,,,16,19,22,34,46,1,data2n-dual-official,OFFICIAL_VERIFIED,DATA2O_OFFLINE_RECONCILIATION,data2o-dual-official,false
lotto-america-2026-05-13,lotto_america,lotto_america_52_10_2017,2026-05-13,,,17,18,28,37,42,4,data2n-dual-official,OFFICIAL_VERIFIED,DATA2O_OFFLINE_RECONCILIATION,data2o-dual-official,false
lotto-america-2026-05-16,lotto_america,lotto_america_52_10_2017,2026-05-16,,,1,4,24,31,46,2,data2n-dual-official,OFFICIAL_VERIFIED,DATA2O_OFFLINE_RECONCILIATION,data2o-dual-official,false
lotto-america-2026-05-18,lotto_america,lotto_america_52_10_2017,2026-05-18,,,23,27,29,36,51,7,data2n-dual-official,OFFICIAL_VERIFIED,DATA2O_OFFLINE_RECONCILIATION,data2o-dual-official,false
lotto-america-2026-05-20,lotto_america,lotto_america_52_10_2017,2026-05-20,,,5,14,26,39,46,6,data2n-dual-official,OFFICIAL_VERIFIED,DATA2O_OFFLINE_RECONCILIATION,data2o-dual-official,false
lotto-america-2026-05-23,lotto_america,lotto_america_52_10_2017,2026-05-23,,,5,16,24,32,41,4,data2n-dual-official,OFFICIAL_VERIFIED,DATA2O_OFFLINE_RECONCILIATION,data2o-dual-official,false
lotto-america-2026-05-25,lotto_america,lotto_america_52_10_2017,2026-05-25,,,16,23,27,36,41,1,data2n-dual-official,OFFICIAL_VERIFIED,DATA2O_OFFLINE_RECONCILIATION,data2o-dual-official,false
lotto-america-2026-05-27,lotto_america,lotto_america_52_10_2017,2026-05-27,,,2,27,32,37,48,8,data2n-dual-official,OFFICIAL_VERIFIED,DATA2O_OFFLINE_RECONCILIATION,data2o-dual-official,false
lotto-america-2026-05-30,lotto_america,lotto_america_52_10_2017,2026-05-30,,,5,8,9,11,15,4,data2n-dual-official,OFFICIAL_VERIFIED,DATA2O_OFFLINE_RECONCILIATION,data2o-dual-official,false
lotto-america-2026-06-01,lotto_america,lotto_america_52_10_2017,2026-06-01,,,10,37,40,46,47,5,data2n-dual-official,OFFICIAL_VERIFIED,DATA2O_OFFLINE_RECONCILIATION,data2o-dual-official,false
lotto-america-2026-06-03,lotto_america,lotto_america_52_10_2017,2026-06-03,,,2,5,19,22,24,6,data2n-dual-official,OFFICIAL_VERIFIED,DATA2O_OFFLINE_RECONCILIATION,data2o-dual-official,false
lotto-america-2026-06-06,lotto_america,lotto_america_52_10_2017,2026-06-06,,,8,22,24,37,47,5,data2n-dual-official,OFFICIAL_VERIFIED,DATA2O_OFFLINE_RECONCILIATION,data2o-dual-official,false
lotto-america-2026-06-08,lotto_america,lotto_america_52_10_2017,2026-06-08,,,4,23,25,30,47,4,data2n-dual-official,OFFICIAL_VERIFIED,DATA2O_OFFLINE_RECONCILIATION,data2o-dual-official,false
lotto-america-2026-06-10,lotto_america,lotto_america_52_10_2017,2026-06-10,,,6,9,23,45,51,6,data2n-dual-official,OFFICIAL_VERIFIED,DATA2O_OFFLINE_RECONCILIATION,data2o-dual-official,false
lotto-america-2026-06-13,lotto_america,lotto_america_52_10_2017,2026-06-13,,,6,13,31,35,48,7,data2n-dual-official,OFFICIAL_VERIFIED,DATA2O_OFFLINE_RECONCILIATION,data2o-dual-official,false
lotto-america-2026-06-15,lotto_america,lotto_america_52_10_2017,2026-06-15,,,1,15,18,30,46,2,data2n-dual-official,OFFICIAL_VERIFIED,DATA2O_OFFLINE_RECONCILIATION,data2o-dual-official,false
lotto-america-2026-06-17,lotto_america,lotto_america_52_10_2017,2026-06-17,,,11,16,18,33,51,9,data2n-dual-official,OFFICIAL_VERIFIED,DATA2O_OFFLINE_RECONCILIATION,data2o-dual-official,false
lotto-america-2026-06-20,lotto_america,lotto_america_52_10_2017,2026-06-20,,,8,14,31,41,52,4,data2n-dual-official,OFFICIAL_VERIFIED,DATA2O_OFFLINE_RECONCILIATION,data2o-dual-official,false
lotto-america-2026-06-22,lotto_america,lotto_america_52_10_2017,2026-06-22,,,12,13,35,41,52,5,data2n-dual-official,OFFICIAL_VERIFIED,DATA2O_OFFLINE_RECONCILIATION,data2o-dual-official,false
lotto-america-2026-06-24,lotto_america,lotto_america_52_10_2017,2026-06-24,,,26,39,45,49,51,2,data2n-dual-official,OFFICIAL_VERIFIED,DATA2O_OFFLINE_RECONCILIATION,data2o-dual-official,false
lotto-america-2026-06-27,lotto_america,lotto_america_52_10_2017,2026-06-27,,,3,8,18,22,39,6,data2n-dual-official,OFFICIAL_VERIFIED,DATA2O_OFFLINE_RECONCILIATION,data2o-dual-official,false
lotto-america-2026-06-29,lotto_america,lotto_america_52_10_2017,2026-06-29,,,8,13,29,30,31,4,data2n-dual-official,OFFICIAL_VERIFIED,DATA2O_OFFLINE_RECONCILIATION,data2o-dual-official,false
lotto-america-2026-07-01,lotto_america,lotto_america_52_10_2017,2026-07-01,,,10,20,35,38,46,8,data2n-dual-official,OFFICIAL_VERIFIED,DATA2O_OFFLINE_RECONCILIATION,data2o-dual-official,false
lotto-america-2026-07-04,lotto_america,lotto_america_52_10_2017,2026-07-04,,,9,17,22,35,37,5,data2n-dual-official,OFFICIAL_VERIFIED,DATA2O_OFFLINE_RECONCILIATION,data2o-dual-official,false
lotto-america-2026-07-06,lotto_america,lotto_america_52_10_2017,2026-07-06,,,12,16,19,21,23,10,data2n-dual-official,OFFICIAL_VERIFIED,DATA2O_OFFLINE_RECONCILIATION,data2o-dual-official,false
lotto-america-2026-07-08,lotto_america,lotto_america_52_10_2017,2026-07-08,,,17,26,31,32,37,1,data2n-dual-official,OFFICIAL_VERIFIED,DATA2O_OFFLINE_RECONCILIATION,data2o-dual-official,false
lotto-america-2026-07-11,lotto_america,lotto_america_52_10_2017,2026-07-11,,,15,17,29,44,46,4,data2n-dual-official,OFFICIAL_VERIFIED,DATA2O_OFFLINE_RECONCILIATION,data2o-dual-official,false
lotto-america-2026-07-13,lotto_america,lotto_america_52_10_2017,2026-07-13,,,6,7,24,29,51,4,data2n-dual-official,OFFICIAL_VERIFIED,DATA2O_OFFLINE_RECONCILIATION,data2o-dual-official,false
lotto-america-2026-07-15,lotto_america,lotto_america_52_10_2017,2026-07-15,,,26,29,41,46,47,9,data2n-dual-official,OFFICIAL_VERIFIED,DATA2O_OFFLINE_RECONCILIATION,data2o-dual-official,false
lotto-america-2026-07-18,lotto_america,lotto_america_52_10_2017,2026-07-18,,,13,17,22,28,40,3,data2n-dual-official,OFFICIAL_VERIFIED,DATA2O_OFFLINE_RECONCILIATION,data2o-dual-official,false
lotto-america-2026-07-20,lotto_america,lotto_america_52_10_2017,2026-07-20,,,23,31,34,37,52,7,data2n-dual-official,OFFICIAL_VERIFIED,DATA2O_OFFLINE_RECONCILIATION,data2o-dual-official,false
lotto-america-2026-07-22,lotto_america,lotto_america_52_10_2017,2026-07-22,,,1,12,14,29,33,6,data2n-dual-official,OFFICIAL_VERIFIED,DATA2O_OFFLINE_RECONCILIATION,data2o-dual-official,false
lotto-america-2026-07-25,lotto_america,lotto_america_52_10_2017,2026-07-25,,,2,6,37,49,52,3,data2n-dual-official,OFFICIAL_VERIFIED,DATA2O_OFFLINE_RECONCILIATION,data2o-dual-official,false
lotto-america-2026-07-27,lotto_america,lotto_america_52_10_2017,2026-07-27,,,15,20,27,45,46,3,data2n-dual-official,OFFICIAL_VERIFIED,DATA2O_OFFLINE_RECONCILIATION,data2o-dual-official,false
lotto-america-2026-07-29,lotto_america,lotto_america_52_10_2017,2026-07-29,,,11,12,20,26,33,8,data2n-dual-official,OFFICIAL_VERIFIED,DATA2O_OFFLINE_RECONCILIATION,data2o-dual-official,false
lotto-america-2026-08-01,lotto_america,lotto_america_52_10_2017,2026-08-01,,,14,17,27,33,36,10,data2n-dual-official,OFFICIAL_VERIFIED,DATA2O_OFFLINE_RECONCILIATION,data2o-dual-official,false
lotto-america-2026-08-03,lotto_america,lotto_america_52_10_2017,2026-08-03,,,3,11,27,41,48,7,data2n-dual-official,OFFICIAL_VERIFIED,DATA2O_OFFLINE_RECONCILIATION,data2o-dual-official,false
lotto-america-2026-08-05,lotto_america,lotto_america_52_10_2017,2026-08-05,,,1,19,20,40,51,5,data2n-dual-official,OFFICIAL_VERIFIED,DATA2O_OFFLINE_RECONCILIATION,data2o-dual-official,false
lotto-america-2026-08-08,lotto_america,lotto_america_52_10_2017,2026-08-08,,,3,30,31,34,50,3,data2n-dual-official,OFFICIAL_VERIFIED,DATA2O_OFFLINE_RECONCILIATION,data2o-dual-official,false
lotto-america-2026-08-10,lotto_america,lotto_america_52_10_2017,2026-08-10,,,16,19,33,39,41,10,data2n-dual-official,OFFICIAL_VERIFIED,DATA2O_OFFLINE_RECONCILIATION,data2o-dual-official,false
lotto-america-2026-08-12,lotto_america,lotto_america_52_10_2017,2026-08-12,,,1,9,27,32,36,2,data2n-dual-official,OFFICIAL_VERIFIED,DATA2O_OFFLINE_RECONCILIATION,data2o-dual-official,false
lotto-america-2026-08-15,lotto_america,lotto_america_52_10_2017,2026-08-15,,,8,18,19,40,41,10,data2n-dual-official,OFFICIAL_VERIFIED,DATA2O_OFFLINE_RECONCILIATION,data2o-dual-official,false
lotto-america-2026-08-17,lotto_america,lotto_america_52_10_2017,2026-08-17,,,5,8,10,24,27,4,data2n-dual-official,OFFICIAL_VERIFIED,DATA2O_OFFLINE_RECONCILIATION,data2o-dual-official,false
lotto-america-2026-08-19,lotto_america,lotto_america_52_10_2017,2026-08-19,,,23,31,40,41,45,1,data2n-dual-official,OFFICIAL_VERIFIED,DATA2O_OFFLINE_RECONCILIATION,data2o-dual-official,false
lotto-america-2026-08-22,lotto_america,lotto_america_52_10_2017,2026-08-22,,,20,23,36,42,50,4,data2n-dual-official,OFFICIAL_VERIFIED,DATA2O_OFFLINE_RECONCILIATION,data2o-dual-official,false
lotto-america-2026-08-24,lotto_america,lotto_america_52_10_2017,2026-08-24,,,7,13,23,35,44,3,data2n-dual-official,OFFICIAL_VERIFIED,DATA2O_OFFLINE_RECONCILIATION,data2o-dual-official,false
lotto-america-2026-08-26,lotto_america,lotto_america_52_10_2017,2026-08-26,,,5,8,36,37,45,5,data2n-dual-official,OFFICIAL_VERIFIED,DATA2O_OFFLINE_RECONCILIATION,data2o-dual-official,false
