game_id,draw_date,musl_source_id,musl_source_locator,musl_evidence_sha256,musl_response_sha256,iowa_source_id,iowa_source_locator,iowa_evidence_sha256,iowa_response_sha256
lotto_america,2017-11-15,musl_lotto_america,https://www.powerball.com/draw-result?date=2017-11-15&gc=lotto-america,d7af3c4663b02ccebe6a3940fecc1df49a61f4bd41909b9dc9a2c8c1436544a7,35ce34f06dde1ff7f265dd6aa2bfdf1ac7976b2b3392f5406bcd7ae4b139168b,iowa_lottery_lotto_america,https://www.ialottery.com/Pages/Games-Online/LottoAmericaWin.aspx,7f45e49190b25cbe2f0b6d2e8f33b5ec425f4ff552b3893a86e83585cc41a99f,351066a49ce97dc3a2132a89316d24ed47a2e5635c4a4222a68e075cb224ecd7
lotto_america,2017-11-18,musl_lotto_america,https://www.powerball.com/draw-result?date=2017-11-18&gc=lotto-america,38379c2b13ffe2400233583081953957a4290775a1ef3d09f15161bcf35ab3b8,5e0158eb7069dad1d1f642fa1e75d1950147ff2fa459dc8fb669fb98f2170ae8,iowa_lottery_lotto_america,https://www.ialottery.com/Pages/Games-Online/LottoAmericaWin.aspx,e5d06adb0e8531be0ba29bef83e6397987d9f2fa8331e38b84adca839d9e9110,351066a49ce97dc3a2132a89316d24ed47a2e5635c4a4222a68e075cb224ecd7
lotto_america,2017-11-22,musl_lotto_america,https://www.powerball.com/draw-result?date=2017-11-22&gc=lotto-america,eb9abd16fc0a06d5f0505d92243df541c99755be435afb396ac18600898cc33e,0722ad8a235eafed5c6fcf00d172f4ec6d47e9e1cea874fe2a381d1e520f7510,iowa_lottery_lotto_america,https://www.ialottery.com/Pages/Games-Online/LottoAmericaWin.aspx,b2159c29063ed19be0fc2b1abb6f154b68fb2ec4847a694324706e195a9aa85e,351066a49ce97dc3a2132a89316d24ed47a2e5635c4a4222a68e075cb224ecd7
lotto_america,2017-11-25,musl_lotto_america,https://www.powerball.com/draw-result?date=2017-11-25&gc=lotto-america,2263c3722dd31b4510cbf18bcb597da17cb7b7530817f44e8bd0677d010ab472,c7721fba6bab2eb29ed9dd1eb3a5efd9986701ab92064dbf5758f5c9b341652f,iowa_lottery_lotto_america,https://www.ialottery.com/Pages/Games-Online/LottoAmericaWin.aspx,5fd83625438c8c24e5b4f9ffabdf1b591b282eec9f94a269d522e472528cdf05,351066a49ce97dc3a2132a89316d24ed47a2e5635c4a4222a68e075cb224ecd7
lotto_america,2017-11-29,musl_lotto_america,https://www.powerball.com/draw-result?date=2017-11-29&gc=lotto-america,ef1b733b43e0bca8b280960b97c23d58a739155d0c4bf455b32c985b95276998,2671bfce94b5aaef3f9785064d2da98567562fc59db81bbf6ce813a675aba280,iowa_lottery_lotto_america,https://www.ialottery.com/Pages/Games-Online/LottoAmericaWin.aspx,a1b8e27618da9fad83950878b75e7d0d1a228b1aad21c4d238853eaed8bd2060,351066a49ce97dc3a2132a89316d24ed47a2e5635c4a4222a68e075cb224ecd7
lotto_america,2017-12-02,musl_lotto_america,https://www.powerball.com/draw-result?date=2017-12-02&gc=lotto-america,0ae187e04679803d4286eb97edc92e36f843bda3de4aee74cf32cccb8bc2eacf,fa6ecc474ced8bd7a91ad349e25b90faf134c7b4ef63aaa620453c4dd4fc2a14,iowa_lottery_lotto_america,https://www.ialottery.com/Pages/Games-Online/LottoAmericaWin.aspx,05249fd089b281408fcbe13aa18f84ed85306b155939db36446677991fb2b039,351066a49ce97dc3a2132a89316d24ed47a2e5635c4a4222a68e075cb224ecd7
lotto_america,2017-12-06,musl_lotto_america,https://www.powerball.com/draw-result?date=2017-12-06&gc=lotto-america,6961d47e69f5ec0525a457cafa616d497e5c94d6123142d3e5f41f464d458174,0e0790819b21e59afea91c14070b2e232e8273a8b630e876df5a761a45e901b5,iowa_lottery_lotto_america,https://www.ialottery.com/Pages/Games-Online/LottoAmericaWin.aspx,8463811473ed42245dd3588c51f2867c9d344c51fd11be58459a956e48432ae4,a6a5e1e687677bb75ceedc0fbaf131c04e01359984b06503afaf846252ceafb2
lotto_america,2017-12-09,musl_lotto_america,https://www.powerball.com/draw-result?date=2017-12-09&gc=lotto-america,a79f9e9403efb10396f6734f77c6c275ea566779ef466dd632f239f75ab93bc6,f24a152beedcced0a9b989f5eddd579535e89a98f9bd2d7510e8345d355a6223,iowa_lottery_lotto_america,https://www.ialottery.com/Pages/Games-Online/LottoAmericaWin.aspx,981cbcdcd4af2fa63cc85fa3412ee8430f84af5492c6e641cb394e5fcdc55c75,a6a5e1e687677bb75ceedc0fbaf131c04e01359984b06503afaf846252ceafb2
lotto_america,2017-12-13,musl_lotto_america,https://www.powerball.com/draw-result?date=2017-12-13&gc=lotto-america,4cb0038793561e1035cdceea2c2f3a87d29ef3a05b67ef5fb1730394fe7337f6,c3816e11dd85052920435cd1d5bf9cabea9be6e3dc0ae98cf7f51eeaa0d1747e,iowa_lottery_lotto_america,https://www.ialottery.com/Pages/Games-Online/LottoAmericaWin.aspx,4b85844a064cb81fe1390b8773a515cbc2293dcf6f202b4e836f89c00e6c6632,a6a5e1e687677bb75ceedc0fbaf131c04e01359984b06503afaf846252ceafb2
lotto_america,2017-12-16,musl_lotto_america,https://www.powerball.com/draw-result?date=2017-12-16&gc=lotto-america,c2c18488510e40ac6a71b08da8ab860fad7ceafe5f2ed53e80f2d8874b9f37ca,ec743a1763be107790b30145ea9cf1727fbc88ce27b02bb07e613700214de27e,iowa_lottery_lotto_america,https://www.ialottery.com/Pages/Games-Online/LottoAmericaWin.aspx,c0a0306454adcfbff186900e1a94ce2e185480f02def6de0e75810449a3620dd,a6a5e1e687677bb75ceedc0fbaf131c04e01359984b06503afaf846252ceafb2
lotto_america,2017-12-20,musl_lotto_america,https://www.powerball.com/draw-result?date=2017-12-20&gc=lotto-america,276c2707a26663db4b6d0506ae9a0bd567796a3bc5885f5d2e10331a9ed94998,37915da330b2e4f1591ac78a2857eccaa7a520ed5015e080acfab25213058305,iowa_lottery_lotto_america,https://www.ialottery.com/Pages/Games-Online/LottoAmericaWin.aspx,3342538eef842d5b31b5350eb6852de3df75b109fcb7e6810bdf3534b68be683,a6a5e1e687677bb75ceedc0fbaf131c04e01359984b06503afaf846252ceafb2
lotto_america,2017-12-23,musl_lotto_america,https://www.powerball.com/draw-result?date=2017-12-23&gc=lotto-america,0ac5ec5d9f746ba988dfd37d0eec6394e3b38090d134c7114559c3b4589ddcf3,b837c54fbc894cc93569735c734467e314c789a9e1deb7b030077c6075b4bc0c,iowa_lottery_lotto_america,https://www.ialottery.com/Pages/Games-Online/LottoAmericaWin.aspx,b14d161726fda4405559f13e6e1524918f5927e1474dc747f52c0835c078edae,a6a5e1e687677bb75ceedc0fbaf131c04e01359984b06503afaf846252ceafb2
lotto_america,2017-12-27,musl_lotto_america,https://www.powerball.com/draw-result?date=2017-12-27&gc=lotto-america,c0fe40547e843ffe93731f09b109a521f20c991132ad8dc6e0a3d5453877341e,d3be953a14a4a9d53bfd3df85e2e2d70597d4d241952326c8af916f3e868d6a2,iowa_lottery_lotto_america,https://www.ialottery.com/Pages/Games-Online/LottoAmericaWin.aspx,15ff74363b1e10bd24998020b7fabd8ebe8584f54ee91ed8d63cce80e29a462a,a6a5e1e687677bb75ceedc0fbaf131c04e01359984b06503afaf846252ceafb2
lotto_america,2017-12-30,musl_lotto_america,https://www.powerball.com/draw-result?date=2017-12-30&gc=lotto-america,35b9eef9f25ccd218f96c4b29186c82083669c50b8cc56e3ff53e5d74921f11c,ca54c93f7758e7cfc60184bef721d4190bb3e34ca2f36655628076bc30b839b3,iowa_lottery_lotto_america,https://www.ialottery.com/Pages/Games-Online/LottoAmericaWin.aspx,2f6799669d44b4e192dba50cec0bb50f21b60565aa3e6c66f297ffa0d362230f,a6a5e1e687677bb75ceedc0fbaf131c04e01359984b06503afaf846252ceafb2
lotto_america,2018-01-03,musl_lotto_america,https://www.powerball.com/draw-result?date=2018-01-03&gc=lotto-america,8f996473d59e84df1b2bb08426dd90dbb9ed8f51af022cea806498ec4352593f,4fc1554f6c8fc62c97a306cd9510030208306c05a14f64c89d9ec6f425460b80,iowa_lottery_lotto_america,https://www.ialottery.com/Pages/Games-Online/LottoAmericaWin.aspx,63f042316dc39a6957e79c48d86d2ed1d02c7843ab29dddca765e09d136cc3ce,a6a5e1e687677bb75ceedc0fbaf131c04e01359984b06503afaf846252ceafb2
lotto_america,2018-01-06,musl_lotto_america,https://www.powerball.com/draw-result?date=2018-01-06&gc=lotto-america,6d0c9eef6d3c28db62bd01355f84bb21e49478823078e84bc2a293ffc66d9501,7fec33c3c8a387c73cb59f95bfe6f0e07149a8fa98ad8b09d8878f7af8512791,iowa_lottery_lotto_america,https://www.ialottery.com/Pages/Games-Online/LottoAmericaWin.aspx,70cd6e642df968ffe431b95be15666f649837d0ea7911899b559a411b01555ec,e8a53a2169332d8d302691eeaaa0835d87874603c3c2e2712036dbd535a18b5d
lotto_america,2018-01-10,musl_lotto_america,https://www.powerball.com/draw-result?date=2018-01-10&gc=lotto-america,7d379aa709c3b81f2372bda73f3bea56cb5c2f8a2dd61e05e8cc89d23285d298,abfa16477b3753d19326f5a0af1e6707e9dff786959a768a7360edd4a74b4a36,iowa_lottery_lotto_america,https://www.ialottery.com/Pages/Games-Online/LottoAmericaWin.aspx,abfccb9b8c842080007574f2e030bf288599e67519f204950c056bde09cd3bbd,e8a53a2169332d8d302691eeaaa0835d87874603c3c2e2712036dbd535a18b5d
lotto_america,2018-01-13,musl_lotto_america,https://www.powerball.com/draw-result?date=2018-01-13&gc=lotto-america,a675ebd7f1bfd75797f23d96eeb2a58f3c7f5901fac3b4d87846f4453adde697,cb0ce18df28f0e911b4d0460c5d0aec1b1c1a90b070ef79968807e504a840c74,iowa_lottery_lotto_america,https://www.ialottery.com/Pages/Games-Online/LottoAmericaWin.aspx,c66a069e58d4df511b7b7b8638eddb14b3f8f9b3b39b5840dbf9ece4172a36ba,e8a53a2169332d8d302691eeaaa0835d87874603c3c2e2712036dbd535a18b5d
lotto_america,2018-01-17,musl_lotto_america,https://www.powerball.com/draw-result?date=2018-01-17&gc=lotto-america,d5f19f0017b084f1ab4b8ce25735d3e4e14017b2ff4d4f56f4d407a87a2b5106,f8fcb12fbc56ea3a50eb77c7ccaa48aa228dee3e6b8c27b79ad88626cf63f98e,iowa_lottery_lotto_america,https://www.ialottery.com/Pages/Games-Online/LottoAmericaWin.aspx,7585994e5687c559d402329c1e083ea2a18b6109cfff340468b3539d619cb239,e8a53a2169332d8d302691eeaaa0835d87874603c3c2e2712036dbd535a18b5d
lotto_america,2018-01-20,musl_lotto_america,https://www.powerball.com/draw-result?date=2018-01-20&gc=lotto-america,c0d452f9411a7673e70b327175249b02c9e3e40163cb46271383c9ca72241b56,d6a112f77085657f06a21fb640740f3ee9cbacfe4dd976606d48057c3d897411,iowa_lottery_lotto_america,https://www.ialottery.com/Pages/Games-Online/LottoAmericaWin.aspx,caaec07f402605d2da7fbf9fbbacb518d6449f35e703e6056880ba713443ed27,e8a53a2169332d8d302691eeaaa0835d87874603c3c2e2712036dbd535a18b5d
lotto_america,2018-01-24,musl_lotto_america,https://www.powerball.com/draw-result?date=2018-01-24&gc=lotto-america,b47dcc490c24b84bfdee8572514705eceef6df284202158ba78ed867f96b11c4,8e5672a0a3d81deb4aa68578d7b7f36dbcb443919a907e396346bc8bd6969dcc,iowa_lottery_lotto_america,https://www.ialottery.com/Pages/Games-Online/LottoAmericaWin.aspx,0908f16b8c456d44bc0f7d91adae7816d7db3b767fa511666668f0afa9769dda,e8a53a2169332d8d302691eeaaa0835d87874603c3c2e2712036dbd535a18b5d
lotto_america,2018-01-27,musl_lotto_america,https://www.powerball.com/draw-result?date=2018-01-27&gc=lotto-america,9fc774bc360e7f7dd5d50d3978f50283a5126fa49d24212e0ab1843608d69b48,cbb17f0733fcfd17b8f72d2f7aed13e01cd7363d753fb2b0f3a928b23537d675,iowa_lottery_lotto_america,https://www.ialottery.com/Pages/Games-Online/LottoAmericaWin.aspx,c4c75a646b55cb2d521218f9c0da378458cadf127bc69941729fd0df2279fe10,e8a53a2169332d8d302691eeaaa0835d87874603c3c2e2712036dbd535a18b5d
lotto_america,2018-01-31,musl_lotto_america,https://www.powerball.com/draw-result?date=2018-01-31&gc=lotto-america,1c69d5eca538156e6586bed58f31cc7ede07d1ce13ff201e4535743d024912e0,ceac71986bc6b257a58368ad5af61fc6b99a81af1246762ddf20100155bc9190,iowa_lottery_lotto_america,https://www.ialottery.com/Pages/Games-Online/LottoAmericaWin.aspx,14b2af5d518935411ad1bd412b426df0e732f1e2bfb3e40b6d9a325f18fd65b3,e8a53a2169332d8d302691eeaaa0835d87874603c3c2e2712036dbd535a18b5d
lotto_america,2018-02-03,musl_lotto_america,https://www.powerball.com/draw-result?date=2018-02-03&gc=lotto-america,d2a356ca320e94fa1015205b44ea4c70892e5f482cba1dca3a25326ea7e33eb3,e7066cdd473660f8dac7e134e45fdf5c697046ecd014b142cf0eb1cb1bd8837e,iowa_lottery_lotto_america,https://www.ialottery.com/Pages/Games-Online/LottoAmericaWin.aspx,6c9f9a63493bebc139cd1d2e94f76f9e29b31116c48c3cfa97ae575f3b6d02da,d7b894ab198db355a7183bbbe78a97b03b30a70f33777714cc66803568dba0b1
lotto_america,2018-02-07,musl_lotto_america,https://www.powerball.com/draw-result?date=2018-02-07&gc=lotto-america,fa5c891cd3522b7c2edbb6e07010230495d482187c4489e8ec4434eacb676bda,dadfa84eb47e82e6bd0182cd9364c0e7e7b945bf4fbb2ade5d4cf4b2ddb351ec,iowa_lottery_lotto_america,https://www.ialottery.com/Pages/Games-Online/LottoAmericaWin.aspx,dfe7592ab02e9226aa234ee434247ef11c8ce13a22635f8a92779b3d010a6a45,d7b894ab198db355a7183bbbe78a97b03b30a70f33777714cc66803568dba0b1
lotto_america,2018-02-10,musl_lotto_america,https://www.powerball.com/draw-result?date=2018-02-10&gc=lotto-america,03e21e85b63571c07bab88ead74dbb0b1c854a56d5b5ed8b7d3ec6683385fb09,c2ce75c71baf727fc241f15acb1487b0dbe606396e875d18e06ed3089e1a21ed,iowa_lottery_lotto_america,https://www.ialottery.com/Pages/Games-Online/LottoAmericaWin.aspx,5cea935ad18f9c5631ca2f1c56f8d26bc52dd57a8144d70144dde7ed4c9d13e3,d7b894ab198db355a7183bbbe78a97b03b30a70f33777714cc66803568dba0b1
lotto_america,2018-02-14,musl_lotto_america,https://www.powerball.com/draw-result?date=2018-02-14&gc=lotto-america,701f6cf356155b57e03df2712682981521e4dc142341e4d22ebb7abd88f8c023,64a75066ae49a4383c5cadd9d0585ac4785587be97b42a5fddef5a6101f31e91,iowa_lottery_lotto_america,https://www.ialottery.com/Pages/Games-Online/LottoAmericaWin.aspx,d072b79ea758040cce729d1c98e4906fb34fa5f63facc750ef517d0753ea2e28,d7b894ab198db355a7183bbbe78a97b03b30a70f33777714cc66803568dba0b1
lotto_america,2018-02-17,musl_lotto_america,https://www.powerball.com/draw-result?date=2018-02-17&gc=lotto-america,2e86197e7c8c50e286b202a8f0a174f3a0eac2ec87c7623e7dae2a85b715e53a,fcc06b194fca02fd4524b56e12a0c2737ad38a6b5e69639796c1d9ce05d723e3,iowa_lottery_lotto_america,https://www.ialottery.com/Pages/Games-Online/LottoAmericaWin.aspx,2b785297684fed735763f9162753530eb4238dbf09d56d4b63c16d472a6095bc,d7b894ab198db355a7183bbbe78a97b03b30a70f33777714cc66803568dba0b1
lotto_america,2018-02-21,musl_lotto_america,https://www.powerball.com/draw-result?date=2018-02-21&gc=lotto-america,cd24c391fd3b2ab65439a65b4f6f1db576853d17d3587fb49501c00bffb7eaf7,4a882ff3623ea06d95e85f645a2cfaf24311acefbda897cd199f3500277a99c3,iowa_lottery_lotto_america,https://www.ialottery.com/Pages/Games-Online/LottoAmericaWin.aspx,4c0db256c15d654ee389e186be435e3857228f81ef3800d03d81f6b616b85d4a,d7b894ab198db355a7183bbbe78a97b03b30a70f33777714cc66803568dba0b1
lotto_america,2018-02-24,musl_lotto_america,https://www.powerball.com/draw-result?date=2018-02-24&gc=lotto-america,69d27da77cb7bdd2389238edff1630561159d2fa0a96368e5fe7af6e5e4c609e,2cd365fbab1641e7ab79fa3b27b07302f26c087555be4b946ce6bed51e280bef,iowa_lottery_lotto_america,https://www.ialottery.com/Pages/Games-Online/LottoAmericaWin.aspx,325f302259132183b98c3d70f3c52e4a3de13236678740cec84448e480a0389c,d7b894ab198db355a7183bbbe78a97b03b30a70f33777714cc66803568dba0b1
lotto_america,2018-02-28,musl_lotto_america,https://www.powerball.com/draw-result?date=2018-02-28&gc=lotto-america,ee8898cd738acda8360ca2800354bf88b5e095b435ab59ccde50f398c14f1525,9fdddb736a647859abdb41275bd3b40ad0db4d8de4afedbf82743e81b1ecfb5f,iowa_lottery_lotto_america,https://www.ialottery.com/Pages/Games-Online/LottoAmericaWin.aspx,28ad761085d2611be9eed6ae87b7d72ca8276dd035356d32143c5cf822297153,d7b894ab198db355a7183bbbe78a97b03b30a70f33777714cc66803568dba0b1
lotto_america,2018-03-03,musl_lotto_america,https://www.powerball.com/draw-result?date=2018-03-03&gc=lotto-america,40fef955743b91a09bcd0550480b56bfb2d428b817b720f09de3d84e46f10c7a,d559699a721b369092d91aa7b14902c4472f8908b730b74acae010713c7fab02,iowa_lottery_lotto_america,https://www.ialottery.com/Pages/Games-Online/LottoAmericaWin.aspx,6bf29020878eb9255510b90b59430de3d254762d002797a065d779a2f8ca5d0e,d7b894ab198db355a7183bbbe78a97b03b30a70f33777714cc66803568dba0b1
lotto_america,2018-03-07,musl_lotto_america,https://www.powerball.com/draw-result?date=2018-03-07&gc=lotto-america,83aeb2a2abb78dcb79d2d9f201c32dacffffc640f30d3af3e8f8b61dc6d9c108,5cf8c253a2d1cd0b548f7280ab3781090c385d14961ad25c8bad0752f847d16c,iowa_lottery_lotto_america,https://www.ialottery.com/Pages/Games-Online/LottoAmericaWin.aspx,eefaa656e6d140ecdfecfca567ec3ca33312b4ef9827f57c8d981f42a5e46756,2cd395881c6440136a9371612e93421d08e759fd41726b36ac9dd1bb26bf825a
lotto_america,2018-03-10,musl_lotto_america,https://www.powerball.com/draw-result?date=2018-03-10&gc=lotto-america,b9316b57bec68fa96e95c5ceaa8608f3df5a1b180bd4f5a1a0e44fa163016a9d,e3d4b78611a8bc885e970aeea8e2e115278d66e084bd96d71de5cad6c33da1f1,iowa_lottery_lotto_america,https://www.ialottery.com/Pages/Games-Online/LottoAmericaWin.aspx,b3386af305ca8982d8855d479714b2887ee314028678771a633d6d1a8b9b5218,2cd395881c6440136a9371612e93421d08e759fd41726b36ac9dd1bb26bf825a
lotto_america,2018-03-14,musl_lotto_america,https://www.powerball.com/draw-result?date=2018-03-14&gc=lotto-america,c22fb4089178a984811f114b9e1ddb4d7545133d02983c6aeb85807113295402,b1468e51859977a13d8b377a817ce3da208cce67addbb21e2d386cb70487de12,iowa_lottery_lotto_america,https://www.ialottery.com/Pages/Games-Online/LottoAmericaWin.aspx,9d6a71acb79c07a18a0cac01224b98e2d1e866984e7c2103b1a89bb23b86a071,2cd395881c6440136a9371612e93421d08e759fd41726b36ac9dd1bb26bf825a
lotto_america,2018-03-17,musl_lotto_america,https://www.powerball.com/draw-result?date=2018-03-17&gc=lotto-america,a6905816bbc5e479e3452cd3265868227044997f2b5c9a09b21e1c287a6e0325,d9d560416d4978186101f4c7b11d6ebbafbde0fa8d361b61d86a9d8f355b84ed,iowa_lottery_lotto_america,https://www.ialottery.com/Pages/Games-Online/LottoAmericaWin.aspx,015ca096142997ef2c664ec7d2c2c893f1f6ef00b41bf39629e67d515f4d3bc5,2cd395881c6440136a9371612e93421d08e759fd41726b36ac9dd1bb26bf825a
lotto_america,2018-03-21,musl_lotto_america,https://www.powerball.com/draw-result?date=2018-03-21&gc=lotto-america,4d30d225022126e9913a4507121292a892bc4b2274ee2e1bac4867017b38cba7,9231b21e3022c3e63e712cd446d5a8a34d7e4e1e47428dd3ff08419ddd00b4df,iowa_lottery_lotto_america,https://www.ialottery.com/Pages/Games-Online/LottoAmericaWin.aspx,955d188d787a17e9b5922955408c156fae44917df3522b5ddda595207d3ae6ab,2cd395881c6440136a9371612e93421d08e759fd41726b36ac9dd1bb26bf825a
lotto_america,2018-03-24,musl_lotto_america,https://www.powerball.com/draw-result?date=2018-03-24&gc=lotto-america,c7b551427b1ab3a41e6229e75df02976cbcc9f9e9d1d18217d0c4a4255efc6f5,8de33b1c0a601945457b35095ff9ebc626dd8d922aea92856b9dbaa92a0d60e9,iowa_lottery_lotto_america,https://www.ialottery.com/Pages/Games-Online/LottoAmericaWin.aspx,0640d1187a6e5ecbdad0698a55899715a7c9ed4cadaf9a64de3ceb555d37704d,2cd395881c6440136a9371612e93421d08e759fd41726b36ac9dd1bb26bf825a
lotto_america,2018-03-28,musl_lotto_america,https://www.powerball.com/draw-result?date=2018-03-28&gc=lotto-america,618ad6ba5da112579fe0e4b71b30d9ea5d16d28b1107bc22e54585bda14d9153,e4e6fdc877f4671badd6f0ef5c1793ee33f728671a414b218b95e04068d0211e,iowa_lottery_lotto_america,https://www.ialottery.com/Pages/Games-Online/LottoAmericaWin.aspx,6bfc6acd4240edfe114352d6e04170522666a1f97be26dcdbc1be59086b6bbee,2cd395881c6440136a9371612e93421d08e759fd41726b36ac9dd1bb26bf825a
lotto_america,2018-03-31,musl_lotto_america,https://www.powerball.com/draw-result?date=2018-03-31&gc=lotto-america,34ff979e1ae312511c3da3979f9897c5c09c73cba8957c3308d3b221e09208c6,f72644c84a3c483d83fc01600e9ad04349cee8a2cf9923dad99d5b2af7c0829c,iowa_lottery_lotto_america,https://www.ialottery.com/Pages/Games-Online/LottoAmericaWin.aspx,917a9837ca19b745f6edc83520f972440fc6b090becde6b9bc7c41c03b355b23,2cd395881c6440136a9371612e93421d08e759fd41726b36ac9dd1bb26bf825a
lotto_america,2018-04-04,musl_lotto_america,https://www.powerball.com/draw-result?date=2018-04-04&gc=lotto-america,3a16ab7496c1b8cb03ffbbd09d7466cc82abea2c0ce896694f35ec30303a47da,b91d10cf75251e0a81ebfa939f861b0c18988df9b0b90f1097879e80d11da2ba,iowa_lottery_lotto_america,https://www.ialottery.com/Pages/Games-Online/LottoAmericaWin.aspx,05c535ade1ecc33584a58512e5fa8b4d2494a0753f1d6ca6171d459c6e14c602,de6faff1c4f5a105c5be3fd81705cfd3a246ad0971377a7415e9fae68d64ef1f
lotto_america,2018-04-07,musl_lotto_america,https://www.powerball.com/draw-result?date=2018-04-07&gc=lotto-america,51078ea70731cebd20f4c659bf1b6c9681da36a30e0a2aa787bfea74d290f085,fffbdaa5e216e9d005f5c370d338b28a52202f761eee495c256bf31bc6390d78,iowa_lottery_lotto_america,https://www.ialottery.com/Pages/Games-Online/LottoAmericaWin.aspx,ed4404959539783a0bb1724123365c99cca720a2d47182e35f0652df7e6c3ddb,de6faff1c4f5a105c5be3fd81705cfd3a246ad0971377a7415e9fae68d64ef1f
lotto_america,2018-04-11,musl_lotto_america,https://www.powerball.com/draw-result?date=2018-04-11&gc=lotto-america,04be97de391d20fe9495ecd51f3fb691b7eb8107326e830a3ac8a228ca369456,d6ff113dd8975a7000050a526609842660109785221fee0fbf24c0f0539dcd61,iowa_lottery_lotto_america,https://www.ialottery.com/Pages/Games-Online/LottoAmericaWin.aspx,b7ee54fdf9e7b44d73ad108fb28d06dcd69a3f596a093df488172b09cfc24f47,de6faff1c4f5a105c5be3fd81705cfd3a246ad0971377a7415e9fae68d64ef1f
lotto_america,2018-04-14,musl_lotto_america,https://www.powerball.com/draw-result?date=2018-04-14&gc=lotto-america,6c403bb27744a53981a6b76a65bb1a4363383d7ed56f7c3de4f1c25853b33684,42d84882cb0d8137be7303f868c3ad9d4065726d2feff30901d79d99a03cb11f,iowa_lottery_lotto_america,https://www.ialottery.com/Pages/Games-Online/LottoAmericaWin.aspx,b0d453115741157c65b64b6a6a8907d6af0964b71e64a3f1fc4669fdbdeaf377,de6faff1c4f5a105c5be3fd81705cfd3a246ad0971377a7415e9fae68d64ef1f
lotto_america,2018-04-18,musl_lotto_america,https://www.powerball.com/draw-result?date=2018-04-18&gc=lotto-america,29e54eb6861bc3855e333194150bfb8ddf270d09497d632365774c3b4e9f205e,039c1fed1c9a87367abab7bea5ca5614f322c8b21ab409fba1bb36954ba3159e,iowa_lottery_lotto_america,https://www.ialottery.com/Pages/Games-Online/LottoAmericaWin.aspx,42e40585a92f529bf60a946cdcdfadc85a4464f0674e0069d7dc59785dd22edb,de6faff1c4f5a105c5be3fd81705cfd3a246ad0971377a7415e9fae68d64ef1f
lotto_america,2018-04-21,musl_lotto_america,https://www.powerball.com/draw-result?date=2018-04-21&gc=lotto-america,59dbc68bfec45639780d1ff89a2ab220fa78f93eca1bd81ba85fda6fbf53c77d,2841371e9b345a79d7f718d9053bd538e04c4706f0fb236049de984ba3740264,iowa_lottery_lotto_america,https://www.ialottery.com/Pages/Games-Online/LottoAmericaWin.aspx,9084bb57e2a21d2e39c391f9a115583cb21297194733ebc273afc10332759d3c,de6faff1c4f5a105c5be3fd81705cfd3a246ad0971377a7415e9fae68d64ef1f
lotto_america,2018-04-25,musl_lotto_america,https://www.powerball.com/draw-result?date=2018-04-25&gc=lotto-america,6237daeb9949c8c73522019a1b65c3af015d620e51e08df589c8938cb399eb3e,5cfb0694720b8d2f25af0cf960cfcd4a033cf2ed3aaa6163d6de6ecd85dfcf82,iowa_lottery_lotto_america,https://www.ialottery.com/Pages/Games-Online/LottoAmericaWin.aspx,8b8b4823a4e490637fee9cecc27029b799cfc568ac2059c42dd2e1fc2839baa5,de6faff1c4f5a105c5be3fd81705cfd3a246ad0971377a7415e9fae68d64ef1f
lotto_america,2018-04-28,musl_lotto_america,https://www.powerball.com/draw-result?date=2018-04-28&gc=lotto-america,14155411a96bb372e8ce96d2822299676cb4c73717debb16e5a1854d686735c0,af7a4d5be974240474891936fffe8146848b2ae14ceb0624ad8cf4c7f7a94684,iowa_lottery_lotto_america,https://www.ialottery.com/Pages/Games-Online/LottoAmericaWin.aspx,9bae07db452654a8387598a3e4e25fef08374f4e837814c4a37991f28af9eb67,de6faff1c4f5a105c5be3fd81705cfd3a246ad0971377a7415e9fae68d64ef1f
lotto_america,2018-05-02,musl_lotto_america,https://www.powerball.com/draw-result?date=2018-05-02&gc=lotto-america,f5d67ea92ed38f8db6f1c6672b92950e1a574c59f7939bddc551d34bbf9c79bf,2eae6efc9205e1435534dcf5967a4db1e56371917539b889abae3ce95ecf83c3,iowa_lottery_lotto_america,https://www.ialottery.com/Pages/Games-Online/LottoAmericaWin.aspx,d5fd1057036cb57973792a6137868651aef2cf7458a93890e836cb2f6905fcc2,de6faff1c4f5a105c5be3fd81705cfd3a246ad0971377a7415e9fae68d64ef1f
lotto_america,2018-05-05,musl_lotto_america,https://www.powerball.com/draw-result?date=2018-05-05&gc=lotto-america,c64c6db7379d5b10d30e9b21b32a9e5a01b695e6524485a735a4c916f4633e40,0d2ed1874530d73b8b0ecc0e3b25f2859982250c172dfd12502376a3d8dbf80e,iowa_lottery_lotto_america,https://www.ialottery.com/Pages/Games-Online/LottoAmericaWin.aspx,c2351f98e21e7e62deca7aa47bcdc22084a12470f24a74ddfc051d906d119bc2,39172144e9d5c592ef296d04e991455132b3572b582e033ee33ad981dcaa65ec
lotto_america,2018-05-09,musl_lotto_america,https://www.powerball.com/draw-result?date=2018-05-09&gc=lotto-america,d5509a033000a4495994d5ecd5ff1b0b8a9d52fcda8c4163eeeac59666eb2958,3652a37acaad37088550ca34c3f94493f5efce87a5f950ec67c06a247eec3571,iowa_lottery_lotto_america,https://www.ialottery.com/Pages/Games-Online/LottoAmericaWin.aspx,3aa3e176b44f8d5cef526501a344a19757506c59b0803dfc494bc8e591a06431,39172144e9d5c592ef296d04e991455132b3572b582e033ee33ad981dcaa65ec
lotto_america,2018-05-12,musl_lotto_america,https://www.powerball.com/draw-result?date=2018-05-12&gc=lotto-america,0c431674abb4e8abfbead4a24cce9443661564c7bdde963db3c665c82d15fef2,30515d46bae17b07d0872f62864cde51cb5fda70cb7951becf2d0042bf717876,iowa_lottery_lotto_america,https://www.ialottery.com/Pages/Games-Online/LottoAmericaWin.aspx,d940cf1929b9c0624a8b9f0ed93ffdf75c3d953e5c10932b0cecd817ebe903dd,39172144e9d5c592ef296d04e991455132b3572b582e033ee33ad981dcaa65ec
lotto_america,2018-05-16,musl_lotto_america,https://www.powerball.com/draw-result?date=2018-05-16&gc=lotto-america,324fd4e5448469415d966d6f170fdbe99d5dcff87608e7a01000034b3f047a90,2a8715c76280f32d03bec43edb0451ff42f476bbba7e1d0524f4973977a31ec0,iowa_lottery_lotto_america,https://www.ialottery.com/Pages/Games-Online/LottoAmericaWin.aspx,2fb928148a46dd9228be22218a100feab0348d0c414b95c6a47f64716683358a,39172144e9d5c592ef296d04e991455132b3572b582e033ee33ad981dcaa65ec
lotto_america,2018-05-19,musl_lotto_america,https://www.powerball.com/draw-result?date=2018-05-19&gc=lotto-america,4cb3b4571e56475b19c5adf0c453008d0a5a9e107a27e45089c29ddc49b2eb80,abe12b95740f1585105dc8d94b206e5fcb562203142b2a2a0781a15a690c2d35,iowa_lottery_lotto_america,https://www.ialottery.com/Pages/Games-Online/LottoAmericaWin.aspx,3dd751cfb015736e8a8e9028a62082cc88baab4cf3bc902f246249796df12a49,39172144e9d5c592ef296d04e991455132b3572b582e033ee33ad981dcaa65ec
lotto_america,2018-05-23,musl_lotto_america,https://www.powerball.com/draw-result?date=2018-05-23&gc=lotto-america,8a9228ca02d63881f9e0ce03e96f552f17d85bc1009de0b29e4033c3b52c3036,fe2fcb9a2024804f03c99ca52f6e0a894ae3070e986a297990b3f6b61b32c76a,iowa_lottery_lotto_america,https://www.ialottery.com/Pages/Games-Online/LottoAmericaWin.aspx,71f80bdaac505dc0bd6ec3d00029824aeeee46970fc92f26370dc3cb220f356f,39172144e9d5c592ef296d04e991455132b3572b582e033ee33ad981dcaa65ec
lotto_america,2018-05-26,musl_lotto_america,https://www.powerball.com/draw-result?date=2018-05-26&gc=lotto-america,b94fc1645d158d7d8969505af8943ef3328e120e16cd3e4691d9ba948d5a3ce5,f6e2a342b5ad70fb28488de7f5bb9742ca9d261c5cf3f2337b2e030523cd63ae,iowa_lottery_lotto_america,https://www.ialottery.com/Pages/Games-Online/LottoAmericaWin.aspx,9d6926cf9a726f5d9b51ac95047c9aa18e402d14a946b55450c01c99147d76a3,39172144e9d5c592ef296d04e991455132b3572b582e033ee33ad981dcaa65ec
lotto_america,2018-05-30,musl_lotto_america,https://www.powerball.com/draw-result?date=2018-05-30&gc=lotto-america,f3c499f91f00ebd04c19540205c94b0169f40accd343352b986c0c346836c7db,9d48c800b21b879c8c3b81ef37b18d0c975b8664e199ade87141f0e0230dbaa5,iowa_lottery_lotto_america,https://www.ialottery.com/Pages/Games-Online/LottoAmericaWin.aspx,53c55752b2bd938f9db019db364950c24ad0430949b92fafff27174e2068b4da,39172144e9d5c592ef296d04e991455132b3572b582e033ee33ad981dcaa65ec
lotto_america,2018-06-02,musl_lotto_america,https://www.powerball.com/draw-result?date=2018-06-02&gc=lotto-america,bf072bb49fde76265ffc6928db85486ea71caef5fb2aa94a8e64458d5b222544,6d8445b840a26944280265d6c43b82e124cb88fc281729c620e411b6a599d154,iowa_lottery_lotto_america,https://www.ialottery.com/Pages/Games-Online/LottoAmericaWin.aspx,1d67f63946f0ddbdf9ed04130d09e0680379f4744ff6256b7ca9ff365fcda69b,39172144e9d5c592ef296d04e991455132b3572b582e033ee33ad981dcaa65ec
lotto_america,2018-06-06,musl_lotto_america,https://www.powerball.com/draw-result?date=2018-06-06&gc=lotto-america,d39577ebe183b44043489d7315fa883aa1ed4e6903b824daf82f5ba43df83da7,21beb5eca3c8bb13172e849e9e9af57810ff2f5bc3510a6d21c73fefde19b932,iowa_lottery_lotto_america,https://www.ialottery.com/Pages/Games-Online/LottoAmericaWin.aspx,4c5829f0f13d15be286f6a15a301d13a844a2576f4594b93ca4d96e6d9ed9acf,cec4381157bcaa37f689cfdcd06fba5b2fce05db45befa2525d30a3643994617
lotto_america,2018-06-09,musl_lotto_america,https://www.powerball.com/draw-result?date=2018-06-09&gc=lotto-america,680360d280e1c89c3b7bf2655d4f0cd2fd329fcf987c589f45466b7470be190c,c07bb53fc6665ad240d0c98c75a4693c9443d3c71e19a5eef2fc51437b32fcd2,iowa_lottery_lotto_america,https://www.ialottery.com/Pages/Games-Online/LottoAmericaWin.aspx,f27a0ac4a0ee6e11b4f6fbc93002bf26f9e9101cd0f55d88cb75ed9dfc5bd72e,cec4381157bcaa37f689cfdcd06fba5b2fce05db45befa2525d30a3643994617
lotto_america,2018-06-13,musl_lotto_america,https://www.powerball.com/draw-result?date=2018-06-13&gc=lotto-america,69eaad8ab68706dba25423656e32315b830c8dbd7756dbe765f6914443e7b39d,f3ea1786b37626aaa2c9bc17e0c90868979eb6601d43ea0fe469a61644b61576,iowa_lottery_lotto_america,https://www.ialottery.com/Pages/Games-Online/LottoAmericaWin.aspx,7d46b70076e537f8e9839d79dac59b255ba290d8936e3538c6258dd28a71f8cd,cec4381157bcaa37f689cfdcd06fba5b2fce05db45befa2525d30a3643994617
lotto_america,2018-06-16,musl_lotto_america,https://www.powerball.com/draw-result?date=2018-06-16&gc=lotto-america,c80f298f1cd99a732476dc6730bf8404ab21131ecba40d0652266980e18b3ac1,a060982ec924bb3c81c22049f15cc4ced4652725e9bf0577eaf542dcb843a423,iowa_lottery_lotto_america,https://www.ialottery.com/Pages/Games-Online/LottoAmericaWin.aspx,f73a7471d93199a8f3843deeb07bcf80f815fe8f5617665964cc9501bc8e5b12,cec4381157bcaa37f689cfdcd06fba5b2fce05db45befa2525d30a3643994617
lotto_america,2018-06-20,musl_lotto_america,https://www.powerball.com/draw-result?date=2018-06-20&gc=lotto-america,9778c22271ad439d0856cde8ea16c8463f62901fd902623c46cce6bdaab722af,9546687953295ce8eb95511fb9563b8b2b9defc797ea2dc5f45339d310c72b47,iowa_lottery_lotto_america,https://www.ialottery.com/Pages/Games-Online/LottoAmericaWin.aspx,ddabb98d73685839f9fa7378284424cb60af01cfa59126e1f4d758b8084bc5af,cec4381157bcaa37f689cfdcd06fba5b2fce05db45befa2525d30a3643994617
lotto_america,2018-06-23,musl_lotto_america,https://www.powerball.com/draw-result?date=2018-06-23&gc=lotto-america,dbb9358fc12f7e90492eea79df7fb19e06b423deddb0a27e4d92a2b11928ec8e,9e07a3805edb4fd97196f313d78d59b1c3ffae837dc43817d2fa73c1470214d7,iowa_lottery_lotto_america,https://www.ialottery.com/Pages/Games-Online/LottoAmericaWin.aspx,8d44c7938343522dfb65d71f072a031600eb36ec1709af0be0fd8031f6b5aaff,cec4381157bcaa37f689cfdcd06fba5b2fce05db45befa2525d30a3643994617
lotto_america,2018-06-27,musl_lotto_america,https://www.powerball.com/draw-result?date=2018-06-27&gc=lotto-america,7bc9568d55594cc1cb64696d01a968af24075f6e5679b2e30df9a6cc7f9038f0,3556557998e5e27e805aae985c2de768ce4a85f7721c09f03386ca0360424809,iowa_lottery_lotto_america,https://www.ialottery.com/Pages/Games-Online/LottoAmericaWin.aspx,e8b476c329434c262f300fc16080ad4e582df244e4855a36337ce4eda2e9bb42,cec4381157bcaa37f689cfdcd06fba5b2fce05db45befa2525d30a3643994617
lotto_america,2018-06-30,musl_lotto_america,https://www.powerball.com/draw-result?date=2018-06-30&gc=lotto-america,f4639d593cb1806bc553858bdaba6d94c579edfec9c8b4befb48e303fc6fa852,4fd400c41c9be85e6d0a1d5cb3c7f7204bc459f9c8c64918010d5c1f467bd587,iowa_lottery_lotto_america,https://www.ialottery.com/Pages/Games-Online/LottoAmericaWin.aspx,856023c161a025b20a5f1254198a9d1cf1922cd8c30c7b66667a48a97b2b9360,cec4381157bcaa37f689cfdcd06fba5b2fce05db45befa2525d30a3643994617
lotto_america,2018-07-04,musl_lotto_america,https://www.powerball.com/draw-result?date=2018-07-04&gc=lotto-america,94ebc4470d78fb18228cbcfe78c0032ba7af4e8c81e04dd8ba564accc1500bce,e1abf8dc83e32d9a5bdd8b7df81ba7ea09ebd0c9071507542a238e394ef78f83,iowa_lottery_lotto_america,https://www.ialottery.com/Pages/Games-Online/LottoAmericaWin.aspx,df3b43087085af50d14875f6e29ab06aa508d148864544db7d7e93303e901402,3143b9571f526c65a8b518dde920238bd9f170899a845a1a3b65f26f44223e64
lotto_america,2018-07-07,musl_lotto_america,https://www.powerball.com/draw-result?date=2018-07-07&gc=lotto-america,84d5e7700edb689b2f9aa32c353edd7c1d0d0895b3a44a0aaac558cba7359f1a,818b07436c7fe84bec58e71c2dbf2b88b738a17d4fba7f00bea4f16561098958,iowa_lottery_lotto_america,https://www.ialottery.com/Pages/Games-Online/LottoAmericaWin.aspx,4cfc2815502dd5c0e8111c3a7b4806f1e9e50b097da3c5c5529a5c4a98c2fb4c,3143b9571f526c65a8b518dde920238bd9f170899a845a1a3b65f26f44223e64
lotto_america,2018-07-11,musl_lotto_america,https://www.powerball.com/draw-result?date=2018-07-11&gc=lotto-america,eae08e4781a74a69b3d780f9fa8156dcfd3f097e2f3a175c7c7e9ad0fe1a48d0,2f3eaaff32e0cff18e03dec29169e8145cf34b22fcb7ea4fcecb11b00af9432c,iowa_lottery_lotto_america,https://www.ialottery.com/Pages/Games-Online/LottoAmericaWin.aspx,0d7bddd0c713fbff3a4f746b05bd4237806ac282bd291d669f172b4ee4c7b6f5,3143b9571f526c65a8b518dde920238bd9f170899a845a1a3b65f26f44223e64
lotto_america,2018-07-14,musl_lotto_america,https://www.powerball.com/draw-result?date=2018-07-14&gc=lotto-america,859685d6ce54bd3c80e418a5946d6a26fe81f1cca7cf70b18a3b9a9605f24e1e,def2c5b283913313804ea112789b21fbc1d27a4229ee6317cfe48ff6572e0e8a,iowa_lottery_lotto_america,https://www.ialottery.com/Pages/Games-Online/LottoAmericaWin.aspx,ceed2f1fde63d19114c5fe0f9b43d267dbe7b7ae4de985760e13cdeab04aed49,3143b9571f526c65a8b518dde920238bd9f170899a845a1a3b65f26f44223e64
lotto_america,2018-07-18,musl_lotto_america,https://www.powerball.com/draw-result?date=2018-07-18&gc=lotto-america,0afeff1522786a38e80e7020d54044a50d4dc08629cc061cfe4209421c334133,e0eeb992f5ecda2bb1d49113ad3a92b47dcd3de014709f7a8755debefab0dfc5,iowa_lottery_lotto_america,https://www.ialottery.com/Pages/Games-Online/LottoAmericaWin.aspx,ad75d9cf2f8b846c5ec914103acd37ffce8bddcabc4aa7e4cfec0b0c5611e25f,3143b9571f526c65a8b518dde920238bd9f170899a845a1a3b65f26f44223e64
lotto_america,2018-07-21,musl_lotto_america,https://www.powerball.com/draw-result?date=2018-07-21&gc=lotto-america,04e7e945a9ca63f88e20eda9a9e88b31c4df7d3ea79baffc40201d3e5bf5125a,0ae65b80c940144c79e81dc448ad3625972569240cbc7976a1802fdf6e61a918,iowa_lottery_lotto_america,https://www.ialottery.com/Pages/Games-Online/LottoAmericaWin.aspx,3ef49aaec176bb07b98ffcd54c120a40670ccd8ad5ec406542623f4a74d2161a,3143b9571f526c65a8b518dde920238bd9f170899a845a1a3b65f26f44223e64
lotto_america,2018-07-25,musl_lotto_america,https://www.powerball.com/draw-result?date=2018-07-25&gc=lotto-america,8e7b8e8e38d3351d66e7320429cdcba81fdefbb4db2649c38dc10cbd217f8edc,3ebc472e6ac21d777f14758f6fc59f5cb99d0c2fb7f916104396ecd7c4fafb5e,iowa_lottery_lotto_america,https://www.ialottery.com/Pages/Games-Online/LottoAmericaWin.aspx,7f8e9a49840b771393f8bb828ece31b836486908bdeeecc404eecafff3370402,3143b9571f526c65a8b518dde920238bd9f170899a845a1a3b65f26f44223e64
lotto_america,2018-07-28,musl_lotto_america,https://www.powerball.com/draw-result?date=2018-07-28&gc=lotto-america,703d854abda1386cca5e27086bd4c659e3b37e04a0f374666e4f09842a835c64,b805c92900e5a2e8a6e89a1a3ce52db42eaf3f44682492b3e8c2eb69358852b2,iowa_lottery_lotto_america,https://www.ialottery.com/Pages/Games-Online/LottoAmericaWin.aspx,203f581273e8f1e028fddcec14b08e2164e5d0a1390d7e1b62d643abe4607e61,3143b9571f526c65a8b518dde920238bd9f170899a845a1a3b65f26f44223e64
lotto_america,2018-08-01,musl_lotto_america,https://www.powerball.com/draw-result?date=2018-08-01&gc=lotto-america,2c3ba420b12c3111d636c57b67271469ce4d170dced617ce042b28b7ae2b383b,de9b6fd163215f4244f0bc0e2da311f666ec3048fab633aa1889d9b4b503093a,iowa_lottery_lotto_america,https://www.ialottery.com/Pages/Games-Online/LottoAmericaWin.aspx,c0518afba4130c82e95ef9f603ba78993910b5da9312e2b679c964ed6fe75e44,3143b9571f526c65a8b518dde920238bd9f170899a845a1a3b65f26f44223e64
lotto_america,2018-08-04,musl_lotto_america,https://www.powerball.com/draw-result?date=2018-08-04&gc=lotto-america,5dbba32d25ba974cea22b81149169a55e09b45549bac2a8e3b5352e95c7e8b62,a149a8ceaf67e82ef258d30bcb4595b9c8bcb1098cc1d6ad8954c07eb73bb693,iowa_lottery_lotto_america,https://www.ialottery.com/Pages/Games-Online/LottoAmericaWin.aspx,af1d66496e30f2158ac061ff880dec332a92bd8b65c771a91bd112b9fd6b09c0,6869f134d7c6309e400faef74c058d50792369e48375f1018be80802da1c6d06
lotto_america,2018-08-08,musl_lotto_america,https://www.powerball.com/draw-result?date=2018-08-08&gc=lotto-america,70dfd6a6c2014aae010a73c48eee6017fc3710f5f35a6219a75155e3aecc6677,c9e103f706792e1ffe70fa18fc2a7b94ec1d504bf1689af2107f04340c088834,iowa_lottery_lotto_america,https://www.ialottery.com/Pages/Games-Online/LottoAmericaWin.aspx,5ba83dfcbfbca2b47f51a796924c799fff8637e8cb22e00eb3b2a24de20a30d2,6869f134d7c6309e400faef74c058d50792369e48375f1018be80802da1c6d06
lotto_america,2018-08-11,musl_lotto_america,https://www.powerball.com/draw-result?date=2018-08-11&gc=lotto-america,0341ca4fcce6c411098f298a996b9955869350fa145dd1d08886aef9023e90aa,5714673a8ca8574cd8f76a8a2e4407fd453c13e374e04a20f692de240e184a95,iowa_lottery_lotto_america,https://www.ialottery.com/Pages/Games-Online/LottoAmericaWin.aspx,f89a139999885b311e488eaf534b7985bacaca15739c79706f5e78353399f235,6869f134d7c6309e400faef74c058d50792369e48375f1018be80802da1c6d06
lotto_america,2018-08-15,musl_lotto_america,https://www.powerball.com/draw-result?date=2018-08-15&gc=lotto-america,1908e5ef4ac0e6e83e0fc2336155bfd4b38e00725259f6e0d6ddad50b9160ac5,0d106ce709a20e3239f46d39c5c586cd4daada473549bb514289da11168cda1c,iowa_lottery_lotto_america,https://www.ialottery.com/Pages/Games-Online/LottoAmericaWin.aspx,1463b72e1c7a813f45d13662563a18b2f1194a8058ddb428bfc313c7cd2d44a1,6869f134d7c6309e400faef74c058d50792369e48375f1018be80802da1c6d06
lotto_america,2018-08-18,musl_lotto_america,https://www.powerball.com/draw-result?date=2018-08-18&gc=lotto-america,93baca2010633cc3f052a4b8142a02e68dcff6279249dd5e83547859b719beee,f02cad43471d52f7ff5a08a0c7a007b44d3477bc08db9c9945e5304ec2b93e54,iowa_lottery_lotto_america,https://www.ialottery.com/Pages/Games-Online/LottoAmericaWin.aspx,7dbbaa1ff9473cb33b15afe9f7708a43d0090f9caa489e21ae6c8b4de677e823,6869f134d7c6309e400faef74c058d50792369e48375f1018be80802da1c6d06
lotto_america,2018-08-22,musl_lotto_america,https://www.powerball.com/draw-result?date=2018-08-22&gc=lotto-america,68680d786cac19e6834bedcde388e002eaf600db03ca9ed5cee66d06be19ec20,f91547b78da87d19fc228ce3ca261d5c32e1ce19e407c129dee306ff771dd580,iowa_lottery_lotto_america,https://www.ialottery.com/Pages/Games-Online/LottoAmericaWin.aspx,a048b5ec8d5a430974602c9abfa294624d2fa996941bb08287028e5f657cd2ca,6869f134d7c6309e400faef74c058d50792369e48375f1018be80802da1c6d06
lotto_america,2018-08-25,musl_lotto_america,https://www.powerball.com/draw-result?date=2018-08-25&gc=lotto-america,e7ebdff07685b7780f670d86319fafa12d28eebb6d83a3521491b8cff1f57cb7,f409571431b5b4a46860a4d07cf692de6c0b9ce8eff367eeee8b8c3bfec5d0e9,iowa_lottery_lotto_america,https://www.ialottery.com/Pages/Games-Online/LottoAmericaWin.aspx,64ed01ac2e3c88a0ee9acc869408c48b55d76e5597e376f0ce5d6e10138182e2,6869f134d7c6309e400faef74c058d50792369e48375f1018be80802da1c6d06
lotto_america,2018-08-29,musl_lotto_america,https://www.powerball.com/draw-result?date=2018-08-29&gc=lotto-america,84ffec113dc324f778fcda78ef0f81bff82feec554240305e2b659a911fb6ec1,2861bf126917c9392f53c1dd5b5b94c4574cbe252e8dc7b88c58ab0d74b1a546,iowa_lottery_lotto_america,https://www.ialottery.com/Pages/Games-Online/LottoAmericaWin.aspx,276651487c83b7ebc9ccb1e828a9ec92f553a6553f23e822bb23f7b456dcbca4,6869f134d7c6309e400faef74c058d50792369e48375f1018be80802da1c6d06
lotto_america,2018-09-01,musl_lotto_america,https://www.powerball.com/draw-result?date=2018-09-01&gc=lotto-america,2913c7fd706ab51979c49204c3a0491dca58d599da9a1a2e6c26d705cad101dc,f827f4c1671860ecdcde6043c76c240a50e006b9970d3c3db75f74f227eff2f4,iowa_lottery_lotto_america,https://www.ialottery.com/Pages/Games-Online/LottoAmericaWin.aspx,0513a6e29c35b54a2166ca82b50b869945614db5c195f39db9d7fce88f0df378,6869f134d7c6309e400faef74c058d50792369e48375f1018be80802da1c6d06
lotto_america,2018-09-05,musl_lotto_america,https://www.powerball.com/draw-result?date=2018-09-05&gc=lotto-america,39bbc7e12f2b6a92d9780b76d662f14c07f2a581eed93f5d5526ffbf5de5d991,83748ddf689dd864b8b2a21dfd5e365efdbd2be8d2d13566afbd5f18a0325566,iowa_lottery_lotto_america,https://www.ialottery.com/Pages/Games-Online/LottoAmericaWin.aspx,fdd03c664afbacaba432a5339e131ac02fab493b70e16d07596ae8a04e0c99a9,056b1facbf3a518e2b3ff1c888a788a9851b5c38fbb6986c3c087eae88aee850
lotto_america,2018-09-08,musl_lotto_america,https://www.powerball.com/draw-result?date=2018-09-08&gc=lotto-america,cc9e096f78fc4fbca64cb6fe581dc45a3fdfd3f87379ab2d9f643fa699497c02,3b1831ce86cda22fcf3a27e03fb5404457e86e1c9aaad992d8d7c398c858b126,iowa_lottery_lotto_america,https://www.ialottery.com/Pages/Games-Online/LottoAmericaWin.aspx,863189eb770b8923274b30d870aec1a5e1eabf2725ee4054891fbf604b04f16b,056b1facbf3a518e2b3ff1c888a788a9851b5c38fbb6986c3c087eae88aee850
lotto_america,2018-09-12,musl_lotto_america,https://www.powerball.com/draw-result?date=2018-09-12&gc=lotto-america,7c3961066840a95c34061d257e4a4450a2f525c9d1d3fb499f87ebbde8a0454d,21274877a6a3640a619e376f8c4243a0eceefb4ef7fe7a5bcc17c1dad15c1a49,iowa_lottery_lotto_america,https://www.ialottery.com/Pages/Games-Online/LottoAmericaWin.aspx,1645233999e3b5a4830789ec9286efc94daf868ed5c24415adec9871a0156bde,056b1facbf3a518e2b3ff1c888a788a9851b5c38fbb6986c3c087eae88aee850
lotto_america,2018-09-15,musl_lotto_america,https://www.powerball.com/draw-result?date=2018-09-15&gc=lotto-america,b3c664495d359b60b258bca869b88a1fb4646074e940218e3c253467ba2e9863,e38a0f0722282be149fc07f07ac2141fcbee5dfafe95146461105f81af9f118d,iowa_lottery_lotto_america,https://www.ialottery.com/Pages/Games-Online/LottoAmericaWin.aspx,37946d9de3c0f599f4b7ac256ee2fc5f89347a109e5bc74b1187316016a08609,056b1facbf3a518e2b3ff1c888a788a9851b5c38fbb6986c3c087eae88aee850
lotto_america,2018-09-19,musl_lotto_america,https://www.powerball.com/draw-result?date=2018-09-19&gc=lotto-america,30a9db78f92d7b4441211718fe1d759727541f33a9b4e43a49db5e3eecbbde74,9b37607604c0002ea084a08b62c81b979d1ae43dd148a0e27340cb4d14d1e0cd,iowa_lottery_lotto_america,https://www.ialottery.com/Pages/Games-Online/LottoAmericaWin.aspx,9a349a5ea5b8b62ef8ee242f006804e1d3c97912cd6a7d24e83b4166b565586a,056b1facbf3a518e2b3ff1c888a788a9851b5c38fbb6986c3c087eae88aee850
lotto_america,2018-09-22,musl_lotto_america,https://www.powerball.com/draw-result?date=2018-09-22&gc=lotto-america,ecc742c4ce32bcd2b6c91b757db4a7ab0d90d5058e2fb3585720635cb0012bdf,b1c70913d9235dad2d66ad902e91fa35a494726c070d249e8b187b2c76adde1e,iowa_lottery_lotto_america,https://www.ialottery.com/Pages/Games-Online/LottoAmericaWin.aspx,f698742899e28eeef14ce1fe4a3bbea14fa0883e73448a3ecaeafd458d694514,056b1facbf3a518e2b3ff1c888a788a9851b5c38fbb6986c3c087eae88aee850
lotto_america,2018-09-26,musl_lotto_america,https://www.powerball.com/draw-result?date=2018-09-26&gc=lotto-america,fd4c962c9ca0ae9f0913b06efaa1ee835ca59a4906b701c15fa468ae012defd0,1bfad64286bccaaa31162ca5f64a2cdc0b8432e0a6042bdc06f1fbea47aab5c8,iowa_lottery_lotto_america,https://www.ialottery.com/Pages/Games-Online/LottoAmericaWin.aspx,c7a507f5187aae8d41e91aa2ae2e29acac933ef161f8dcf0aeaefbdaf8636498,056b1facbf3a518e2b3ff1c888a788a9851b5c38fbb6986c3c087eae88aee850
lotto_america,2018-09-29,musl_lotto_america,https://www.powerball.com/draw-result?date=2018-09-29&gc=lotto-america,b4724dfe90903369718e7b13f9a4525157dba18097145f404709893e11d4d6ec,c233af0df2b3f6be2bd4d08e28461eb480ecc10e61881077dd0f130fbe0edb0c,iowa_lottery_lotto_america,https://www.ialottery.com/Pages/Games-Online/LottoAmericaWin.aspx,99ebe9aa4f581c70f636f843de8ad55f0a30cf104421947b588ecf0d21cdf093,056b1facbf3a518e2b3ff1c888a788a9851b5c38fbb6986c3c087eae88aee850
lotto_america,2018-10-03,musl_lotto_america,https://www.powerball.com/draw-result?date=2018-10-03&gc=lotto-america,95b00e4fe35dab6b8a893ef7553ed8ece9b428d8ad552286c45032f1cb01c9d4,22def12d339ce0dfe38c6a7d7a334165ff7adb389b867d586d387c067482ab1e,iowa_lottery_lotto_america,https://www.ialottery.com/Pages/Games-Online/LottoAmericaWin.aspx,75458e1e2c83ff8ccad22ab680fbe40e7d066eed0435f202edccfa0f02d88d25,056b1facbf3a518e2b3ff1c888a788a9851b5c38fbb6986c3c087eae88aee850
lotto_america,2018-10-06,musl_lotto_america,https://www.powerball.com/draw-result?date=2018-10-06&gc=lotto-america,50920283d0890ae65ea3fe7410f5828a0d2a30fc6888f32ac01acb18da67edb6,c6b54429c8da7f9e1adc07c1eb22b4100b1a0bdfb5687559575bce132a35271d,iowa_lottery_lotto_america,https://www.ialottery.com/Pages/Games-Online/LottoAmericaWin.aspx,6399f29325677a9e774b9199e7807e76c9161ebb2812bda075bab565da4f3a5b,099b38bf62215c32362ea52684c34316509551643d4a5427c9b5179a6b2aea3d
lotto_america,2018-10-10,musl_lotto_america,https://www.powerball.com/draw-result?date=2018-10-10&gc=lotto-america,67874e2b6fe6be87bf3db9744f06121d7a26cb799042de4fe580fb95562d97ab,8efd774008b7c6a4651ae091976175ac33e3d2d9530ebe05d7b44c7651eff022,iowa_lottery_lotto_america,https://www.ialottery.com/Pages/Games-Online/LottoAmericaWin.aspx,fdc3ade4220ffaa1f43348a4061538a7e1d8b896571e2483f974a438ee89d1e6,099b38bf62215c32362ea52684c34316509551643d4a5427c9b5179a6b2aea3d
lotto_america,2018-10-13,musl_lotto_america,https://www.powerball.com/draw-result?date=2018-10-13&gc=lotto-america,8e24423a347bee041b26eb05f97f08a6fdcf1ce33d7cce8e7f9452e4b4e0b619,b7f9149dcafcd285ec9498f37770384b69e26f622c79686d653717a79c9e704e,iowa_lottery_lotto_america,https://www.ialottery.com/Pages/Games-Online/LottoAmericaWin.aspx,ba2b47cd944bc35afd7819370dd5a3ad18062c4239782ab097cdcd97d35bde09,099b38bf62215c32362ea52684c34316509551643d4a5427c9b5179a6b2aea3d
lotto_america,2018-10-17,musl_lotto_america,https://www.powerball.com/draw-result?date=2018-10-17&gc=lotto-america,d421a6710d277caa7214eff435e85ef5299aa1c7c3b5535875032db204cbab71,185fee8ba4d9ff2e8c19e470630c142cc1fe4cfb2faf6cf75a4f2cc67ae65fa4,iowa_lottery_lotto_america,https://www.ialottery.com/Pages/Games-Online/LottoAmericaWin.aspx,db5e09b817e6ca7a94501eceff11223a63477e40397395b5375e5880f3a45a8a,099b38bf62215c32362ea52684c34316509551643d4a5427c9b5179a6b2aea3d
lotto_america,2018-10-20,musl_lotto_america,https://www.powerball.com/draw-result?date=2018-10-20&gc=lotto-america,c0f56a1556e374ded787100c4a1c1f1d66834db5370f6c0c54be8537edd62092,ece07751dfc9117ee6ebebdfb1221913d23b4ab5139823596cfb80240fbf9b3c,iowa_lottery_lotto_america,https://www.ialottery.com/Pages/Games-Online/LottoAmericaWin.aspx,c7211ad42148898fe43a14ce562ddb502ed93f1b8f3b93bdc04a915334387ec8,099b38bf62215c32362ea52684c34316509551643d4a5427c9b5179a6b2aea3d
lotto_america,2018-10-24,musl_lotto_america,https://www.powerball.com/draw-result?date=2018-10-24&gc=lotto-america,cdb310c7619883156f33a1db147252edfdee84b7c4893d39855db978906ea388,85980b71b1b641087b2c7f5f5cf119fd4a799e225eb76f14146b0ba470305144,iowa_lottery_lotto_america,https://www.ialottery.com/Pages/Games-Online/LottoAmericaWin.aspx,7f17a9161449f99b8f97af05a88e3d9b70cd9b0584ea821fea65e66352e6c808,099b38bf62215c32362ea52684c34316509551643d4a5427c9b5179a6b2aea3d
lotto_america,2018-10-27,musl_lotto_america,https://www.powerball.com/draw-result?date=2018-10-27&gc=lotto-america,1c8961ee62315070ab5e3b4f4e1f17734d538596f2c210ab7ab9fb4641ef4e06,b41f3568b63e1942f0f00107afd00f4ec19008b5dc6b8c817952f02e8a89bfff,iowa_lottery_lotto_america,https://www.ialottery.com/Pages/Games-Online/LottoAmericaWin.aspx,8802ba8acb5996a7990c838005d1f6821028105c2106ddde58be110b9ba89c33,099b38bf62215c32362ea52684c34316509551643d4a5427c9b5179a6b2aea3d
lotto_america,2018-10-31,musl_lotto_america,https://www.powerball.com/draw-result?date=2018-10-31&gc=lotto-america,86051b49905620604f7ae9a340f033123c1b24ec14ed62d490a3ccfeef6e7f74,e3ff47e520e9a42730d99155d52d42e857741adc9a91fc3d49a396b10140d6a9,iowa_lottery_lotto_america,https://www.ialottery.com/Pages/Games-Online/LottoAmericaWin.aspx,169223eb44af870752060a0f6c9fafad05cad5fa842d59c4fb80d216153ae986,099b38bf62215c32362ea52684c34316509551643d4a5427c9b5179a6b2aea3d
lotto_america,2018-11-03,musl_lotto_america,https://www.powerball.com/draw-result?date=2018-11-03&gc=lotto-america,0de87369d226a3ec10c48e8d2a72d65dc9a4a4fea3702d17487ce75539dd97da,392663ee2cea95378ddd7f4a42c555713423560d17c9aa64900a3cb69e5c87c8,iowa_lottery_lotto_america,https://www.ialottery.com/Pages/Games-Online/LottoAmericaWin.aspx,795b5c3c0aab20ef115467c3a67ae8765ddb8a744caffed5a718ca4056a8bacb,70818e9c75b350bc97437a1f920d717106f0c450420bf899b1e4955eeb3612c2
lotto_america,2018-11-07,musl_lotto_america,https://www.powerball.com/draw-result?date=2018-11-07&gc=lotto-america,fc394c99065ba9dbd0179d662f0a3d0a146fa6babc1b4a61cb2f2b72c3d49919,205e2f550f3ac742810c7c0615bba2f64d96915a11cff3b665767d22b5c8ffff,iowa_lottery_lotto_america,https://www.ialottery.com/Pages/Games-Online/LottoAmericaWin.aspx,84ff1c924ab31b6ef7f8500869dc2d14c51fdba2125692a4517e47259938ec13,70818e9c75b350bc97437a1f920d717106f0c450420bf899b1e4955eeb3612c2
lotto_america,2018-11-10,musl_lotto_america,https://www.powerball.com/draw-result?date=2018-11-10&gc=lotto-america,2cb27e5ebebf0361a5f99a3d69985742c54d4f8a22b059582af682944328fd2b,c1ca5b1f151679cb57e861ff85715d8ab739481bbcfda5212fb6f6ed03fa0fc8,iowa_lottery_lotto_america,https://www.ialottery.com/Pages/Games-Online/LottoAmericaWin.aspx,47b4272ed2a913032bc1fbc6c76e23e5f20d95f6afb60f0dcb8a87e7331336c7,70818e9c75b350bc97437a1f920d717106f0c450420bf899b1e4955eeb3612c2
lotto_america,2018-11-14,musl_lotto_america,https://www.powerball.com/draw-result?date=2018-11-14&gc=lotto-america,3bc3f14446e45a592df55de76f583e2c1b7ad84272d38f1415a795483ef5b517,ff3e6991777aeb3df58bcab64f8c5271b1a7643fbf913fb3ea2ddb850087a27d,iowa_lottery_lotto_america,https://www.ialottery.com/Pages/Games-Online/LottoAmericaWin.aspx,9ddc1117180f66e480fe3780a2a534e0bf9c75c270e379c3394f7d474e2edd52,70818e9c75b350bc97437a1f920d717106f0c450420bf899b1e4955eeb3612c2
lotto_america,2018-11-17,musl_lotto_america,https://www.powerball.com/draw-result?date=2018-11-17&gc=lotto-america,7215a33d7db458aa914b05745a0272b489c3d8bd7fd6ee91d9d9784b77f9719a,ce60caa24d7bd52b15e440f33915325215159058413a0c43ca73163ebc3e08b4,iowa_lottery_lotto_america,https://www.ialottery.com/Pages/Games-Online/LottoAmericaWin.aspx,2d53aecbdf19dfa60415fb9fc9c67ccd441eeec636182c868b4aeaaffb5f0bbe,70818e9c75b350bc97437a1f920d717106f0c450420bf899b1e4955eeb3612c2
lotto_america,2018-11-21,musl_lotto_america,https://www.powerball.com/draw-result?date=2018-11-21&gc=lotto-america,703cddf4b7f8e0bcd6b03e2a174c4081bc5694c936bf89efb2a22a2bcb32a4b1,5c9c792b1852a80b06e08cd32248bcdb825f1f03cd3806fb73b6b67b357e1e28,iowa_lottery_lotto_america,https://www.ialottery.com/Pages/Games-Online/LottoAmericaWin.aspx,c8e359eacce730c28be976cb3f165e171baf517e058dcd8f9275a1a0b2074106,70818e9c75b350bc97437a1f920d717106f0c450420bf899b1e4955eeb3612c2
lotto_america,2018-11-24,musl_lotto_america,https://www.powerball.com/draw-result?date=2018-11-24&gc=lotto-america,5d3a6fc6e84e16e5c5e414bb05e553dfcfc5c5350b463c262147182698e1d52f,f55598a1202cbaf4c78f70839871afbfd2055ca6b1a7f89ac66fd046cc945bc9,iowa_lottery_lotto_america,https://www.ialottery.com/Pages/Games-Online/LottoAmericaWin.aspx,b593a22d619bfee401ff0841c9796e525a6a68073046b15eb5f611bbf7cc19ba,70818e9c75b350bc97437a1f920d717106f0c450420bf899b1e4955eeb3612c2
lotto_america,2018-11-28,musl_lotto_america,https://www.powerball.com/draw-result?date=2018-11-28&gc=lotto-america,f7fe79d28f3dc40e99e1cfb4db46075ad2bc61677abbd2ecd71ca0b5a8bf5b18,a8bd57da96347603f113933aefb1afb75e3e74de2f121a4d895149495fdb5bc9,iowa_lottery_lotto_america,https://www.ialottery.com/Pages/Games-Online/LottoAmericaWin.aspx,df56774ebc20cf38e64e1651127be590a14ed196354856bc09d6986642d08e37,70818e9c75b350bc97437a1f920d717106f0c450420bf899b1e4955eeb3612c2
lotto_america,2018-12-01,musl_lotto_america,https://www.powerball.com/draw-result?date=2018-12-01&gc=lotto-america,f53353e7660d689f4c96977a7ba618e14a6fe90de62da089b0ded978d9009c00,01863a643b1aed1b2c0361c2c281530e4d937b838614561ddd846dec3753ce48,iowa_lottery_lotto_america,https://www.ialottery.com/Pages/Games-Online/LottoAmericaWin.aspx,c97561404e91ac676c8163ebc71e2401b8f517e9e52d5ba4fc9c5f77773224e9,70818e9c75b350bc97437a1f920d717106f0c450420bf899b1e4955eeb3612c2
lotto_america,2018-12-05,musl_lotto_america,https://www.powerball.com/draw-result?date=2018-12-05&gc=lotto-america,1653cf215f19781b63a182ce162fadbcd3b73de4a50c57c8c1b862db2c36e42a,18b50b58dea9f41e3dbccb93412fc9deafb2d61ae0195d1874704313399cea48,iowa_lottery_lotto_america,https://www.ialottery.com/Pages/Games-Online/LottoAmericaWin.aspx,05b0d13a25c1a6b763782e477a1f9f9591fc6f0606caeb917b42ce7f827b5689,14e7e2d1895a30d15c4268c9968cfadcaa523a7ffe380b3885d38b34461c2530
lotto_america,2018-12-08,musl_lotto_america,https://www.powerball.com/draw-result?date=2018-12-08&gc=lotto-america,ef9a3f08940263c347aaa1d679f3baffc947b21c36c91bb4f06777929d7caa8d,144e5416336d3485e7a7bc975c3ab959577b5e11c3444f9f3332ac1d4d60acb5,iowa_lottery_lotto_america,https://www.ialottery.com/Pages/Games-Online/LottoAmericaWin.aspx,09f3221a0de4da700f00c43af5a9e4c7bb0b6133268303fbcf0860bacbefe1ac,14e7e2d1895a30d15c4268c9968cfadcaa523a7ffe380b3885d38b34461c2530
lotto_america,2018-12-12,musl_lotto_america,https://www.powerball.com/draw-result?date=2018-12-12&gc=lotto-america,2f15ed8eedff459d6b52a658bb7a761e9217132c4c66664438f71be446f7fd87,76c4ea1f30aaa6f2fc9c9be0442de222351d6ca9c63b9230fd81027bbef6609f,iowa_lottery_lotto_america,https://www.ialottery.com/Pages/Games-Online/LottoAmericaWin.aspx,f5e4047d96cb33b176af5b64489798d6bd1a3bb628eaca94bc22625c27b2f134,14e7e2d1895a30d15c4268c9968cfadcaa523a7ffe380b3885d38b34461c2530
lotto_america,2018-12-15,musl_lotto_america,https://www.powerball.com/draw-result?date=2018-12-15&gc=lotto-america,e40fa6bae120759e81813a5c71e6166b9029bd3f1fd6552766191f41c0920a96,dfdff4af49af5a2719084ecf4c62bbec2ce8effcec3754fa1f294234e169436e,iowa_lottery_lotto_america,https://www.ialottery.com/Pages/Games-Online/LottoAmericaWin.aspx,338c75e4283faa7f93ecbcfdd185d30afa18e2e04f3e02b754a099281b93b068,14e7e2d1895a30d15c4268c9968cfadcaa523a7ffe380b3885d38b34461c2530
lotto_america,2018-12-19,musl_lotto_america,https://www.powerball.com/draw-result?date=2018-12-19&gc=lotto-america,ead204e43cc378344013d053757b17e53833ae0af962327ab45c930f638c4dc7,ed2448498cf4c14a6d5c6eaa0356adc720eb54a5492b06429498fe139bea5671,iowa_lottery_lotto_america,https://www.ialottery.com/Pages/Games-Online/LottoAmericaWin.aspx,f33546524d7469c07e4963b7da68a301aaee7fa9d6d756ad8060c43cb0209fbf,14e7e2d1895a30d15c4268c9968cfadcaa523a7ffe380b3885d38b34461c2530
lotto_america,2018-12-22,musl_lotto_america,https://www.powerball.com/draw-result?date=2018-12-22&gc=lotto-america,756ba2187fac286b8014da4b7a75a5d29bea2a60783ef2b0cfbcc430ef675746,1c7cc50e806c56c5b0124c95431a07f024a1773257dd1eb085e0a3d5e9a8b2fb,iowa_lottery_lotto_america,https://www.ialottery.com/Pages/Games-Online/LottoAmericaWin.aspx,80de03412640c5722bb5da1b292c04027557a22c2bfb6c12d81fee044d85b4a9,14e7e2d1895a30d15c4268c9968cfadcaa523a7ffe380b3885d38b34461c2530
lotto_america,2018-12-26,musl_lotto_america,https://www.powerball.com/draw-result?date=2018-12-26&gc=lotto-america,5fa123e109dbe12bd7fad2aeb8b16dfd426f06fa8da504b229f4ba24dc765479,c70877f28815373048218e8045df23032eff6088396e4195f105e042259ab7b3,iowa_lottery_lotto_america,https://www.ialottery.com/Pages/Games-Online/LottoAmericaWin.aspx,6e84d53abba9e2ba102b104a15bd3ab6df9c91e92a5755fce2cc0dd353e02503,14e7e2d1895a30d15c4268c9968cfadcaa523a7ffe380b3885d38b34461c2530
lotto_america,2018-12-29,musl_lotto_america,https://www.powerball.com/draw-result?date=2018-12-29&gc=lotto-america,a25f45b5aa8eef4b32fe68ee65327bdc9afd6d6ac09db37e140d63363b82ad9e,509a8f17100c6ad03f3ebde2590a4c4efe04d2ef79584e85effa1d60963fe312,iowa_lottery_lotto_america,https://www.ialottery.com/Pages/Games-Online/LottoAmericaWin.aspx,e8f1e8154963c89b2311aa13ec9a773a36c43e3f37ac2d8587189f5c6dc115a3,14e7e2d1895a30d15c4268c9968cfadcaa523a7ffe380b3885d38b34461c2530
lotto_america,2019-01-02,musl_lotto_america,https://www.powerball.com/draw-result?date=2019-01-02&gc=lotto-america,930396345dda5995691ec31a106b1f0d538af12766136ff1fff5bbe41e452800,105710872d86bc98c584d0ab216301fa14790f5cdd49133e30935896032cbd7a,iowa_lottery_lotto_america,https://www.ialottery.com/Pages/Games-Online/LottoAmericaWin.aspx,1f9b79d0fc4bc82112fd06b407d800e39bb22bb254d2b7acafc47cacfa22d1b6,14e7e2d1895a30d15c4268c9968cfadcaa523a7ffe380b3885d38b34461c2530
lotto_america,2019-01-05,musl_lotto_america,https://www.powerball.com/draw-result?date=2019-01-05&gc=lotto-america,9ae835901c252e72780c9ff39528f93c66ab7e60e9cfd6d9dcb45de4177b577e,a9f59ded4e86cf1412930ab3f4baf8b0764153801e48e23def029250c3ebb8b7,iowa_lottery_lotto_america,https://www.ialottery.com/Pages/Games-Online/LottoAmericaWin.aspx,67294939dea7bf309fb7e04f7076f4560adc6d19db98092f9d6c8031b6e9a718,88369ca4e1df675ad225ce330fb996c9f929789c4e6d1eb6e64bc21dbdf3e546
lotto_america,2019-01-09,musl_lotto_america,https://www.powerball.com/draw-result?date=2019-01-09&gc=lotto-america,476bd88932b6335e03d95866a180ebbeea5f92e97e2327fca9deeab073d283e9,d27df678ab8ff6f4905869defcd63a65c15cdd9723d6b0d9f469244496b49765,iowa_lottery_lotto_america,https://www.ialottery.com/Pages/Games-Online/LottoAmericaWin.aspx,225275d251ec408d18744856a55db0ac215f42c0283b43d01af741cd9a388a18,88369ca4e1df675ad225ce330fb996c9f929789c4e6d1eb6e64bc21dbdf3e546
lotto_america,2019-01-12,musl_lotto_america,https://www.powerball.com/draw-result?date=2019-01-12&gc=lotto-america,1f1add706a03f06ff6db50a9a26b582e71bcd815cfaf82f7242f6ee8fdc32cf2,4874b505d638141d2b917dff3cdadd110d221b7374d9f7685d35e38af5b834b2,iowa_lottery_lotto_america,https://www.ialottery.com/Pages/Games-Online/LottoAmericaWin.aspx,c0f6224c682d9002b46bcf7344e5d158e4d09907fe5025faa62d20747dffef62,88369ca4e1df675ad225ce330fb996c9f929789c4e6d1eb6e64bc21dbdf3e546
lotto_america,2019-01-16,musl_lotto_america,https://www.powerball.com/draw-result?date=2019-01-16&gc=lotto-america,a21517d58afc08fbffa8d25531a6c0ae69659655a0a6fe17d096a6d357fda700,a8b14c16578b1fd5148a49ada044bdacc030c1518335615d25e2c7f8f88e5a2a,iowa_lottery_lotto_america,https://www.ialottery.com/Pages/Games-Online/LottoAmericaWin.aspx,c5815e1bd44ad94d8ca29625bb7c004cb552eebdfcaef83394335640297a58a3,88369ca4e1df675ad225ce330fb996c9f929789c4e6d1eb6e64bc21dbdf3e546
lotto_america,2019-01-19,musl_lotto_america,https://www.powerball.com/draw-result?date=2019-01-19&gc=lotto-america,48a815928440ed28f93d922fa3dbbd8ed8270ceba866274f1108ed82c0eab47e,7493c6858e6d15a3b6de3585c25ad1079f6f6191872ec8a9647b5468609fc387,iowa_lottery_lotto_america,https://www.ialottery.com/Pages/Games-Online/LottoAmericaWin.aspx,911c959cb7a864db3511a9343fae24710ddfeb3efe3dc4840222b7330805a0ad,88369ca4e1df675ad225ce330fb996c9f929789c4e6d1eb6e64bc21dbdf3e546
lotto_america,2019-01-23,musl_lotto_america,https://www.powerball.com/draw-result?date=2019-01-23&gc=lotto-america,374b2f1b3cacabbe46bb341baa7877baf2316fb617b6a283ac4056293c43fab2,2154886ea52a8e7f5e386943f014d43d7995423be208f292e2b04e376b86b2e6,iowa_lottery_lotto_america,https://www.ialottery.com/Pages/Games-Online/LottoAmericaWin.aspx,75496b2f3a1581d9574ff2a5b4071acb411310967b26da6f101eb900db781c12,88369ca4e1df675ad225ce330fb996c9f929789c4e6d1eb6e64bc21dbdf3e546
lotto_america,2019-01-26,musl_lotto_america,https://www.powerball.com/draw-result?date=2019-01-26&gc=lotto-america,a3168c8dfc1b58cc86421d59ee508aa100978bbd62d8cc1b075442137bffcda9,243ebe781ff1188982ef7f1d780581e5ed142b828a67475dff6940f61c0aa9ee,iowa_lottery_lotto_america,https://www.ialottery.com/Pages/Games-Online/LottoAmericaWin.aspx,cc4e34906085754c8cb8271130501e2023601e969968770fbcf62532e9e469c4,88369ca4e1df675ad225ce330fb996c9f929789c4e6d1eb6e64bc21dbdf3e546
lotto_america,2019-01-30,musl_lotto_america,https://www.powerball.com/draw-result?date=2019-01-30&gc=lotto-america,d5080a71580f19783b1685005f25c7210df013bb86b54dd222b690ad3164c257,df59b28f998557474908bd44fb68ad864d3ade4d847e362d9904d9420db793d2,iowa_lottery_lotto_america,https://www.ialottery.com/Pages/Games-Online/LottoAmericaWin.aspx,d93278af557fdd37cb284660acbb87da4b91fd617b4cefa46a88680fbc849c51,88369ca4e1df675ad225ce330fb996c9f929789c4e6d1eb6e64bc21dbdf3e546
lotto_america,2019-02-02,musl_lotto_america,https://www.powerball.com/draw-result?date=2019-02-02&gc=lotto-america,97576ab3a5202f756bc0a7beb353053900b318ffe85b6a596b223d3312e0ac91,79d95114f2076c689e6f92faab0796ef5341e2ba0dc7002083a5596c93d17135,iowa_lottery_lotto_america,https://www.ialottery.com/Pages/Games-Online/LottoAmericaWin.aspx,683ed56751a926d1cfd272f9175704ef3cbf42c30352b947fa20e8d4586d35f6,4ad89b45d68c34460ed95ab63c8abc54cd9b1203d7056fabc7742e3b97c6c626
lotto_america,2019-02-06,musl_lotto_america,https://www.powerball.com/draw-result?date=2019-02-06&gc=lotto-america,affa6698c0c00bbe76c8029862ce2534320480182b163614413f1593d982da33,068d9e09b3769751bc06940301ee93dcd29fed792fba8fb4a2cabdbcbf783d08,iowa_lottery_lotto_america,https://www.ialottery.com/Pages/Games-Online/LottoAmericaWin.aspx,d4f535650c5a5a4c6a6c0b7c38e8e9be671e97ce50d742cadc1f61bf7ac8c2b5,4ad89b45d68c34460ed95ab63c8abc54cd9b1203d7056fabc7742e3b97c6c626
lotto_america,2019-02-09,musl_lotto_america,https://www.powerball.com/draw-result?date=2019-02-09&gc=lotto-america,ccd2d085fb2492695074bf3e5d7e7d400b0c77fbdfb93ecef4a9b5f0d74c90be,616df582cd9e7b87291c9836a5d8af755fe64145a43b8ab343a3b4bc7fd878bf,iowa_lottery_lotto_america,https://www.ialottery.com/Pages/Games-Online/LottoAmericaWin.aspx,19448bbcc1e878969f2d5f17d607e78914b0036531cce273e290eda66918b7b6,4ad89b45d68c34460ed95ab63c8abc54cd9b1203d7056fabc7742e3b97c6c626
lotto_america,2019-02-13,musl_lotto_america,https://www.powerball.com/draw-result?date=2019-02-13&gc=lotto-america,b1bdbb3cb53a7a65a35f6255c66cd12b707124794cec340d475e296ca5fab154,4dae459391988f8ecde4fdea5be3c3fa8c0d576a8f5a17d77d81c7e34026cf5a,iowa_lottery_lotto_america,https://www.ialottery.com/Pages/Games-Online/LottoAmericaWin.aspx,80ee8a30636971d94f7ead0a818b31e64750ae38aab1258f4a674738cb260d4e,4ad89b45d68c34460ed95ab63c8abc54cd9b1203d7056fabc7742e3b97c6c626
lotto_america,2019-02-16,musl_lotto_america,https://www.powerball.com/draw-result?date=2019-02-16&gc=lotto-america,fb32e5bd8be1c2f234d43f2ed77cc901896a27313d43bf0ab8ab4cb197175287,1f22ade29b7a8f8d849568ec4d50d7fdbd9cc9b530629d246725a4f7d5f0276d,iowa_lottery_lotto_america,https://www.ialottery.com/Pages/Games-Online/LottoAmericaWin.aspx,d76d5bf3f8046858d566ae7588afce5a36f827f0ab9902491365e19d343bb493,4ad89b45d68c34460ed95ab63c8abc54cd9b1203d7056fabc7742e3b97c6c626
lotto_america,2019-02-20,musl_lotto_america,https://www.powerball.com/draw-result?date=2019-02-20&gc=lotto-america,c6094f433b24af0a00650b2d50fb848b74bbfaf53791261bbc7cfc39e35735d0,be0d42168cc9d50eacb6d5e3e4d348c3d397cb88bdc35147ca549252f99b6088,iowa_lottery_lotto_america,https://www.ialottery.com/Pages/Games-Online/LottoAmericaWin.aspx,e7b672b6645b7c56ba14e69b5c2507ad8c4d17cdeb5c260e84982daf8b1145fa,4ad89b45d68c34460ed95ab63c8abc54cd9b1203d7056fabc7742e3b97c6c626
lotto_america,2019-02-23,musl_lotto_america,https://www.powerball.com/draw-result?date=2019-02-23&gc=lotto-america,867ee0ace68057c15a57d77e5c9511251037af0e536437eed8ff426415174b3b,83e7af2654109e5ab0026f931a2e47200af6195a91ad2a5fce94536d1138a580,iowa_lottery_lotto_america,https://www.ialottery.com/Pages/Games-Online/LottoAmericaWin.aspx,03f203c159f1189595e03a84fbee0bcc54bf11eadd566550f5e8e2dcc5819396,4ad89b45d68c34460ed95ab63c8abc54cd9b1203d7056fabc7742e3b97c6c626
lotto_america,2019-02-27,musl_lotto_america,https://www.powerball.com/draw-result?date=2019-02-27&gc=lotto-america,b9ed9d1a4c8880242099a735c305da5a0e979d0946f49c6db604c72b96e1045c,fdcd169f8faa31a3c5cb3f8963e7ca02cfd9941404a118353979b54a153fb354,iowa_lottery_lotto_america,https://www.ialottery.com/Pages/Games-Online/LottoAmericaWin.aspx,589108418be60434850436874322150fae90dbebb65c4a961685a7b0c8a2a2f8,4ad89b45d68c34460ed95ab63c8abc54cd9b1203d7056fabc7742e3b97c6c626
lotto_america,2019-03-02,musl_lotto_america,https://www.powerball.com/draw-result?date=2019-03-02&gc=lotto-america,eb69afee3b2e2e1c154758b353b6b029192553038f44215a709141e1697090df,8f9b69001a4228f33afabffb51807eef4a0cd3c698201d3bde70bbef7cab82a8,iowa_lottery_lotto_america,https://www.ialottery.com/Pages/Games-Online/LottoAmericaWin.aspx,6c09ae9f14b2e4ed5ff8370729419885bdf592f90213b0fcdb26ade142a11a6e,4ad89b45d68c34460ed95ab63c8abc54cd9b1203d7056fabc7742e3b97c6c626
lotto_america,2019-03-06,musl_lotto_america,https://www.powerball.com/draw-result?date=2019-03-06&gc=lotto-america,ddd9f92ed477402780097e8585225439c98dd6ff30dfed43441a1510de4126e2,b52f3b056eb0d3ff94d9ae3c65ff5a82f3bfbf2272c03f58cbef2729353cd31c,iowa_lottery_lotto_america,https://www.ialottery.com/Pages/Games-Online/LottoAmericaWin.aspx,c2867e30cc8f89c515ba8aba6e883bf340f6d52d6c58132ae74769e5d71d037b,a56fc563f4124e0fa451006c3a05579b30314912f2a4d071d24095740fef2eee
lotto_america,2019-03-09,musl_lotto_america,https://www.powerball.com/draw-result?date=2019-03-09&gc=lotto-america,11ef3df44b69db76379a43bbc8a6b6cb022ba5dde061c768622b42bf46f0f06b,b6c790237b6452902e3019aa6d58775577d1b6b3901c21a152b4583aa859582a,iowa_lottery_lotto_america,https://www.ialottery.com/Pages/Games-Online/LottoAmericaWin.aspx,6d9345b0fedd189065d9ef39f225749bcd1c03b8e181e9bed8a177568ba9c178,a56fc563f4124e0fa451006c3a05579b30314912f2a4d071d24095740fef2eee
lotto_america,2019-03-13,musl_lotto_america,https://www.powerball.com/draw-result?date=2019-03-13&gc=lotto-america,61d9a51fa98a34740cd67ef95f3f8ac593892a324c686f2a7e450c1ad04f5e36,adcbd55c6a88a5fb580cfaad1770c3a8516ed7d76c88f2b9f0158024564d196f,iowa_lottery_lotto_america,https://www.ialottery.com/Pages/Games-Online/LottoAmericaWin.aspx,d5018f15c899db2aec901969838aff12166c980dae2221a78a41baaa9ff3c6e7,a56fc563f4124e0fa451006c3a05579b30314912f2a4d071d24095740fef2eee
lotto_america,2019-03-16,musl_lotto_america,https://www.powerball.com/draw-result?date=2019-03-16&gc=lotto-america,cd551380ac439eb4d83ae4f563cce0b1a4f699e57e77d8b9d1b7ce0d4b64a176,2e0d36af824924613cbb7a0e66b75ab84d3f556f57305db4bf46d8080a973f67,iowa_lottery_lotto_america,https://www.ialottery.com/Pages/Games-Online/LottoAmericaWin.aspx,5324075bb31074b0b1d62bb53226bdf0bfbde5d17906c6763bc7a347a903e996,a56fc563f4124e0fa451006c3a05579b30314912f2a4d071d24095740fef2eee
lotto_america,2019-03-20,musl_lotto_america,https://www.powerball.com/draw-result?date=2019-03-20&gc=lotto-america,7de201175ee2904ef6a5f344267509cfe0b43cee2733d2b31468db42785157c9,cfdf4e8d4edbf383ef1c54d2ac38fc14e16b17013f57678835760848d0f1d756,iowa_lottery_lotto_america,https://www.ialottery.com/Pages/Games-Online/LottoAmericaWin.aspx,f6ba4b2189cc9a358c0d19cea49f317848e751d47be3bd38fa9e468bdfd8ffdc,a56fc563f4124e0fa451006c3a05579b30314912f2a4d071d24095740fef2eee
lotto_america,2019-03-23,musl_lotto_america,https://www.powerball.com/draw-result?date=2019-03-23&gc=lotto-america,94d295cfa3476dcfa390a8a8548fa83017b1629599e594910a730d11b4793cd2,32002d169e711cad4aef86bb7230b3f3852cb14a1ea4b1753bc0fc4c28f39896,iowa_lottery_lotto_america,https://www.ialottery.com/Pages/Games-Online/LottoAmericaWin.aspx,808e398e53cd4ce0a9a8df71d627bd42aa1f92fad6db1c091d632daa93f053ee,a56fc563f4124e0fa451006c3a05579b30314912f2a4d071d24095740fef2eee
lotto_america,2019-03-27,musl_lotto_america,https://www.powerball.com/draw-result?date=2019-03-27&gc=lotto-america,1ebd587f8bced1168b5846810f872d3a858d3910ef0325831f48ed13a89d3a9a,f06faa21dc3de1a72a15849ef9e2acb572b74c8e7b53e262bd7b8b9d8ab87ebb,iowa_lottery_lotto_america,https://www.ialottery.com/Pages/Games-Online/LottoAmericaWin.aspx,1fa81af734d3cc148b830d890b15111263fc1d1b6df30c20fff7cfe0295e16e2,a56fc563f4124e0fa451006c3a05579b30314912f2a4d071d24095740fef2eee
lotto_america,2019-03-30,musl_lotto_america,https://www.powerball.com/draw-result?date=2019-03-30&gc=lotto-america,2937c8b339ff2b5d195ebcdf7f2e06582e199ae3058c63f676c8fc073a00c23f,b971621c19b810c12d0ac3f0fc70b3607def01f4ad3d640f8158449275cec67a,iowa_lottery_lotto_america,https://www.ialottery.com/Pages/Games-Online/LottoAmericaWin.aspx,cbb50833445a7701d4fc28480c9e911cadff0b089b0fb34ec937bb766383e1d4,a56fc563f4124e0fa451006c3a05579b30314912f2a4d071d24095740fef2eee
lotto_america,2019-04-03,musl_lotto_america,https://www.powerball.com/draw-result?date=2019-04-03&gc=lotto-america,cddca1fd72458a186eeb95e88987c3f6b42ee156ba80c78c019cad63d2804f18,06890f686e76cd4be87d6e5c66ece896310ddb4b7636e1fac307d6af10137451,iowa_lottery_lotto_america,https://www.ialottery.com/Pages/Games-Online/LottoAmericaWin.aspx,34017c943b338052a48a5147d8fc72336cbe834127aa398fe31afa4e6df75c90,3a755f6f294877ba4f3b35b2d0f202e9de71014cfbbf626fee2257b947353377
lotto_america,2019-04-06,musl_lotto_america,https://www.powerball.com/draw-result?date=2019-04-06&gc=lotto-america,67b81996c255ed7f509e1c4ee6e5265e8375dad30951ffe66025f966bb52b14f,899d8dcba733677851a51488f682c159731d0d415f239be89963d37f2157e4e2,iowa_lottery_lotto_america,https://www.ialottery.com/Pages/Games-Online/LottoAmericaWin.aspx,7faaeaf20140591bd827cab5de8d2f03bd1ad44826d829e30b7e79ddfb1ab719,3a755f6f294877ba4f3b35b2d0f202e9de71014cfbbf626fee2257b947353377
lotto_america,2019-04-10,musl_lotto_america,https://www.powerball.com/draw-result?date=2019-04-10&gc=lotto-america,0a983f5067e7780661297c4f7c8389f62dace411fcf821d011c03f1a14df2207,3cb22312c5dbec6565749075c830a522574e94f6a8eff581934134a79ca21f9e,iowa_lottery_lotto_america,https://www.ialottery.com/Pages/Games-Online/LottoAmericaWin.aspx,d846807339dcb5189a0d2d71de06c2ec0fa606a991acf1b1d92e184e346a171d,3a755f6f294877ba4f3b35b2d0f202e9de71014cfbbf626fee2257b947353377
lotto_america,2019-04-13,musl_lotto_america,https://www.powerball.com/draw-result?date=2019-04-13&gc=lotto-america,dc7da066fa82cb5216bb1e0ab310ad5c327aa230711dcd08202951ff28a9f605,ee37fa88248b77ec2ce570aed2ff711479678ace6879406daf6707a14cd57b0a,iowa_lottery_lotto_america,https://www.ialottery.com/Pages/Games-Online/LottoAmericaWin.aspx,a49b402f70b42248315bd52564c697e05125a6e59c98aaa6b40bb0337f1dd213,3a755f6f294877ba4f3b35b2d0f202e9de71014cfbbf626fee2257b947353377
lotto_america,2019-04-17,musl_lotto_america,https://www.powerball.com/draw-result?date=2019-04-17&gc=lotto-america,c8c2e8826e9b80a978128050cbec0a6d1f7ea5369f98eec41d582065938acf56,67268f599bc822acaa1fd5d3e61950d5c076418727846467769952f626570f7b,iowa_lottery_lotto_america,https://www.ialottery.com/Pages/Games-Online/LottoAmericaWin.aspx,2785c34704c1580a52811430e384241f0427ea189922fa0e49001bbc25771212,3a755f6f294877ba4f3b35b2d0f202e9de71014cfbbf626fee2257b947353377
lotto_america,2019-04-20,musl_lotto_america,https://www.powerball.com/draw-result?date=2019-04-20&gc=lotto-america,c5d7f566a0d47e8e71af9eb33820d870960d8e1603ee65023b8f0263064f0a8e,bf6b06537969cba24cc6c48633e8b4244e51ffa34857fec66e7a7557ad8b5fed,iowa_lottery_lotto_america,https://www.ialottery.com/Pages/Games-Online/LottoAmericaWin.aspx,c284e2f7855c95016eccf867c9fb9b8b22ba1a7d622a93aee6987242fa5965a0,3a755f6f294877ba4f3b35b2d0f202e9de71014cfbbf626fee2257b947353377
lotto_america,2019-04-24,musl_lotto_america,https://www.powerball.com/draw-result?date=2019-04-24&gc=lotto-america,756ef1dd55d56334ac5a22cf174caef168b862f23ccd4a69464d3359203a9846,edf992a2a35567a2cdbae865a9c2532b4f9d61496803517ba20398854fb86619,iowa_lottery_lotto_america,https://www.ialottery.com/Pages/Games-Online/LottoAmericaWin.aspx,c246e2c3bab76ae3d3522d8030fde72e24575e22afcd412d62399a2967bba43a,3a755f6f294877ba4f3b35b2d0f202e9de71014cfbbf626fee2257b947353377
lotto_america,2019-04-27,musl_lotto_america,https://www.powerball.com/draw-result?date=2019-04-27&gc=lotto-america,5573dd562bc1126366a7c2e4fe5a69e596dbfefee6af061c35938037a3e0ca46,34793ed5a81aa13bf2f90798e32bffdd2307c97061630e8915f2df2f05334372,iowa_lottery_lotto_america,https://www.ialottery.com/Pages/Games-Online/LottoAmericaWin.aspx,9f738914f94c67e38f1fe97b465f139bbbabcbee0ee0e7e3c526cf3813d934c2,3a755f6f294877ba4f3b35b2d0f202e9de71014cfbbf626fee2257b947353377
lotto_america,2019-05-01,musl_lotto_america,https://www.powerball.com/draw-result?date=2019-05-01&gc=lotto-america,2f4844076c9e036660be4842e978cf33f953782449aa1377deb4d5aa3d384cb6,678d7327b9252b93d25a8a83dfdf7f9b856f8f2cfc780fa391bea14f26663cde,iowa_lottery_lotto_america,https://www.ialottery.com/Pages/Games-Online/LottoAmericaWin.aspx,6c01753eb1645a9be77d57255e916b6dc0215f93eae083e5555e3c118468f4f4,3a755f6f294877ba4f3b35b2d0f202e9de71014cfbbf626fee2257b947353377
lotto_america,2019-05-04,musl_lotto_america,https://www.powerball.com/draw-result?date=2019-05-04&gc=lotto-america,2a90703966b1e73b088c13211d88f2558b93757f9ac39597229495f36dcf4234,f3a2e171b81c62b5a38631418e23ea2c68be3da2bc7c6c75969a3a7d1e2b3857,iowa_lottery_lotto_america,https://www.ialottery.com/Pages/Games-Online/LottoAmericaWin.aspx,c8f38edd8abc6818b175bfc2ef575e996ad2e1290a538787d4e749db0043ae1e,7489eeb7c8dddd24f235cfcdfe431840a3a0af103ffd2a387101bbed249f567a
lotto_america,2019-05-08,musl_lotto_america,https://www.powerball.com/draw-result?date=2019-05-08&gc=lotto-america,b36888ddceba95ce29e1c786ab8355eadab8f38beb49090b7a157818ca9114a7,45dcfbfd95de0394e1806c1a54675e234f692b816f23705a726bac1024d6b8c2,iowa_lottery_lotto_america,https://www.ialottery.com/Pages/Games-Online/LottoAmericaWin.aspx,4be9a6ef50ffa758702f80f893fb0902088dcf61215d53b5595e42c905ddf2bb,7489eeb7c8dddd24f235cfcdfe431840a3a0af103ffd2a387101bbed249f567a
lotto_america,2019-05-11,musl_lotto_america,https://www.powerball.com/draw-result?date=2019-05-11&gc=lotto-america,a2043570d35730d1605c574acafd23344b902a98327db2ba87a10329e4deea4e,07d52e91010a4de0880592ee02ae28e3f16e9fee7d48e58fe1af70c9e60d4c50,iowa_lottery_lotto_america,https://www.ialottery.com/Pages/Games-Online/LottoAmericaWin.aspx,7371eb8732955481078f270bb810594020e93507ee4204c2556274b12b771a53,7489eeb7c8dddd24f235cfcdfe431840a3a0af103ffd2a387101bbed249f567a
lotto_america,2019-05-15,musl_lotto_america,https://www.powerball.com/draw-result?date=2019-05-15&gc=lotto-america,ce68a75e7f0b60365117ccc7d41a8e303596d5d898c124f07481f35cdf6ded8d,cad6c4def0b905969e547aa840bd2b69aac3382a3ae3b101a7f9a89689b7600c,iowa_lottery_lotto_america,https://www.ialottery.com/Pages/Games-Online/LottoAmericaWin.aspx,052200911bfd12c9f3e78c05380c97387aba0d96155511f7654b27c4b1a38ce6,7489eeb7c8dddd24f235cfcdfe431840a3a0af103ffd2a387101bbed249f567a
lotto_america,2019-05-18,musl_lotto_america,https://www.powerball.com/draw-result?date=2019-05-18&gc=lotto-america,554c43c0da195e08fd9870c6872f1337fbb5681af5f6a49556d0b66f4e8f9fc7,35d7ffdb0ff1ce722b5d49fad3503f0179081611da39a37a3fe5dbe243e7e063,iowa_lottery_lotto_america,https://www.ialottery.com/Pages/Games-Online/LottoAmericaWin.aspx,88fb31ccc9bd351f82900c41304ce4aa47eae28853ed4313cae08eccc3fecd8f,7489eeb7c8dddd24f235cfcdfe431840a3a0af103ffd2a387101bbed249f567a
lotto_america,2019-05-22,musl_lotto_america,https://www.powerball.com/draw-result?date=2019-05-22&gc=lotto-america,768655ee25f5804f3bbe7c7feb82eed02b7a03eba6095d7d45aaf2309dfb0f30,27869cec1d7e1449658c691ba12b98ef43a29a64eb49e0a9883aae98317d542f,iowa_lottery_lotto_america,https://www.ialottery.com/Pages/Games-Online/LottoAmericaWin.aspx,69db9ef3b686b3173d2b1cdffd7b182297cb05e04aefe697bf0c8f54d32bb5d1,7489eeb7c8dddd24f235cfcdfe431840a3a0af103ffd2a387101bbed249f567a
lotto_america,2019-05-25,musl_lotto_america,https://www.powerball.com/draw-result?date=2019-05-25&gc=lotto-america,9bb6550af20e4a027367fa7b950bdd64672a92f41d5c8e1078be0f06c3f124f2,c0194afe83374a0555fae1ac04e1f8867e503de10975a6b3af6254e4f8399721,iowa_lottery_lotto_america,https://www.ialottery.com/Pages/Games-Online/LottoAmericaWin.aspx,e4b6ab634ff221a715536bc421d83a319c5fedaac34353bf388564f3e49cf49d,7489eeb7c8dddd24f235cfcdfe431840a3a0af103ffd2a387101bbed249f567a
lotto_america,2019-05-29,musl_lotto_america,https://www.powerball.com/draw-result?date=2019-05-29&gc=lotto-america,217f6adbfc1543bf1cf9067647ff461f015b2f4caabb736e7ee86beb4d26943d,34720f6c9e1a155bfa40196a80a600972148a48f1905b75e3bca9ea4c956abe9,iowa_lottery_lotto_america,https://www.ialottery.com/Pages/Games-Online/LottoAmericaWin.aspx,c49240956e6ef4306450b14f6c91fc2dd5a1ccb518b47ebd9d7d7e56e346da45,7489eeb7c8dddd24f235cfcdfe431840a3a0af103ffd2a387101bbed249f567a
lotto_america,2019-06-01,musl_lotto_america,https://www.powerball.com/draw-result?date=2019-06-01&gc=lotto-america,752fc1be440953098a6c71c7f206e543d79902ddfba8b2055a7bdcb3534c1de4,4ccfc27df30b20d1549232acfc63d094401767aaadb5bf1cdccfab56ec2cdaa2,iowa_lottery_lotto_america,https://www.ialottery.com/Pages/Games-Online/LottoAmericaWin.aspx,fd0bb2de5e35d6f46a0f86f62b6c7cb21de6039e5e2097bf691bf875a931e7ac,7489eeb7c8dddd24f235cfcdfe431840a3a0af103ffd2a387101bbed249f567a
lotto_america,2019-06-05,musl_lotto_america,https://www.powerball.com/draw-result?date=2019-06-05&gc=lotto-america,96c68ee35bcf9bf410fc8b549f0015162f929ae1aa7862a4ab411f83a3b4d851,c4cb7a3a8745c4aae767064ea88745254c662d082dbe09d471d4d647b8f5adaa,iowa_lottery_lotto_america,https://www.ialottery.com/Pages/Games-Online/LottoAmericaWin.aspx,c30b0a3b3d493add30a51a0258c21c0251d64ee83642e6c708b6f143cfd1bf4d,1b7b992fd79206d076eff314c47d71f206d2fa4d3f11eef858b683868f021f93
lotto_america,2019-06-08,musl_lotto_america,https://www.powerball.com/draw-result?date=2019-06-08&gc=lotto-america,9fe609bdfd762ebcde6eac7f1dbad91e679c5c2575a9df9aa7e770481adc911a,da83bf79ca1fa536da0d8e3740eeaaedbaa06bdbb88c0edf4e0c3300d3dffc50,iowa_lottery_lotto_america,https://www.ialottery.com/Pages/Games-Online/LottoAmericaWin.aspx,39e6d2149076af7d2c7d9c15190695dacb1e8c3d099b07a87975a5697dddf564,1b7b992fd79206d076eff314c47d71f206d2fa4d3f11eef858b683868f021f93
lotto_america,2019-06-12,musl_lotto_america,https://www.powerball.com/draw-result?date=2019-06-12&gc=lotto-america,2607cd91de4c19a5eba53766d7566f2d373946031103d962fbc9a8276ce7ad90,a55bc2758836859c590d5f56655dc78e1e067531e6e7fda1721cbaa14a0aab58,iowa_lottery_lotto_america,https://www.ialottery.com/Pages/Games-Online/LottoAmericaWin.aspx,abefc546f965d1e5139aa694bdec1293e5627995874dbf2569dd157a7908bae1,1b7b992fd79206d076eff314c47d71f206d2fa4d3f11eef858b683868f021f93
lotto_america,2019-06-15,musl_lotto_america,https://www.powerball.com/draw-result?date=2019-06-15&gc=lotto-america,7b0e481155d7509f23d51ec00d416adc1cc430226d073095f0185b15f7d1f4c2,ec3a0413a35d2a079a57fc4a6c10ee5f4aa9fa200c214b9d69716f24c08015dc,iowa_lottery_lotto_america,https://www.ialottery.com/Pages/Games-Online/LottoAmericaWin.aspx,b057ad854fb6d2c55d591dc2babf4f04aae3a88bd2eb67af2ea9ee31b9e19a43,1b7b992fd79206d076eff314c47d71f206d2fa4d3f11eef858b683868f021f93
lotto_america,2019-06-19,musl_lotto_america,https://www.powerball.com/draw-result?date=2019-06-19&gc=lotto-america,a5507aecc068b765da29b0a0fb595c0b2aa1494196cdcf548d93125feffdf509,aed1065b691f16568a4bcfba0611a98365f64bca621bea7428d01dd5a781fea5,iowa_lottery_lotto_america,https://www.ialottery.com/Pages/Games-Online/LottoAmericaWin.aspx,c973fdebf3bc149c006b2568b95b2d7549201a7d1cfa76fda74cc33435ca4178,1b7b992fd79206d076eff314c47d71f206d2fa4d3f11eef858b683868f021f93
lotto_america,2019-06-22,musl_lotto_america,https://www.powerball.com/draw-result?date=2019-06-22&gc=lotto-america,9b9fcdca1eaabd1fa274d9be09edaf310428c8c58f0c8427fb444ea104f5ec5a,96a9cc566a1dfd5b6a65ffbc7fbfc8f9cc47e12bb1af32352f0a5f698f955201,iowa_lottery_lotto_america,https://www.ialottery.com/Pages/Games-Online/LottoAmericaWin.aspx,6180b1d634588c045fbae2505e7f81bf431b711161b13674e028df20ab55a0e6,1b7b992fd79206d076eff314c47d71f206d2fa4d3f11eef858b683868f021f93
lotto_america,2019-06-26,musl_lotto_america,https://www.powerball.com/draw-result?date=2019-06-26&gc=lotto-america,e983a1f3b710dae0cee83536616fde0bc3321ae04adecba4d5bdf2aff586800f,bb59021f2bc2a7fa4d6d854f936876a542b76ddfe2883ce354a5c3f24797efb3,iowa_lottery_lotto_america,https://www.ialottery.com/Pages/Games-Online/LottoAmericaWin.aspx,d58f3545e64391df32ae1c76a306723d509dd4511b234c0dda1f53d04c0d2c02,1b7b992fd79206d076eff314c47d71f206d2fa4d3f11eef858b683868f021f93
lotto_america,2019-06-29,musl_lotto_america,https://www.powerball.com/draw-result?date=2019-06-29&gc=lotto-america,3c3803a76b463c16a301ce78e73f077bbf0c5a456de33724baaa9cda8f887b52,1d3f0a7275b429ce506e73a527ddd5551d4cc1bf0453dbe8d69d92bd63c42b80,iowa_lottery_lotto_america,https://www.ialottery.com/Pages/Games-Online/LottoAmericaWin.aspx,547bb7098e00216891b60d601f89558976f40b8dd068c1204d52cf8eb13416e5,1b7b992fd79206d076eff314c47d71f206d2fa4d3f11eef858b683868f021f93
lotto_america,2019-07-03,musl_lotto_america,https://www.powerball.com/draw-result?date=2019-07-03&gc=lotto-america,20dfdf04c661aaa8f754db3a97c758fe8aaf8da16b0c38218e2122b77c008bde,d7851807bb2c996062c0ffbfdce1756f1baa846179f8a5177a4772ce8855656f,iowa_lottery_lotto_america,https://www.ialottery.com/Pages/Games-Online/LottoAmericaWin.aspx,74ffdca3c4b929fca0ee5d1c50e0c5a648b887876bbe2752f8bb5720b503e981,1b7b992fd79206d076eff314c47d71f206d2fa4d3f11eef858b683868f021f93
lotto_america,2019-07-06,musl_lotto_america,https://www.powerball.com/draw-result?date=2019-07-06&gc=lotto-america,408129b4cdebc4ee0cafe78eb1d52fb9f6739428c194aafe0eda30df5022806d,0119e5584aed653a1e4ce17e9cfdeac2fa480154449aca9e58f138820a5523ba,iowa_lottery_lotto_america,https://www.ialottery.com/Pages/Games-Online/LottoAmericaWin.aspx,4d734d19ca2d8cb7e3502f019057f9689a6228fd86f0a4b146acfe4a9e74de1a,998b744bfa06a4929b797031e6c4579f8ee08b1dad4be19707a6d3e894db5334
lotto_america,2019-07-10,musl_lotto_america,https://www.powerball.com/draw-result?date=2019-07-10&gc=lotto-america,422b4c0ee1653ed8c4b040f1b68742f706cac83b7c31a21e340e6e4b8d4c5728,66ccd78df39d1b2e4cc8019d3f719dad6edbc16e4d26eebce2e73bfbc56b06ab,iowa_lottery_lotto_america,https://www.ialottery.com/Pages/Games-Online/LottoAmericaWin.aspx,b4847bfdf6e312b6bc45c5c981356366491da2ba10a2083ed8943864f7f04fbd,998b744bfa06a4929b797031e6c4579f8ee08b1dad4be19707a6d3e894db5334
lotto_america,2019-07-13,musl_lotto_america,https://www.powerball.com/draw-result?date=2019-07-13&gc=lotto-america,95916df1fd81686c23d1cc565b752e294d4928b7019dc0acec7a1e8fb79dd004,930b00d5d9bed657929ad834798c5e6a78765f80527b370d1b1a9a3aaa4c93c4,iowa_lottery_lotto_america,https://www.ialottery.com/Pages/Games-Online/LottoAmericaWin.aspx,ee637a66a2ceb4d54fa0a70858368859b39820150ea5ee7b90c4814fbe3151b7,998b744bfa06a4929b797031e6c4579f8ee08b1dad4be19707a6d3e894db5334
lotto_america,2019-07-17,musl_lotto_america,https://www.powerball.com/draw-result?date=2019-07-17&gc=lotto-america,2af4dc69c4df7c060ab0403608467638342f48e7b9703b3bd5391227e1dd23fa,3098c5f96af94e1f02406bcf6e85c8d3b5e64c865fb1fea0d57627901caeef9c,iowa_lottery_lotto_america,https://www.ialottery.com/Pages/Games-Online/LottoAmericaWin.aspx,52f48c741191850295bdfd7259255201b8ec1194544b06844340d099f1f3c427,998b744bfa06a4929b797031e6c4579f8ee08b1dad4be19707a6d3e894db5334
lotto_america,2019-07-20,musl_lotto_america,https://www.powerball.com/draw-result?date=2019-07-20&gc=lotto-america,656d0b7b447e64bec469b9ee262439810412173dfde57f811eec78f27bf3fa0c,8cd89eef5af066dfa2d4f54852ddb836346b4f63737fc39ea50c4c7ed6d1e823,iowa_lottery_lotto_america,https://www.ialottery.com/Pages/Games-Online/LottoAmericaWin.aspx,b59cef29cbc0758ed23fb888b3c2811887b3ae834d9bac0fbd68a1307b66556a,998b744bfa06a4929b797031e6c4579f8ee08b1dad4be19707a6d3e894db5334
lotto_america,2019-07-24,musl_lotto_america,https://www.powerball.com/draw-result?date=2019-07-24&gc=lotto-america,dc5ed8a0a9e5c05d9162bf28ae9304171e95f751e81a72878e29c382bf5166d0,209eae196ab38e7de89f7e07c1dc84a6f96c9f1a68e648fa6e59946f033cfde0,iowa_lottery_lotto_america,https://www.ialottery.com/Pages/Games-Online/LottoAmericaWin.aspx,8801463ab77f98bbb7e07901842b833cf2ad88077d88db84de8cd97d225bc6b1,998b744bfa06a4929b797031e6c4579f8ee08b1dad4be19707a6d3e894db5334
lotto_america,2019-07-27,musl_lotto_america,https://www.powerball.com/draw-result?date=2019-07-27&gc=lotto-america,ca21a3dbc27dd21982630391d92fef5f77a53afa4cd7478733f84484a129df0d,2fd460364b209e6b6fc2f20cb9acc33004b734947d48090da3c1673a8d601e82,iowa_lottery_lotto_america,https://www.ialottery.com/Pages/Games-Online/LottoAmericaWin.aspx,516a26bf1e478ff7b08e29f791b968827dd7a1b05425af5683481cee61ada1c8,998b744bfa06a4929b797031e6c4579f8ee08b1dad4be19707a6d3e894db5334
lotto_america,2019-07-31,musl_lotto_america,https://www.powerball.com/draw-result?date=2019-07-31&gc=lotto-america,e056fe582f62cbee59bada94002e77260a6400567dfd7b52353bd33db2587554,382c5a8f615e6197edc6880040d85f516861f8913b950fcb266f28dd009a3d52,iowa_lottery_lotto_america,https://www.ialottery.com/Pages/Games-Online/LottoAmericaWin.aspx,85232b4947182c1e27b377dc1e26a6afd4cfc948e8e66bad77e3042cb1a0fe1f,998b744bfa06a4929b797031e6c4579f8ee08b1dad4be19707a6d3e894db5334
lotto_america,2019-08-03,musl_lotto_america,https://www.powerball.com/draw-result?date=2019-08-03&gc=lotto-america,7e66fa9c5eda2964f2f1f0344604f5033c2ec8ab01c719b3263b96ccb71f1749,8abfca383d5d3061e8ef2e929c40a158e1458576808ea0a5aa7f99a6b28da4e5,iowa_lottery_lotto_america,https://www.ialottery.com/Pages/Games-Online/LottoAmericaWin.aspx,61873d5d164bf18c6ffd9e6060e27a9096981171fb0d80be1e356a3adb85b3ec,998b744bfa06a4929b797031e6c4579f8ee08b1dad4be19707a6d3e894db5334
lotto_america,2019-08-07,musl_lotto_america,https://www.powerball.com/draw-result?date=2019-08-07&gc=lotto-america,14238cb0acccae5c9dcf50677edf6e9fab39e5e33597a60d8e74611e6f59f406,802619f44f68b73e46ef1e00cea1354213fd8cd09cbca09def1234ad0590b498,iowa_lottery_lotto_america,https://www.ialottery.com/Pages/Games-Online/LottoAmericaWin.aspx,ed2cf6b2eff7265b6dc3f9fb0b142a7593139ad940958fc04dea41a327abb6b8,4bd0d87705facf206385a5f2b2bda46017aaa6106cda44be40f060d544e29b28
lotto_america,2019-08-10,musl_lotto_america,https://www.powerball.com/draw-result?date=2019-08-10&gc=lotto-america,b2174a8368d58fe9e6a11d23f544dc3a6d2ff4ddfce0108e6fef2f2e41d2640a,6b30a36f16729ee2597e3ff6ff253aeb556c2ca4370a901254f75902de44a81f,iowa_lottery_lotto_america,https://www.ialottery.com/Pages/Games-Online/LottoAmericaWin.aspx,de9e7290441eda3afd7224707f82fca38e0f5f4277675fbfb9c50b0c3d79b905,4bd0d87705facf206385a5f2b2bda46017aaa6106cda44be40f060d544e29b28
lotto_america,2019-08-14,musl_lotto_america,https://www.powerball.com/draw-result?date=2019-08-14&gc=lotto-america,9b735d42201c4bded0175dbb485a800c803b9de5e867acaf7be448c51574700f,50bf54d495ba57136fbf34eb0955bb6108b0daa011d409459fcba31e881b39e7,iowa_lottery_lotto_america,https://www.ialottery.com/Pages/Games-Online/LottoAmericaWin.aspx,523ed55accbbcc6abf7df6dc691d6b9159d36caa79307e3db310b2f8a0fba262,4bd0d87705facf206385a5f2b2bda46017aaa6106cda44be40f060d544e29b28
lotto_america,2019-08-17,musl_lotto_america,https://www.powerball.com/draw-result?date=2019-08-17&gc=lotto-america,258727b69036e90fce30845f7c485f65ce0d0fbbe58031b0608199a3131dd424,737646ae052401a722baab71579099dfea6ed9809fd677a03b0a56567bae9e00,iowa_lottery_lotto_america,https://www.ialottery.com/Pages/Games-Online/LottoAmericaWin.aspx,a8916c933f6c25aaf38dc4512ee54ac6739e3678e61bcf83dab065e63fc8541d,4bd0d87705facf206385a5f2b2bda46017aaa6106cda44be40f060d544e29b28
lotto_america,2019-08-21,musl_lotto_america,https://www.powerball.com/draw-result?date=2019-08-21&gc=lotto-america,3f05fa922b27ab72226ba2cddc56043d1da4a620657cbc72199ee656b246fded,f4105402c699a19f4a51e38e611e13b8489485e4c9eb23469b5cec6a99c0a10b,iowa_lottery_lotto_america,https://www.ialottery.com/Pages/Games-Online/LottoAmericaWin.aspx,d50b3f71da232df0b76095eeba6ae5cf93a31ef93121ed9d440edee5d5befc7a,4bd0d87705facf206385a5f2b2bda46017aaa6106cda44be40f060d544e29b28
lotto_america,2019-08-24,musl_lotto_america,https://www.powerball.com/draw-result?date=2019-08-24&gc=lotto-america,ee595067c33b0a67695f950b86227d5ef7e26ca9406cdd1e8efbf25e56348d12,3f6254d7cc776c54169c55de8cb2ae865a1089afdec6b8532bd5109399d808f9,iowa_lottery_lotto_america,https://www.ialottery.com/Pages/Games-Online/LottoAmericaWin.aspx,fc00eae038d2f8c781b35c6d01c460578ef6bf3087d28312abe895574be2d406,4bd0d87705facf206385a5f2b2bda46017aaa6106cda44be40f060d544e29b28
lotto_america,2019-08-28,musl_lotto_america,https://www.powerball.com/draw-result?date=2019-08-28&gc=lotto-america,e569e04de3a41dc30f6f4038a83a7cd6b2cb256ba90f357d8c91f3ebf012e2f0,19e0c4d8ddd83f86469b89c8d604921fa61158a623b4f84b81f3702eb1965066,iowa_lottery_lotto_america,https://www.ialottery.com/Pages/Games-Online/LottoAmericaWin.aspx,2320c3b33b2ef8e7d846799ef69bc7631fa5bdf1970cd927411fae9b2e284a42,4bd0d87705facf206385a5f2b2bda46017aaa6106cda44be40f060d544e29b28
lotto_america,2019-08-31,musl_lotto_america,https://www.powerball.com/draw-result?date=2019-08-31&gc=lotto-america,b495ba6f53a6d2d1869ceaae543ac7932aef897a49651d92728cd298d5e5707b,34ea8b7997e37a610e152318c5d6dff0df3cc0dc8e7018166bb412c639d16e00,iowa_lottery_lotto_america,https://www.ialottery.com/Pages/Games-Online/LottoAmericaWin.aspx,92dbf7d6f3ed615d977112c868de99fce81c0d70e307e438ef1b55a2ee876fe5,4bd0d87705facf206385a5f2b2bda46017aaa6106cda44be40f060d544e29b28
lotto_america,2019-09-04,musl_lotto_america,https://www.powerball.com/draw-result?date=2019-09-04&gc=lotto-america,fce4fd1078df20fd4d01b34d20ede3561ed9d11a0317e88bd444b2d84d63e160,ac3561bd666ba34f8d4b054536e34a9ca8e14d160af31616959b58791e5cbbae,iowa_lottery_lotto_america,https://www.ialottery.com/Pages/Games-Online/LottoAmericaWin.aspx,0bc37a3f09231c49accbcc68046bfab6f1dc64fa9f2b98bb489de4a9ced30c30,7ec2e16721316deca602ce7f312fbf60224c63bd26b1a8db01b07b88488256f2
lotto_america,2019-09-07,musl_lotto_america,https://www.powerball.com/draw-result?date=2019-09-07&gc=lotto-america,175c722af2417d7a3b0661169a37b695ece9c92783c483e87691b42fe18ef413,c4273ea6560e381d5f9ad852db58943eb5f6490dc9fa44b01d6d0875c7743abc,iowa_lottery_lotto_america,https://www.ialottery.com/Pages/Games-Online/LottoAmericaWin.aspx,b7390e8abf0d81465d1a7dd3fa8fa8a510c4ced2b9115db8943a0ccc709d63c4,7ec2e16721316deca602ce7f312fbf60224c63bd26b1a8db01b07b88488256f2
lotto_america,2019-09-11,musl_lotto_america,https://www.powerball.com/draw-result?date=2019-09-11&gc=lotto-america,96017064728614dc01800b04a66e19a366cf22683c9345bad0e44a282d77d244,0911084a0c77725d0641aef08d7022c6b525be5eb705ef1272004ee0589247f1,iowa_lottery_lotto_america,https://www.ialottery.com/Pages/Games-Online/LottoAmericaWin.aspx,2ae871f5dd672d90f05ee5f119a8f6941ecaf892e8f512f0d7b291a3090f600e,7ec2e16721316deca602ce7f312fbf60224c63bd26b1a8db01b07b88488256f2
lotto_america,2019-09-14,musl_lotto_america,https://www.powerball.com/draw-result?date=2019-09-14&gc=lotto-america,fdc8de5957c3708dcf1ac5c2b75bd51bb2457777acef81474617c14968d52347,8d9a1757d70a4e040a599e77f3134373faa20ed0208e047b1a013824075f9cf8,iowa_lottery_lotto_america,https://www.ialottery.com/Pages/Games-Online/LottoAmericaWin.aspx,6f3ac8572f85b9f67ff95cf8fad5f1fed86e5385427d8e6b1e831172a67ad0ae,7ec2e16721316deca602ce7f312fbf60224c63bd26b1a8db01b07b88488256f2
lotto_america,2019-09-18,musl_lotto_america,https://www.powerball.com/draw-result?date=2019-09-18&gc=lotto-america,574b7930df15f942730ceb7215c163d1426f6b40c59bcddedc72baf07c5f5434,69944e1083084ab9acdd9ba7b746462f5898e0233a3a8e9ef5c8ca6e1d88ffc3,iowa_lottery_lotto_america,https://www.ialottery.com/Pages/Games-Online/LottoAmericaWin.aspx,0eb3d663a353cabe73d4e52dccf447259c4d3946472f4e4473a18166240c9c00,7ec2e16721316deca602ce7f312fbf60224c63bd26b1a8db01b07b88488256f2
lotto_america,2019-09-21,musl_lotto_america,https://www.powerball.com/draw-result?date=2019-09-21&gc=lotto-america,c06eb13e1c10c62ee58f981f1597984506088b8afe88d2fdd957c239a6973c22,58733cc1531b0b463f521618970c3a293a73726f25d27a06da88690c0c02345b,iowa_lottery_lotto_america,https://www.ialottery.com/Pages/Games-Online/LottoAmericaWin.aspx,edfba78e721aeea93bdff27681eba3936c1f9ad636d1fa9261bfd45941702bd5,7ec2e16721316deca602ce7f312fbf60224c63bd26b1a8db01b07b88488256f2
lotto_america,2019-09-25,musl_lotto_america,https://www.powerball.com/draw-result?date=2019-09-25&gc=lotto-america,d9050a89bda76f86f68cd6c735e7ca902b4e68b9e2a55dc47a7697b5733bf6ce,7ed337b5d093410fb5733dc2433e7b9f95f819508856ec3bac6e42daf21ca11a,iowa_lottery_lotto_america,https://www.ialottery.com/Pages/Games-Online/LottoAmericaWin.aspx,eb7e06cc0568825cf884dc3d61738bf272562cc710d0c583a61e7ae13519ae64,7ec2e16721316deca602ce7f312fbf60224c63bd26b1a8db01b07b88488256f2
lotto_america,2019-09-28,musl_lotto_america,https://www.powerball.com/draw-result?date=2019-09-28&gc=lotto-america,3758cfa2c4b47b5abd6368d2a18feaf2c7d65a7518c50fcef52c90d9d4ceba77,bc70d932c09ac6eea504d5628805b36d6990d30d785edf842bb01fe36b6462c8,iowa_lottery_lotto_america,https://www.ialottery.com/Pages/Games-Online/LottoAmericaWin.aspx,31b902b9a073ec12c434fe62b8d2795a416fa7dbdc026efe6de4d8e65c0ad760,7ec2e16721316deca602ce7f312fbf60224c63bd26b1a8db01b07b88488256f2
lotto_america,2019-10-02,musl_lotto_america,https://www.powerball.com/draw-result?date=2019-10-02&gc=lotto-america,c7799ffbee48dd09ca87a98dd64fd6c9db2d7c99d559fde33cd35d24d819fc97,e49261370a954497bb969209d12f7d2bf1c37b42c699f05536a3a2fd3a9671bb,iowa_lottery_lotto_america,https://www.ialottery.com/Pages/Games-Online/LottoAmericaWin.aspx,161ca8750735fce72d23d3f20d31584e17e8350aa54669d00d139265562c3213,7ec2e16721316deca602ce7f312fbf60224c63bd26b1a8db01b07b88488256f2
lotto_america,2019-10-05,musl_lotto_america,https://www.powerball.com/draw-result?date=2019-10-05&gc=lotto-america,d8409c9b0908908f9bde6e51d6d49094917b9f7d114d42e4530a21cf6052a138,edfc0352331be1b9535a03381c5e995810414ef817c0a2a84245dd38e7c3e068,iowa_lottery_lotto_america,https://www.ialottery.com/Pages/Games-Online/LottoAmericaWin.aspx,988c41ad5b832274ec524d9a0cc7e395f95d6ad364b081d2426175b73dcc4c00,73b21d90cb50b331fb0c572470d7fb99ba315d2f8c946d018ba70ddc5ccf5acd
lotto_america,2019-10-09,musl_lotto_america,https://www.powerball.com/draw-result?date=2019-10-09&gc=lotto-america,4ce50a2ea1f3259fe3d4cf9bc286d1258fd51bf259b5e260e8bcbcdb7a75fc03,b54fcb96994b69682fff45e72c5b4ebd9d4a5901dd5d68add428a2bd6c06359b,iowa_lottery_lotto_america,https://www.ialottery.com/Pages/Games-Online/LottoAmericaWin.aspx,80f238d28d5daa62e811f77018e964e30dc4305f0272a157488383ba57bb161a,73b21d90cb50b331fb0c572470d7fb99ba315d2f8c946d018ba70ddc5ccf5acd
lotto_america,2019-10-12,musl_lotto_america,https://www.powerball.com/draw-result?date=2019-10-12&gc=lotto-america,a0564998b78554284d2387243b62fb7994f793935638ce5364bb17c8e3917118,6d4498d06b5f0a952437e80a09018c436701da3c7f32fb39c2b3485125a9a1d3,iowa_lottery_lotto_america,https://www.ialottery.com/Pages/Games-Online/LottoAmericaWin.aspx,b8275bfc8d9126853d353289d47573f3bec396c746044d73b502c430bc3ba461,73b21d90cb50b331fb0c572470d7fb99ba315d2f8c946d018ba70ddc5ccf5acd
lotto_america,2019-10-16,musl_lotto_america,https://www.powerball.com/draw-result?date=2019-10-16&gc=lotto-america,97ac55345be1c09b6b07bb542c6624da08574edcd953f3af6a7177e83787e981,2c6e879b38295a69b3d7ddd334aa44f8f83887e7e3b51bfa4e2c200ed989c45f,iowa_lottery_lotto_america,https://www.ialottery.com/Pages/Games-Online/LottoAmericaWin.aspx,53f8058c268abe6a551d73da65da9791152843250e6c02e22420c2bcca39e848,73b21d90cb50b331fb0c572470d7fb99ba315d2f8c946d018ba70ddc5ccf5acd
lotto_america,2019-10-19,musl_lotto_america,https://www.powerball.com/draw-result?date=2019-10-19&gc=lotto-america,03637ed822111b7ee73d04da6c764b63ccc177f9e02fa507ad145d040338f1d4,45614d5fb52df8dbce14ed578354cbb1e2c7050607662bd087e99035a5890531,iowa_lottery_lotto_america,https://www.ialottery.com/Pages/Games-Online/LottoAmericaWin.aspx,5ee1c6a4497290ab8d6241f662bb07de7581ff184d0a2f8cca6fd6c8685aad89,73b21d90cb50b331fb0c572470d7fb99ba315d2f8c946d018ba70ddc5ccf5acd
lotto_america,2019-10-23,musl_lotto_america,https://www.powerball.com/draw-result?date=2019-10-23&gc=lotto-america,9e8c68aee9e34fab392d6a5a37b432d2f3124299732d99eebceebe338db0e1bf,aca4eb4a5cd850ae6401683c04f71812a6d0c95c9b66ef801dede5ac4e53d701,iowa_lottery_lotto_america,https://www.ialottery.com/Pages/Games-Online/LottoAmericaWin.aspx,fa8f51491a19aa57209e677cc2ef6c7278529c3b6e8f99b6f2c4b60415f52b7d,73b21d90cb50b331fb0c572470d7fb99ba315d2f8c946d018ba70ddc5ccf5acd
lotto_america,2019-10-26,musl_lotto_america,https://www.powerball.com/draw-result?date=2019-10-26&gc=lotto-america,6bbafbeb823c4aa259cc86a2b7ec07f840b94bfa64da0e7bd599d131a41f256f,64ab1bd011629174e227dee4bd285353fdbc10165c5d30132ad0c2817ddaa0c4,iowa_lottery_lotto_america,https://www.ialottery.com/Pages/Games-Online/LottoAmericaWin.aspx,c5c1c58a6669d5077e06cccd1fd03e56e90050c6324024431246f0f236edbfe3,73b21d90cb50b331fb0c572470d7fb99ba315d2f8c946d018ba70ddc5ccf5acd
lotto_america,2019-10-30,musl_lotto_america,https://www.powerball.com/draw-result?date=2019-10-30&gc=lotto-america,dcfef88116b7927cb512ecf42e688d999a5322d7fadd4a36254d7aa626af1d87,8086bdf4ab5a526cf479b8685cb8adff341250a164b2324a5e4ec58c525cc6d3,iowa_lottery_lotto_america,https://www.ialottery.com/Pages/Games-Online/LottoAmericaWin.aspx,5fd29392df6299b9cb6859c20045c41ebb0b9acc63805bdb6b2946771687b523,73b21d90cb50b331fb0c572470d7fb99ba315d2f8c946d018ba70ddc5ccf5acd
lotto_america,2019-11-02,musl_lotto_america,https://www.powerball.com/draw-result?date=2019-11-02&gc=lotto-america,bf8ea4d79f263cf6b5e12e0ab035f15da86bc38c1eb6d0cc11d3a3f2221cb4ff,142f2eada50ae85dc2c1b58d3c439b6de5f7aabe4085f81d62ea512737f247cb,iowa_lottery_lotto_america,https://www.ialottery.com/Pages/Games-Online/LottoAmericaWin.aspx,8a136267d154069ddaf929566228b70ad313b3ed5f8e567d78194a562174007a,73b21d90cb50b331fb0c572470d7fb99ba315d2f8c946d018ba70ddc5ccf5acd
lotto_america,2019-11-06,musl_lotto_america,https://www.powerball.com/draw-result?date=2019-11-06&gc=lotto-america,3a704be5541b88a000d8d3d1825f63525036db078fb29078d09c31c4561d0d7b,e3ffbc72228e2a15cd23b60ece5bd1cb86b5991a44ff22ed0b358ea0cd570c4b,iowa_lottery_lotto_america,https://www.ialottery.com/Pages/Games-Online/LottoAmericaWin.aspx,bb861dcaf42db80c795e73be9751154a5816a83b4f15aa844a991c5ac1e85617,c25a765ab86643c225b060843e279905a9d5da5a33813d27dd807a38d436ed6c
lotto_america,2019-11-09,musl_lotto_america,https://www.powerball.com/draw-result?date=2019-11-09&gc=lotto-america,460f037b4d5e4bdc4099361f1c98c7852116ad398f19de8fcebd6f402041a901,d47ff23262510ccd14e326d730abe50adfee560792c7f15dda8226e227a1b522,iowa_lottery_lotto_america,https://www.ialottery.com/Pages/Games-Online/LottoAmericaWin.aspx,83a61dbd2c5de26189a2d7c792a231499e9622ef8be460164057ce3d1c19de98,c25a765ab86643c225b060843e279905a9d5da5a33813d27dd807a38d436ed6c
lotto_america,2019-11-13,musl_lotto_america,https://www.powerball.com/draw-result?date=2019-11-13&gc=lotto-america,f29873afed71ae16aee0400f3d3613f31378830f40ccca83db0c50ed694dd241,4d6d60114ac9740ec5178f192e3a4216552dd5463065d57a4e454b173bb67797,iowa_lottery_lotto_america,https://www.ialottery.com/Pages/Games-Online/LottoAmericaWin.aspx,7aff16c544af3c9c0858f3ddf5bfeeca59253ef4f074a2c8fcb1404717b68482,c25a765ab86643c225b060843e279905a9d5da5a33813d27dd807a38d436ed6c
lotto_america,2019-11-16,musl_lotto_america,https://www.powerball.com/draw-result?date=2019-11-16&gc=lotto-america,fe12b7056bb631ad39c5f3bd45d423ae9feec0eb92a0d9872779ae59705da006,bb50441e6486080d1e5e7598d88e7f46f3b16b4fdb85cc1d14813dc9f995201b,iowa_lottery_lotto_america,https://www.ialottery.com/Pages/Games-Online/LottoAmericaWin.aspx,7b9b388cc4d6c1ba62eae19b63f4b69f085409c2dfae543ebc034148fe2fd6f2,c25a765ab86643c225b060843e279905a9d5da5a33813d27dd807a38d436ed6c
lotto_america,2019-11-20,musl_lotto_america,https://www.powerball.com/draw-result?date=2019-11-20&gc=lotto-america,d54bc56da57843e4c39d054526c347be897bb1d1c1c7d5d6e7217e6e1339bf1d,64e98ec047f4674c9468bfab70b61c926848b9e92340f7af0415d405b3d2df07,iowa_lottery_lotto_america,https://www.ialottery.com/Pages/Games-Online/LottoAmericaWin.aspx,ce9b459459572ee52cc1d1b3f829cee255822a7129f23a4f9f971a60e63ca7b5,c25a765ab86643c225b060843e279905a9d5da5a33813d27dd807a38d436ed6c
lotto_america,2019-11-23,musl_lotto_america,https://www.powerball.com/draw-result?date=2019-11-23&gc=lotto-america,f2f5d05373a59f0c7b6b82dc4670a677591bd726a886ea58d864d56a3e313aab,27b114e6f18a814c06c8554c3863f342f7565793f8611a52f23bb8cf5872f299,iowa_lottery_lotto_america,https://www.ialottery.com/Pages/Games-Online/LottoAmericaWin.aspx,9c93b60aa5c46000e3fb36cb89b50e5701296d595f65f5933b57f4b9820cc54a,c25a765ab86643c225b060843e279905a9d5da5a33813d27dd807a38d436ed6c
lotto_america,2019-11-27,musl_lotto_america,https://www.powerball.com/draw-result?date=2019-11-27&gc=lotto-america,e52e2a8793443e100a204fb5cff610b674e2bb55912927d8e0c187780562e973,a92226793896b38444e534fb63ede224259b3d3282b3775b8d5e88012ac3a1bb,iowa_lottery_lotto_america,https://www.ialottery.com/Pages/Games-Online/LottoAmericaWin.aspx,26237d83bf4cbe0a28ab41cd763d65cc51c5051ebd3b19f8f98d8c53e43c1621,c25a765ab86643c225b060843e279905a9d5da5a33813d27dd807a38d436ed6c
lotto_america,2019-11-30,musl_lotto_america,https://www.powerball.com/draw-result?date=2019-11-30&gc=lotto-america,f5ed4ccc914fe74c74409192f439e5e481f88c14cf109a161b8d303f4ab5828c,2b24bac51df54fc4bbff326613564ded25de699918ed37a3e1b90507be18fcd6,iowa_lottery_lotto_america,https://www.ialottery.com/Pages/Games-Online/LottoAmericaWin.aspx,5599feb3de4a64977149347e6ca03a0e96296788b038a4301d37dc42bc381d9c,c25a765ab86643c225b060843e279905a9d5da5a33813d27dd807a38d436ed6c
lotto_america,2019-12-04,musl_lotto_america,https://www.powerball.com/draw-result?date=2019-12-04&gc=lotto-america,a4c50eae634877b3519e37a1d6a21a3d59b78f49e01420be0114b95429123dd8,1a5a114d0ad27af6bd76c72f7b952b498c6784a50669d3cf07cfdd02b4129f19,iowa_lottery_lotto_america,https://www.ialottery.com/Pages/Games-Online/LottoAmericaWin.aspx,1bd0f8a2d8fb9943dee8a665dde84daf349bff05fc2dbc7df9b183e0e5a818b6,a5aa6e57d84b400227cfc3c65f47855978fb1f8eda6fdea762ddfd6df087572a
lotto_america,2019-12-07,musl_lotto_america,https://www.powerball.com/draw-result?date=2019-12-07&gc=lotto-america,533a2db49d2c40ac0c631704614bf12c56a4719d50e78cbd53b7aaa943110153,aea8698cf268d6e91024cc5bac2c8fa6189335dab8c738fbf09873cacb646757,iowa_lottery_lotto_america,https://www.ialottery.com/Pages/Games-Online/LottoAmericaWin.aspx,44b06ce4d0171ac00b1a226f27de4e6b552c847874752de1bfc918045afcd807,a5aa6e57d84b400227cfc3c65f47855978fb1f8eda6fdea762ddfd6df087572a
lotto_america,2019-12-11,musl_lotto_america,https://www.powerball.com/draw-result?date=2019-12-11&gc=lotto-america,80d1d8c96402f8543471ece48626b9ebadb84e608918259efe38e7b4f0ec7710,df106bbf43ee6e271ae9e0b4fce459e97bb9948404f72150a8e7db6e2790a772,iowa_lottery_lotto_america,https://www.ialottery.com/Pages/Games-Online/LottoAmericaWin.aspx,500b15c29e4856c7566df0cbc241cae00df131b6eb23dc2158eccd2a2dbb1eeb,a5aa6e57d84b400227cfc3c65f47855978fb1f8eda6fdea762ddfd6df087572a
lotto_america,2019-12-14,musl_lotto_america,https://www.powerball.com/draw-result?date=2019-12-14&gc=lotto-america,ce7504d05df2f2b08f1ea32b5ef39e0b9ef3831b5536210cb930243aabcc56b1,c7124f711c2e32b7a729c8802e5f7d96c489b86bf9e89413135f56e6d43d872b,iowa_lottery_lotto_america,https://www.ialottery.com/Pages/Games-Online/LottoAmericaWin.aspx,6679f6a3c874b2770803aca33e02d32528959faa1852b0ce3d1354991f168be4,a5aa6e57d84b400227cfc3c65f47855978fb1f8eda6fdea762ddfd6df087572a
lotto_america,2019-12-18,musl_lotto_america,https://www.powerball.com/draw-result?date=2019-12-18&gc=lotto-america,b58f13d80f27727d885579f4a08147c8ee08dc42366b206e3e5b2aed8305daf9,f3b56c55f135f04a76210aedc019ea54a49340a43040e2650329dfcf7d3d498b,iowa_lottery_lotto_america,https://www.ialottery.com/Pages/Games-Online/LottoAmericaWin.aspx,9e60eab1c63a465d4af281f8473b87671de51a5a2aeb123927333fa34bab12dd,a5aa6e57d84b400227cfc3c65f47855978fb1f8eda6fdea762ddfd6df087572a
lotto_america,2019-12-21,musl_lotto_america,https://www.powerball.com/draw-result?date=2019-12-21&gc=lotto-america,b42d7bbce083b5f8186896be12fda725b1794787a820576228e8c936eaa06c13,89f0acbdefb657849de188ca279f1b9968f58194e49a4b99708106818c60dd77,iowa_lottery_lotto_america,https://www.ialottery.com/Pages/Games-Online/LottoAmericaWin.aspx,4a841e185fe36c1d6c9b936fa9ce0e9729c692518eaf71e6bf14a24364a2ad60,a5aa6e57d84b400227cfc3c65f47855978fb1f8eda6fdea762ddfd6df087572a
lotto_america,2019-12-25,musl_lotto_america,https://www.powerball.com/draw-result?date=2019-12-25&gc=lotto-america,6c0cb06b470d286518b4e3b22716a728b829d65ab3c142bd32d1968d71bb4808,7002138e19cb4bea75fe004bbd457580d4e2128da2da046a4ea01da41a2d1120,iowa_lottery_lotto_america,https://www.ialottery.com/Pages/Games-Online/LottoAmericaWin.aspx,aac9b9faf3de1a790868692361385cd8f80d1aac327202d372525246a38ac966,a5aa6e57d84b400227cfc3c65f47855978fb1f8eda6fdea762ddfd6df087572a
lotto_america,2019-12-28,musl_lotto_america,https://www.powerball.com/draw-result?date=2019-12-28&gc=lotto-america,25ffe2cf9ccfefd98cf127ce50ad0dc5948b34ddc5007403e4ddb5905bc58d73,4dd22084f313bf6cfc181f21254c9aa5859d2e1bbf154094d25d472f508a112f,iowa_lottery_lotto_america,https://www.ialottery.com/Pages/Games-Online/LottoAmericaWin.aspx,43187d6cd5c2a6754bb705aded4c3828b78cfd8c422f45799194f60c94c5acd9,a5aa6e57d84b400227cfc3c65f47855978fb1f8eda6fdea762ddfd6df087572a
lotto_america,2020-01-01,musl_lotto_america,https://www.powerball.com/draw-result?date=2020-01-01&gc=lotto-america,06637fd10bfadff0c0c4902247f7a91adcc708a24fbb301068d7e73c028fafda,b551724a77f7903ac31614922401ea4daecf16aa43bf6d8f0c57ff6dd36db4e6,iowa_lottery_lotto_america,https://www.ialottery.com/Pages/Games-Online/LottoAmericaWin.aspx,a6397852250c1092e1231bf32161a1f2e7777fa8630763c324dfabeb9c5c68f1,a5aa6e57d84b400227cfc3c65f47855978fb1f8eda6fdea762ddfd6df087572a
lotto_america,2020-01-04,musl_lotto_america,https://www.powerball.com/draw-result?date=2020-01-04&gc=lotto-america,ac1cb28b9cb0d0f8369f2fc9386452aa966a66bb43f058244320cfb208d0bd6b,d56ee6d3806e986c169e1ff2e1141191fc4850a0b37e81c64a9a4a093a7c0af3,iowa_lottery_lotto_america,https://www.ialottery.com/Pages/Games-Online/LottoAmericaWin.aspx,7bfb42c288d441bf6249b691e4cb17ff3f88e967c7a1ebbc0093520ac4f67d70,5ab8e772c55a24949ee624d9efcea403cba4cbccc046ce6e582430fc198526f4
lotto_america,2020-01-08,musl_lotto_america,https://www.powerball.com/draw-result?date=2020-01-08&gc=lotto-america,bb26ed6facd8effe2c15189810eb72997ce7cccd32c35e698a1b6da125376ea5,d99ab28ed18926c73b3f64ea0ac7e77258ae23d197a907df2755eb0a931969c5,iowa_lottery_lotto_america,https://www.ialottery.com/Pages/Games-Online/LottoAmericaWin.aspx,d6eaabf764f040be933e17da08c8f1df5781a41804c4608d2aac243cb3fcc5de,5ab8e772c55a24949ee624d9efcea403cba4cbccc046ce6e582430fc198526f4
lotto_america,2020-01-11,musl_lotto_america,https://www.powerball.com/draw-result?date=2020-01-11&gc=lotto-america,a9cb9fa2f115776522d9b13b23a8daf624a95e0d08e91a0fd3419942a1b5039a,c1e0425e6f74f7641d870c2d0338f2e4aa6f9e4d27fa6a218fb46d5bbb0f7fae,iowa_lottery_lotto_america,https://www.ialottery.com/Pages/Games-Online/LottoAmericaWin.aspx,0346907da1845bb723699e20ee40c41ea591c2f9834754acc3127a7eac2fc1c5,5ab8e772c55a24949ee624d9efcea403cba4cbccc046ce6e582430fc198526f4
lotto_america,2020-01-15,musl_lotto_america,https://www.powerball.com/draw-result?date=2020-01-15&gc=lotto-america,9a95495d1748d68005bd59e841321a56040b68dfaad3a767b4131d66367394e3,7f656b4791b4ac4d1207f7195bc1793d24d6c90fab0c6a4d3eea2304aeec5dec,iowa_lottery_lotto_america,https://www.ialottery.com/Pages/Games-Online/LottoAmericaWin.aspx,4b7b638df9591ed7393472bd8bc0efe7a28ebadff19cc1d04e45daf27b4082bc,5ab8e772c55a24949ee624d9efcea403cba4cbccc046ce6e582430fc198526f4
lotto_america,2020-01-18,musl_lotto_america,https://www.powerball.com/draw-result?date=2020-01-18&gc=lotto-america,f3634b0f8e354a271978dc27ffc27d0745dcc71a6478adadaa60428510180760,78ef89ba58ea690e40e092789bb3e27d03c6b2f83ae532b7f835ba0f1392d095,iowa_lottery_lotto_america,https://www.ialottery.com/Pages/Games-Online/LottoAmericaWin.aspx,c7160374cc288e2657d35890bb44f971338067a0739868be0cf922c5b7f91cc8,5ab8e772c55a24949ee624d9efcea403cba4cbccc046ce6e582430fc198526f4
lotto_america,2020-01-22,musl_lotto_america,https://www.powerball.com/draw-result?date=2020-01-22&gc=lotto-america,9843956066fcca820cf0d9d739ff8cc0b8d54d5dfcebde03d1fc71cc3bff1bc3,fcdf935502f11938b2830c5cb36ef1ba9e059dbeb3460ca7cd007633a5d1b427,iowa_lottery_lotto_america,https://www.ialottery.com/Pages/Games-Online/LottoAmericaWin.aspx,75f7260b4ff33c85239e6bfa88b7bd9aea4afc460120a9751d829822af5556c9,5ab8e772c55a24949ee624d9efcea403cba4cbccc046ce6e582430fc198526f4
lotto_america,2020-01-25,musl_lotto_america,https://www.powerball.com/draw-result?date=2020-01-25&gc=lotto-america,521655ad6f2b4e3b2f439e5dc46618044712825b6e91fbb60be30f568461d23d,6735bc469f5ef430adf654df267e6cb8f04740db0f036ab324ca53713afe3ea0,iowa_lottery_lotto_america,https://www.ialottery.com/Pages/Games-Online/LottoAmericaWin.aspx,db081d069203538135d9d851d79ad00d59c8d54aac8e0402ad033124ed7c190d,5ab8e772c55a24949ee624d9efcea403cba4cbccc046ce6e582430fc198526f4
lotto_america,2020-01-29,musl_lotto_america,https://www.powerball.com/draw-result?date=2020-01-29&gc=lotto-america,d89d36b58d4e0c7fc45a6ac03d2b01a36c5c694e063f4071bd67492a2ae2e26f,29071f0b019150546bf7d6417431e66e12990d362b38838f3b27eda001e14535,iowa_lottery_lotto_america,https://www.ialottery.com/Pages/Games-Online/LottoAmericaWin.aspx,964e75314d64266336afe0519ece9e0b04f73e2f59d025c7b518a93c53734d27,5ab8e772c55a24949ee624d9efcea403cba4cbccc046ce6e582430fc198526f4
lotto_america,2020-02-01,musl_lotto_america,https://www.powerball.com/draw-result?date=2020-02-01&gc=lotto-america,6f9cfe60ee21a61b1f496eb4882d0d429bc3f7dfbe41208bccd265027592fe6b,0843d1e034b758a4dbe9512bef64d916e4e6ad5d6b5a60a4d8bc94a702157087,iowa_lottery_lotto_america,https://www.ialottery.com/Pages/Games-Online/LottoAmericaWin.aspx,38cd6c3f73386790383b795f3faa627ace5537d33464c2232dd29e66dac1abc3,5ab8e772c55a24949ee624d9efcea403cba4cbccc046ce6e582430fc198526f4
lotto_america,2020-02-05,musl_lotto_america,https://www.powerball.com/draw-result?date=2020-02-05&gc=lotto-america,b5bde14cac4f10d4afd96d0c7bdc71bfba21abdc78fa114c7cc661a95b293f19,faf28d70740e692477922ed808173b955312f7dd4330123904d75b83e996abef,iowa_lottery_lotto_america,https://www.ialottery.com/Pages/Games-Online/LottoAmericaWin.aspx,a4d045d40cda0c1ff8068012aded2ab8a9d307ea66e8fffd0f97a7f6a2e1808a,0d234308abb5f3e5d303df95c83db750e5eea7c4d415cf632c177cd0abd4e4dc
lotto_america,2020-02-08,musl_lotto_america,https://www.powerball.com/draw-result?date=2020-02-08&gc=lotto-america,943518e67c1f28db928ece1f198ed8c44323365dffa3bf3bff4a2c19b2c5f566,da3cdb83f50397da0149518b2fdb3081c63f9f47443bccb050602c15a125703f,iowa_lottery_lotto_america,https://www.ialottery.com/Pages/Games-Online/LottoAmericaWin.aspx,31e941c1e3b3d053eb9c0ff7eaed8c81095f2aa855d8149b7b0e2aec42376499,0d234308abb5f3e5d303df95c83db750e5eea7c4d415cf632c177cd0abd4e4dc
lotto_america,2020-02-12,musl_lotto_america,https://www.powerball.com/draw-result?date=2020-02-12&gc=lotto-america,afa639da26e41f79493b4d07a235bf81f51a5b2e1eba20561ee9ea4c1660d5af,7bb09aac861520bca8d3c86e6e9b45a2be07cc3a69763d7c82d100e81ba4ef19,iowa_lottery_lotto_america,https://www.ialottery.com/Pages/Games-Online/LottoAmericaWin.aspx,72c6b70b92b1c9589e1621a9ea854482083f91eeacdd23a38dd589a8cbf5a7a8,0d234308abb5f3e5d303df95c83db750e5eea7c4d415cf632c177cd0abd4e4dc
lotto_america,2020-02-15,musl_lotto_america,https://www.powerball.com/draw-result?date=2020-02-15&gc=lotto-america,6e3629c2aba38ef55a770476dd11eccd1566cf1fa00e24540b8ca3328b868b27,7ac7c4071e4ee5d96ce3f495be7984ade6400ffc540accaa480ae0773c5689aa,iowa_lottery_lotto_america,https://www.ialottery.com/Pages/Games-Online/LottoAmericaWin.aspx,3a2e528508dda7d8c1cd221736728b36dfc4e64aa439d18f290141637adb7adf,0d234308abb5f3e5d303df95c83db750e5eea7c4d415cf632c177cd0abd4e4dc
lotto_america,2020-02-19,musl_lotto_america,https://www.powerball.com/draw-result?date=2020-02-19&gc=lotto-america,8a8b394a55d0f92f6e7edc8d20b9ec11f4fde6f035995b23f8650db5fcf423a6,a84051b37f475bf84275c719f2e5fb361d6eeaf94c82683188be6a208b02eaf9,iowa_lottery_lotto_america,https://www.ialottery.com/Pages/Games-Online/LottoAmericaWin.aspx,1f4307e5362cb2032ef371ad86802ab7a06e43661b7a8f0fe4733687b7645686,0d234308abb5f3e5d303df95c83db750e5eea7c4d415cf632c177cd0abd4e4dc
lotto_america,2020-02-22,musl_lotto_america,https://www.powerball.com/draw-result?date=2020-02-22&gc=lotto-america,15b117d886e5efaa82c592a1d38093a1ba006aa72bb91b06df52f93f347c099a,98e564d7eae8a4de070e38387db9965b670bb50cb1ae614ab9e5dc606681f5e6,iowa_lottery_lotto_america,https://www.ialottery.com/Pages/Games-Online/LottoAmericaWin.aspx,18056b02f409fd78a6c3085db2ea49f1f81a4c917df3f98643dcb99947913279,0d234308abb5f3e5d303df95c83db750e5eea7c4d415cf632c177cd0abd4e4dc
lotto_america,2020-02-26,musl_lotto_america,https://www.powerball.com/draw-result?date=2020-02-26&gc=lotto-america,23295e61e40bfe81a58e4b689bd8cd3b20a7e02367a8b44b83fbe327833b47dd,99f3eaa747aeb4277a2186866c46bba305d6da6144f93f5fece6da479c208427,iowa_lottery_lotto_america,https://www.ialottery.com/Pages/Games-Online/LottoAmericaWin.aspx,d787be3168419613af754eccd73347183e06cac829c9fef2b7e07577110c3b81,0d234308abb5f3e5d303df95c83db750e5eea7c4d415cf632c177cd0abd4e4dc
lotto_america,2020-02-29,musl_lotto_america,https://www.powerball.com/draw-result?date=2020-02-29&gc=lotto-america,6f8c54b0a502358bf72e16669774464f1973b3a1b6da4256915983f7db49da61,fa6796e320bda8ab8a66130f8346cf010d2ae523327bc195e8b8a7d6aa68169d,iowa_lottery_lotto_america,https://www.ialottery.com/Pages/Games-Online/LottoAmericaWin.aspx,89a575a0e9bc07179f2d24fde45bfd13a978dcad43682b6f19a86ac58398eb1c,0d234308abb5f3e5d303df95c83db750e5eea7c4d415cf632c177cd0abd4e4dc
lotto_america,2020-03-04,musl_lotto_america,https://www.powerball.com/draw-result?date=2020-03-04&gc=lotto-america,f6c84c5a64ecbf5bf6c8c0ea6cfb934bb1b40f980386fabe41a84df124acdcbf,f6fae3b67b3e4f72b14c581ca9ee8d7b9d16eab262cb7cf8f630ef7c365ca3a5,iowa_lottery_lotto_america,https://www.ialottery.com/Pages/Games-Online/LottoAmericaWin.aspx,9b027950d449899b7833ac3684ba0458ea616f289a2d8a124a939fb0dd13be18,1fc3c1fcd0e68cdc8035082991f261e4a0997e8cde3cb8b95dc04f98b96100c2
lotto_america,2020-03-07,musl_lotto_america,https://www.powerball.com/draw-result?date=2020-03-07&gc=lotto-america,0ee80bb83b2e3004686939210010a062f8badbc91c943c8946af9f1edcf8d4cb,e9041bf4d8855708c7a331c999f2bd414d31c6f294747a3950c81d0f16dfd9c3,iowa_lottery_lotto_america,https://www.ialottery.com/Pages/Games-Online/LottoAmericaWin.aspx,649573435f26b6ab2068f79a5975c41a47119b0469b5ab58f8f4cbd1130ab150,1fc3c1fcd0e68cdc8035082991f261e4a0997e8cde3cb8b95dc04f98b96100c2
lotto_america,2020-03-11,musl_lotto_america,https://www.powerball.com/draw-result?date=2020-03-11&gc=lotto-america,ec6ca7a38609916294170df9eeac30a17f720570f5a42103724f11285f8245a2,d561fd5d69356cb263fb455fc8eea9ca7da49f75d21583ddb7705af02304650b,iowa_lottery_lotto_america,https://www.ialottery.com/Pages/Games-Online/LottoAmericaWin.aspx,d6611256bd340448342934e8e1f83968aa6c1aea02b0211cd8263a25315389b3,1fc3c1fcd0e68cdc8035082991f261e4a0997e8cde3cb8b95dc04f98b96100c2
lotto_america,2020-03-14,musl_lotto_america,https://www.powerball.com/draw-result?date=2020-03-14&gc=lotto-america,5120f5a8d4475989002d93678afc9fb201cbad0fc2e8a8fd211ea3ebfd223e8b,8abd8eae103a10d20994b555aa1138f232467752301e0b0e172d03ccebd17391,iowa_lottery_lotto_america,https://www.ialottery.com/Pages/Games-Online/LottoAmericaWin.aspx,036572cdf1e396f46b702222a6f25a42d1450f3d5d2ae012301dad48996178ae,1fc3c1fcd0e68cdc8035082991f261e4a0997e8cde3cb8b95dc04f98b96100c2
lotto_america,2020-03-18,musl_lotto_america,https://www.powerball.com/draw-result?date=2020-03-18&gc=lotto-america,e59eeff342298633b467fc62460e566d29ee1244558982cbb0d31eabea32ecc3,118f681f17c9600b8939f3aac35ca615ae7acf3364178190b25d769bcdb796c8,iowa_lottery_lotto_america,https://www.ialottery.com/Pages/Games-Online/LottoAmericaWin.aspx,7d416c87e6f5597fd32813b6ec6a33920df4ff96c2ffbc6a45f91b8fe883bded,1fc3c1fcd0e68cdc8035082991f261e4a0997e8cde3cb8b95dc04f98b96100c2
lotto_america,2020-03-21,musl_lotto_america,https://www.powerball.com/draw-result?date=2020-03-21&gc=lotto-america,53f562e5fa334f1f586e29f3f0e5397be7e4e7f115ac140edeeee45284d21319,06bfd56ec9e808499cbb40b5db5edda840239101f077a1dc5451c188981cfd5e,iowa_lottery_lotto_america,https://www.ialottery.com/Pages/Games-Online/LottoAmericaWin.aspx,c01adea6d54fb81f3de3959c8e530c9c44e933aa128dfd4b1b5df5ef4399fe61,1fc3c1fcd0e68cdc8035082991f261e4a0997e8cde3cb8b95dc04f98b96100c2
lotto_america,2020-03-25,musl_lotto_america,https://www.powerball.com/draw-result?date=2020-03-25&gc=lotto-america,e19ba7ec23277d23663668076f12ee49e9cf168071ca938cd7c9fb0d6f1c65b2,12b4bedb6b63abe1e20cc5836fd4d70af81a82a4d19cdc67a25bc1fcabcc9198,iowa_lottery_lotto_america,https://www.ialottery.com/Pages/Games-Online/LottoAmericaWin.aspx,81d5772ba6406f35279523fe05031a08c05e1e035b114e242fcd2a6c51da055c,1fc3c1fcd0e68cdc8035082991f261e4a0997e8cde3cb8b95dc04f98b96100c2
lotto_america,2020-03-28,musl_lotto_america,https://www.powerball.com/draw-result?date=2020-03-28&gc=lotto-america,ff029df297f0ec4f10da892121b5949c43da58129850e1073eb2d1baf59e4e0e,9b309f4747eaa8345884b973ed6bfe259179ef9dd66fef4c19b22de5995309d4,iowa_lottery_lotto_america,https://www.ialottery.com/Pages/Games-Online/LottoAmericaWin.aspx,b1f4d113cade17ba628987282dab48b3f5db7b648ef9634c7e8e718c58d2b340,1fc3c1fcd0e68cdc8035082991f261e4a0997e8cde3cb8b95dc04f98b96100c2
lotto_america,2020-04-01,musl_lotto_america,https://www.powerball.com/draw-result?date=2020-04-01&gc=lotto-america,b363ceaaa46a8e6f0344a292f48f8b589514261ca6524c04a28c5d0a6b81255d,fb1342106adb413da98f7e80aa6b2d9253e89f301be4e76b8208e60c737c02db,iowa_lottery_lotto_america,https://www.ialottery.com/Pages/Games-Online/LottoAmericaWin.aspx,81fa4d785a0f75aa741bafa76ea992cd3a5220252af44f27e26b06b21ab6afc7,1fc3c1fcd0e68cdc8035082991f261e4a0997e8cde3cb8b95dc04f98b96100c2
lotto_america,2020-04-04,musl_lotto_america,https://www.powerball.com/draw-result?date=2020-04-04&gc=lotto-america,e804ea974f38a67ab4e26b096388d5d7e6b388b726fadc3d63e8b93fc762ac89,7418fae9d73da2158a4f397fbecfdd31ca4db7dc2e8222dac9544d7131989c1e,iowa_lottery_lotto_america,https://www.ialottery.com/Pages/Games-Online/LottoAmericaWin.aspx,d4a1ac30588f2dde74ea7242a0cdc98ae0a50cc86d677424857758ff32ca76cf,5d83028e5f68604825b60cabae46199334e37e8ef4834ca99300eff68aa6aa01
lotto_america,2020-04-08,musl_lotto_america,https://www.powerball.com/draw-result?date=2020-04-08&gc=lotto-america,f68a5fece7ca387ca5d7868cb26c6be7442e129fa29c8f9ad92edf521779de4b,250e0f3cde81441f65037741a1674b0a2950d087f0d1408e405507c1a4f87678,iowa_lottery_lotto_america,https://www.ialottery.com/Pages/Games-Online/LottoAmericaWin.aspx,4a77026f7601a4ae215a8b40138fce589ef45f15c4f92f17e4edadd43fa8c130,5d83028e5f68604825b60cabae46199334e37e8ef4834ca99300eff68aa6aa01
lotto_america,2020-04-11,musl_lotto_america,https://www.powerball.com/draw-result?date=2020-04-11&gc=lotto-america,0f0c0eaf2fa56c5ea8f5b44969db36494475fb6455c9eaf445cece71a252fad5,eb128f7bd57f36457f4da95a3b28ea1488656b3a03bc3424d7f4c60becbfca04,iowa_lottery_lotto_america,https://www.ialottery.com/Pages/Games-Online/LottoAmericaWin.aspx,c1d8c0b873d0df1380ed6b47f9db29489289f58ec1c9942db920b413586c0cb0,5d83028e5f68604825b60cabae46199334e37e8ef4834ca99300eff68aa6aa01
lotto_america,2020-04-15,musl_lotto_america,https://www.powerball.com/draw-result?date=2020-04-15&gc=lotto-america,141cd2f8362e4d5b7a07312c9b0e17b0ced6df3f8c5e000f434dd4d1cfd4062c,f105a2feb914943a028f2456d5c9baa784bd4bd7c35b02297b1c7f9dc8427ac8,iowa_lottery_lotto_america,https://www.ialottery.com/Pages/Games-Online/LottoAmericaWin.aspx,3ce927f2f5e15bab277e6342f09a11880af8d80ab984dac613cce588c889919e,5d83028e5f68604825b60cabae46199334e37e8ef4834ca99300eff68aa6aa01
lotto_america,2020-04-18,musl_lotto_america,https://www.powerball.com/draw-result?date=2020-04-18&gc=lotto-america,f6d891807630d62357494837c4231c79a656f0df40c01746a7f2ed5809c846e2,713f3c69b78c56cb9986af4e3fd45a09bb3a8aedba670d1386e6e24e92dd9a14,iowa_lottery_lotto_america,https://www.ialottery.com/Pages/Games-Online/LottoAmericaWin.aspx,460d7d590aad2bdd495a815d1ea6e4c5002ad38864916e99609b22e2818447c4,5d83028e5f68604825b60cabae46199334e37e8ef4834ca99300eff68aa6aa01
lotto_america,2020-04-22,musl_lotto_america,https://www.powerball.com/draw-result?date=2020-04-22&gc=lotto-america,0381176d8f638f5c0f05beab3f8c0181fa9a7e783d1b44f73469e286e9187150,a129542ec67dc5a373b35f287c73918c7792835ad5b9c2cf6c8de487711b04ab,iowa_lottery_lotto_america,https://www.ialottery.com/Pages/Games-Online/LottoAmericaWin.aspx,88d46be83e8af66308f699b4e2fb589ac3adcf0c1b22ce25ce5d79d56eb6c5df,5d83028e5f68604825b60cabae46199334e37e8ef4834ca99300eff68aa6aa01
lotto_america,2020-04-25,musl_lotto_america,https://www.powerball.com/draw-result?date=2020-04-25&gc=lotto-america,de9420bc4fbb13deecdbd82c0fa66ae319c00f74f3d6ddca5538c4ba1e4770ca,9e8e3b56887556ec8fe87489d483602ef03914d0452d5f359f49e6de3e566c28,iowa_lottery_lotto_america,https://www.ialottery.com/Pages/Games-Online/LottoAmericaWin.aspx,cafec101d2d677cff6477e86da84bdc5338117930bbbf75e05f99889720e4ca6,5d83028e5f68604825b60cabae46199334e37e8ef4834ca99300eff68aa6aa01
lotto_america,2020-04-29,musl_lotto_america,https://www.powerball.com/draw-result?date=2020-04-29&gc=lotto-america,5ec13b96a044cd15e3db3508396aea7cce19eb2e466769af3e3bd7bb9302e45a,8ec45256fded6274aff88ce357488a568a23ab726717acd041350080db16fdab,iowa_lottery_lotto_america,https://www.ialottery.com/Pages/Games-Online/LottoAmericaWin.aspx,718de9e81fd0ae0bbb9223b5b3b377f2004fafec0c0d26538fe00fbd4747cfb9,5d83028e5f68604825b60cabae46199334e37e8ef4834ca99300eff68aa6aa01
lotto_america,2020-05-02,musl_lotto_america,https://www.powerball.com/draw-result?date=2020-05-02&gc=lotto-america,6d094fc7993901b353d688c612bdab54fcc4febd6a61e1fc88a4aad38f32b5b6,f48b0de39f0f93228eeb04c00aa7043faca60133dfc6ae33a16e5d714f1252bf,iowa_lottery_lotto_america,https://www.ialottery.com/Pages/Games-Online/LottoAmericaWin.aspx,488e052e785376e352c64af25fe7bafca9a2bcf9fc6b8e9fef1481df7dcb0f2c,5d83028e5f68604825b60cabae46199334e37e8ef4834ca99300eff68aa6aa01
lotto_america,2020-05-06,musl_lotto_america,https://www.powerball.com/draw-result?date=2020-05-06&gc=lotto-america,f8a64c6071258ddb027b940e572e279115048ba835e5b14ecb2f380efed0c992,5b3db1cd4b58d3105ac7df155aa43e063b528c1fb045b15d5e160e59b079b19a,iowa_lottery_lotto_america,https://www.ialottery.com/Pages/Games-Online/LottoAmericaWin.aspx,35a56428769d1ce0381448836927e5a52baf034828a5c878f15d2eb0ff5f1d4b,5e5d5394ca9c4c269f570eb159121e3bdf43575bd5978e341b7f59aa40f093a9
lotto_america,2020-05-09,musl_lotto_america,https://www.powerball.com/draw-result?date=2020-05-09&gc=lotto-america,14e0c5e06aa38f6586bd4d0ea720935b89cfd6023a786118381e5ec0607cf46e,a8819dbbc234fe5c1faa71d0f6284b6842b809d705951d7071340dbb9c772407,iowa_lottery_lotto_america,https://www.ialottery.com/Pages/Games-Online/LottoAmericaWin.aspx,fb65bba6f5e8afa56e86d2197eba65a6457509b761e950ba91f0640b082d38de,5e5d5394ca9c4c269f570eb159121e3bdf43575bd5978e341b7f59aa40f093a9
lotto_america,2020-05-13,musl_lotto_america,https://www.powerball.com/draw-result?date=2020-05-13&gc=lotto-america,71eb18963680938658c40212ef87530669e9e2eebc2d333d4754bb96ad3a45cc,fc154fcd4a4b1ade0cbbfbc7d6e7795e3a6f1f9ec4ceedfb2267cc36c63582d9,iowa_lottery_lotto_america,https://www.ialottery.com/Pages/Games-Online/LottoAmericaWin.aspx,98375cf20cd05c5568fd5112e06444e19ad17a214611509eb3df9231a92c1247,5e5d5394ca9c4c269f570eb159121e3bdf43575bd5978e341b7f59aa40f093a9
lotto_america,2020-05-16,musl_lotto_america,https://www.powerball.com/draw-result?date=2020-05-16&gc=lotto-america,2f89148b08ee49c9d76ef76bd723ec1f73e7665a21ae843521317dc732785d2a,4cc6c185076021b1ed94776de8db1783017c590db8f5957d447913b04a7a81a9,iowa_lottery_lotto_america,https://www.ialottery.com/Pages/Games-Online/LottoAmericaWin.aspx,b5458ef2ebd7f6a7bc50a47d4cf3e6a4295abab4909792037e2b8501b40d7fd9,5e5d5394ca9c4c269f570eb159121e3bdf43575bd5978e341b7f59aa40f093a9
lotto_america,2020-05-20,musl_lotto_america,https://www.powerball.com/draw-result?date=2020-05-20&gc=lotto-america,e09297ed6f08330cd70f79ed1be28d99b3d54fca5d511d5b8ddd3b90d26da75f,daf0f39853965b8b144d263e1c5235557406cec43b527fd8ae2025e2aa8035e7,iowa_lottery_lotto_america,https://www.ialottery.com/Pages/Games-Online/LottoAmericaWin.aspx,e3732e8a4e6e18a257109d46ec67b4177e810e9e763a089727c81a1216677c4c,5e5d5394ca9c4c269f570eb159121e3bdf43575bd5978e341b7f59aa40f093a9
lotto_america,2020-05-23,musl_lotto_america,https://www.powerball.com/draw-result?date=2020-05-23&gc=lotto-america,0223ff7eeb24063f85555ad0760dc022d0d8a2c719f1597fe532e9b82db5d8ab,1427c17b70174e759e75ee35a26080d7bac97efdc72845719b610e141be25263,iowa_lottery_lotto_america,https://www.ialottery.com/Pages/Games-Online/LottoAmericaWin.aspx,11858254b435913487faf8cc70bc2c764929964d2ebe1b00951a721be976bd9b,5e5d5394ca9c4c269f570eb159121e3bdf43575bd5978e341b7f59aa40f093a9
lotto_america,2020-05-27,musl_lotto_america,https://www.powerball.com/draw-result?date=2020-05-27&gc=lotto-america,cfdc79f373da2f1699bd6c69620f8c6dadfd80cd52792360023567635b31bd6e,058bf17d9e866333551a7a57419b1ccf6258e09d64f1ec034074d7da4898940f,iowa_lottery_lotto_america,https://www.ialottery.com/Pages/Games-Online/LottoAmericaWin.aspx,6c9c80a97389951f7a70942a33980bf665180efd355f00c64928e263b8b51502,5e5d5394ca9c4c269f570eb159121e3bdf43575bd5978e341b7f59aa40f093a9
lotto_america,2020-05-30,musl_lotto_america,https://www.powerball.com/draw-result?date=2020-05-30&gc=lotto-america,f0e0939a577449ee2bbf4186b59f1ece4cb9a0091ecb51cb5ddb996e9474a54e,422cb91effb716b76473dd0c5bfcbae1c538725f7af5749f1a50058cbb3a7a9f,iowa_lottery_lotto_america,https://www.ialottery.com/Pages/Games-Online/LottoAmericaWin.aspx,498332a45a3a9fe78ba7ea8ff6eddd46a271d7e0d5fb803921fcc0f7d75ead75,5e5d5394ca9c4c269f570eb159121e3bdf43575bd5978e341b7f59aa40f093a9
lotto_america,2020-06-03,musl_lotto_america,https://www.powerball.com/draw-result?date=2020-06-03&gc=lotto-america,2e30f4f9b5fb1adf8d513b22b4a33ef0473b3a35e5d7c802412dc310d9459f9c,6d2825fb7ea6e931286b7afe9a6f028aba1b43ddeb454785081373c0fe265246,iowa_lottery_lotto_america,https://www.ialottery.com/Pages/Games-Online/LottoAmericaWin.aspx,747bf6aa24101d2a17562665d00ece1f98b46362ead1b823d1bfc2dd97f1fc3b,9090707deadd91763dbb4c42a65cff1124c29e1d3c1c6250d81c0a612677b366
lotto_america,2020-06-06,musl_lotto_america,https://www.powerball.com/draw-result?date=2020-06-06&gc=lotto-america,49a4d3b5c71865a8c521e90cae8a6e7a27ce8b408ec66d481f6572474e2653f3,7b39311fe1e03b778015086cccc26069a5b1fbd385aedb34afca5988e7a79011,iowa_lottery_lotto_america,https://www.ialottery.com/Pages/Games-Online/LottoAmericaWin.aspx,1e5849db3181efdb62f22c6bea9149b94e60820001ca67da0407243f2f661627,9090707deadd91763dbb4c42a65cff1124c29e1d3c1c6250d81c0a612677b366
lotto_america,2020-06-10,musl_lotto_america,https://www.powerball.com/draw-result?date=2020-06-10&gc=lotto-america,abf97ccb0a278ec135048aa9e05fcec36350a880db4b8bf05e10d5637776b41a,e8ff43ec0d444cb051a3e4309c8fa5b7ba88f30fbfe1bcdb2f8a0127ae78e901,iowa_lottery_lotto_america,https://www.ialottery.com/Pages/Games-Online/LottoAmericaWin.aspx,866e5f2a61c5d83584f58e064f5b22aed57c59e0457554ca6ae4714b444b682a,9090707deadd91763dbb4c42a65cff1124c29e1d3c1c6250d81c0a612677b366
lotto_america,2020-06-13,musl_lotto_america,https://www.powerball.com/draw-result?date=2020-06-13&gc=lotto-america,342ea9fef09a4f0957db1203ea68b05498d9aae558a8c9d487a99a9572ce1198,8fd9d31d6dc0e9f2f7f35030779c35f3c85b7fefa74bc1d3bd8c973f0522bfa8,iowa_lottery_lotto_america,https://www.ialottery.com/Pages/Games-Online/LottoAmericaWin.aspx,c99b7ea4135cdb5c43b30b868054386b7b22d3cece9f67edbecfd60b7b4ebafb,9090707deadd91763dbb4c42a65cff1124c29e1d3c1c6250d81c0a612677b366
lotto_america,2020-06-17,musl_lotto_america,https://www.powerball.com/draw-result?date=2020-06-17&gc=lotto-america,d78d448deff40a8120df8f530ec6965e36a33d1fa1a282336a13528b4db7ac34,cf552e756a703952feeb45aa91d7169784bc5cd67d9d912dc4fe2d51edee168e,iowa_lottery_lotto_america,https://www.ialottery.com/Pages/Games-Online/LottoAmericaWin.aspx,ead473b3252673a0780247ba043b6c67e16e04bc14e09fd5036c3e4fee8038f7,9090707deadd91763dbb4c42a65cff1124c29e1d3c1c6250d81c0a612677b366
lotto_america,2020-06-20,musl_lotto_america,https://www.powerball.com/draw-result?date=2020-06-20&gc=lotto-america,4d4618afa731b8e35b6197891d78c78a3d6f9b4970d33062846ec9ad6a9d9f37,79a65abc015c6b5434e86b26062e00eacf79de7b9e353e1956420c498d630c28,iowa_lottery_lotto_america,https://www.ialottery.com/Pages/Games-Online/LottoAmericaWin.aspx,b49e2da93b90f8fe2c08f7c38fb6e338fc546969583dca67e37c292dd7c37a0e,9090707deadd91763dbb4c42a65cff1124c29e1d3c1c6250d81c0a612677b366
lotto_america,2020-06-24,musl_lotto_america,https://www.powerball.com/draw-result?date=2020-06-24&gc=lotto-america,bd6d40dfeeba69f92f11062884d77aebcb49a9513b1c346d9583d6e96f110472,244614813908130677d922ecb9c1724c06f3e9ff6ef0eb300b875b2603129ab3,iowa_lottery_lotto_america,https://www.ialottery.com/Pages/Games-Online/LottoAmericaWin.aspx,625cfe83cf8a3d5de673e7f1c9a61aa919d536de03410241f4616be3e9d57136,9090707deadd91763dbb4c42a65cff1124c29e1d3c1c6250d81c0a612677b366
lotto_america,2020-06-27,musl_lotto_america,https://www.powerball.com/draw-result?date=2020-06-27&gc=lotto-america,26c24dd41f5b0a76bf4939916fc60822369e3aecd396683e0bfff6acf88dda68,5b019b2ce5f0e781ee1728ee39982fa79d092d4b14a788d6bd0add83579c4e3f,iowa_lottery_lotto_america,https://www.ialottery.com/Pages/Games-Online/LottoAmericaWin.aspx,55bcf786208f8e2de0502743bb6f6344cee444f5059b12933e9f4cce52f08762,9090707deadd91763dbb4c42a65cff1124c29e1d3c1c6250d81c0a612677b366
lotto_america,2020-07-01,musl_lotto_america,https://www.powerball.com/draw-result?date=2020-07-01&gc=lotto-america,e71ad247cb41efde53677a1d184abb8de8415ecddd369acb119a4cd4a07dc82c,0f635e6e6c67722bcf52e6e0bcb2cc2efb697cbc26ad6597998ce9d968e3f9f5,iowa_lottery_lotto_america,https://www.ialottery.com/Pages/Games-Online/LottoAmericaWin.aspx,ea6102908dc9fa238c4335343017d5bf83cccb614569ede6f594f862db804ef1,9090707deadd91763dbb4c42a65cff1124c29e1d3c1c6250d81c0a612677b366
lotto_america,2020-07-04,musl_lotto_america,https://www.powerball.com/draw-result?date=2020-07-04&gc=lotto-america,2bdcbcb411c597805bda68e42756254ef35cd6056a32dbf086b4267ddf07853f,f43918aa517b25eaeb1cd71fa29408c1ea10ba5cc49c8ac68a1953e57b382ae0,iowa_lottery_lotto_america,https://www.ialottery.com/Pages/Games-Online/LottoAmericaWin.aspx,23bdbee83041ad00ea1046f6dfa5469f521caf0b03886558790ce2a0435f2817,cf07274cfeeb19eb9cf95317e90fef4ab6e442f960b4724731a0e88d86cbc47e
lotto_america,2020-07-08,musl_lotto_america,https://www.powerball.com/draw-result?date=2020-07-08&gc=lotto-america,e9dba8a9fb3b6cc075854fdf189476f269753f92b62e5ea03341df62e07e81eb,5121c5ab27187e9785d16b13f2ce349117721aac999ff7af51f121bcbba2f3cd,iowa_lottery_lotto_america,https://www.ialottery.com/Pages/Games-Online/LottoAmericaWin.aspx,86ad143f8951576b47a0a643a92388bf3e0167f89e0424c9993aa6c7158f6518,cf07274cfeeb19eb9cf95317e90fef4ab6e442f960b4724731a0e88d86cbc47e
lotto_america,2020-07-11,musl_lotto_america,https://www.powerball.com/draw-result?date=2020-07-11&gc=lotto-america,451b02a40b1ef34cb04feaccf8f26c08f299395a7a20eaf6f11cec2a087004d3,eee49c58f665b999922e27072c765021f36cd2c5078a21bf0e7c7c867a0f6efc,iowa_lottery_lotto_america,https://www.ialottery.com/Pages/Games-Online/LottoAmericaWin.aspx,d6ce281b5134fee47d833c54ef45ae4d8363f9f64fe9c2827811154b546b422e,cf07274cfeeb19eb9cf95317e90fef4ab6e442f960b4724731a0e88d86cbc47e
lotto_america,2020-07-15,musl_lotto_america,https://www.powerball.com/draw-result?date=2020-07-15&gc=lotto-america,20be337af00bcdce09cf4f50ccc112999f6e0cf96d0f8c56feec3d6c6ab7a560,8ae972796c3d5a1369c66a395240c542145c81122eec30f88d10959deb27aa10,iowa_lottery_lotto_america,https://www.ialottery.com/Pages/Games-Online/LottoAmericaWin.aspx,4e5e967cdeff4894a0cf51fda54b455e17f33feb92e91060e9abd8a048ffa3e4,cf07274cfeeb19eb9cf95317e90fef4ab6e442f960b4724731a0e88d86cbc47e
lotto_america,2020-07-18,musl_lotto_america,https://www.powerball.com/draw-result?date=2020-07-18&gc=lotto-america,8d00016edbe615ebfb9d43e42f74b40ef75416a449e6ff2daada0fea3fa6b1ad,278d2115b46b774d7217dde4b5b5c6a7a15da63678cb5c3f7f6cb30c9c0be4c7,iowa_lottery_lotto_america,https://www.ialottery.com/Pages/Games-Online/LottoAmericaWin.aspx,c4672122d0a05616ebf821ae98656b86310658d0533bc108750fb5ebcd77097d,cf07274cfeeb19eb9cf95317e90fef4ab6e442f960b4724731a0e88d86cbc47e
lotto_america,2020-07-22,musl_lotto_america,https://www.powerball.com/draw-result?date=2020-07-22&gc=lotto-america,bca70f2df4e872d2ee1e3bed8dd38358c57903da69fd434f1ea4de3eff7ecde5,46aea8025ca2c063b13ec4c7b32322abc4a9a05c405f5e3f2f3e3755cf750a84,iowa_lottery_lotto_america,https://www.ialottery.com/Pages/Games-Online/LottoAmericaWin.aspx,daeadc069591535566eab37d05e00ce39a7ba89329af832f5611460f2201361e,cf07274cfeeb19eb9cf95317e90fef4ab6e442f960b4724731a0e88d86cbc47e
lotto_america,2020-07-25,musl_lotto_america,https://www.powerball.com/draw-result?date=2020-07-25&gc=lotto-america,fdde58e5738d060a1d2e8bc3704a89bb7284c503d8b8aeaaf106615c18cad3c8,e7c6f23dc4264122e921d2eed02701d4ea1f5cc3fd131df1e8174e51ee7f9511,iowa_lottery_lotto_america,https://www.ialottery.com/Pages/Games-Online/LottoAmericaWin.aspx,a275486bd48306fa4f41866d0d751cbded09558a605fecec7360c4670e57befe,cf07274cfeeb19eb9cf95317e90fef4ab6e442f960b4724731a0e88d86cbc47e
lotto_america,2020-07-29,musl_lotto_america,https://www.powerball.com/draw-result?date=2020-07-29&gc=lotto-america,614813f1e7bb335174beae5eef5d52068e60fc49461ea539de42b0a2764decef,71678b7a85082316c2438982ed8e691b5d02c057285063889bd015e64e6f7491,iowa_lottery_lotto_america,https://www.ialottery.com/Pages/Games-Online/LottoAmericaWin.aspx,ea1ca8f1c8106bc1aa93fa02c8064cfb2ce561c25d803f40bdd556d54ef10ae6,cf07274cfeeb19eb9cf95317e90fef4ab6e442f960b4724731a0e88d86cbc47e
lotto_america,2020-08-01,musl_lotto_america,https://www.powerball.com/draw-result?date=2020-08-01&gc=lotto-america,3fe737d8fbe6e82154637188b0baf6c69253e2d4b8515cbb91a07fc2798716c6,325b6d06be76c8a2a8560393eb5836358e8e797070af4ca7eca60ea579d51dd3,iowa_lottery_lotto_america,https://www.ialottery.com/Pages/Games-Online/LottoAmericaWin.aspx,6b820bd0b814f5cd50dccaa1ccf58f6ecff9c60c113f1b8b05c8f4462069ecf0,cf07274cfeeb19eb9cf95317e90fef4ab6e442f960b4724731a0e88d86cbc47e
lotto_america,2020-08-05,musl_lotto_america,https://www.powerball.com/draw-result?date=2020-08-05&gc=lotto-america,f2a32182175f3c262ffc50a3f0f9a9c50fc3b780fb7dcd5587742c6bcb3d2187,169595a387adcdf2250a89cb68220a5cc992aa0d00d00f5906601255d4a736fb,iowa_lottery_lotto_america,https://www.ialottery.com/Pages/Games-Online/LottoAmericaWin.aspx,c0beacaf87a172fd85e017c9a2140105d2a3e5c63e460a10cc86348270e8c5c9,748e139fdc65afbf44ec0651c6f7e2100dfa6d73f6e01bb417e89d0ea61ef515
lotto_america,2020-08-08,musl_lotto_america,https://www.powerball.com/draw-result?date=2020-08-08&gc=lotto-america,8d9e4fbd438d3e58ff7061d826dd79632b370505aaf4ae4b5051ac2a5b79d673,cc3b0917a33a2b6d612ede7f1f0247a096927a1fbbdf573069536986c12971d1,iowa_lottery_lotto_america,https://www.ialottery.com/Pages/Games-Online/LottoAmericaWin.aspx,8663c58244cab1564279f3dced46642741fcd20fd88da1d5744017be1ee0d856,748e139fdc65afbf44ec0651c6f7e2100dfa6d73f6e01bb417e89d0ea61ef515
lotto_america,2020-08-12,musl_lotto_america,https://www.powerball.com/draw-result?date=2020-08-12&gc=lotto-america,f11014d3591df0bbc4416949b52b3888008adbd9d0b04634b8e2fe9ed1b565f5,5c3856aae375c8925a81e6d79d45f15872da7f3cada7a4e8ec6febac1cf6d794,iowa_lottery_lotto_america,https://www.ialottery.com/Pages/Games-Online/LottoAmericaWin.aspx,aa75ff23127d956700cabca9e7e376fc1b7aaa7ad3e5226ad3e7ee861f7b67fb,748e139fdc65afbf44ec0651c6f7e2100dfa6d73f6e01bb417e89d0ea61ef515
lotto_america,2020-08-15,musl_lotto_america,https://www.powerball.com/draw-result?date=2020-08-15&gc=lotto-america,2f84b38c0e65d6d4f36d71d4d909336b96f63ff7ed873d93c140136f7812944c,b6cd139f42d6b099b0cbf21aaf9fbad158eb593f165f2943d50f1bf99833deeb,iowa_lottery_lotto_america,https://www.ialottery.com/Pages/Games-Online/LottoAmericaWin.aspx,ac1e7ec25150eb216c6f1a3be3c4db702ad3a163300f63f3ed860d74a03b09de,748e139fdc65afbf44ec0651c6f7e2100dfa6d73f6e01bb417e89d0ea61ef515
lotto_america,2020-08-19,musl_lotto_america,https://www.powerball.com/draw-result?date=2020-08-19&gc=lotto-america,079c1c375264158229d4c89111abd5572ed1e04827bb501d129c0811f6b24912,91d63388f3ddb885f985082c59c8da2b7f3df49124c1995c7d6962ccced240d9,iowa_lottery_lotto_america,https://www.ialottery.com/Pages/Games-Online/LottoAmericaWin.aspx,208e26bcdf7e2e7a3fde40abdec7d76893c11619bf3bb3e191a6854d37d3f159,748e139fdc65afbf44ec0651c6f7e2100dfa6d73f6e01bb417e89d0ea61ef515
lotto_america,2020-08-22,musl_lotto_america,https://www.powerball.com/draw-result?date=2020-08-22&gc=lotto-america,58b7faae38631302b8826f53dcc85689bd513d4b3f8fa19cdd1dd3d01cfbd725,d36bd8cb4e207fa785ba363b1330b9dfba10e5659315298687d152528f8a0249,iowa_lottery_lotto_america,https://www.ialottery.com/Pages/Games-Online/LottoAmericaWin.aspx,7042c345479d4e169c2c9fe9ce8337b6552b68865fd06e38bbec2dbc2b431632,748e139fdc65afbf44ec0651c6f7e2100dfa6d73f6e01bb417e89d0ea61ef515
lotto_america,2020-08-26,musl_lotto_america,https://www.powerball.com/draw-result?date=2020-08-26&gc=lotto-america,9e47fe110b0b74d04ffa5b3744c43966319c7d838da6b3a7c55e04b2ae3ca000,57fe13d3f85c5422c74732643c1dc09970270381c9fa412cf557cd3b353a4696,iowa_lottery_lotto_america,https://www.ialottery.com/Pages/Games-Online/LottoAmericaWin.aspx,47ef9217081c78df62f1615df5b21b51a2748b2dcb18e2e26ed651045b37c042,748e139fdc65afbf44ec0651c6f7e2100dfa6d73f6e01bb417e89d0ea61ef515
lotto_america,2020-08-29,musl_lotto_america,https://www.powerball.com/draw-result?date=2020-08-29&gc=lotto-america,e1f1edd1e544c9b480e118814a1e720cb8f7729e1383f229164d7a1afb021e18,7cae46b85bb4e90a6edfb99abe46a4071463ad118148ac15aa1b1010b2575766,iowa_lottery_lotto_america,https://www.ialottery.com/Pages/Games-Online/LottoAmericaWin.aspx,583b6dca01ba07da131a728a06bfcb38b4957d403a3023de1fdc6f3ed2b92e47,748e139fdc65afbf44ec0651c6f7e2100dfa6d73f6e01bb417e89d0ea61ef515
lotto_america,2020-09-02,musl_lotto_america,https://www.powerball.com/draw-result?date=2020-09-02&gc=lotto-america,e2f036da8346c6500e82655b78f5705d1aea6ad0e52ce87e25d0911cea88d14f,698c690447cbbefb6a611612093ce7834a420a0236a6b5fbceaadde9c40e815d,iowa_lottery_lotto_america,https://www.ialottery.com/Pages/Games-Online/LottoAmericaWin.aspx,e3aac24cf2d4b31972b44d6bdb98d64cdd31617668b529c6a373a68dffff2471,748e139fdc65afbf44ec0651c6f7e2100dfa6d73f6e01bb417e89d0ea61ef515
lotto_america,2020-09-05,musl_lotto_america,https://www.powerball.com/draw-result?date=2020-09-05&gc=lotto-america,c1d7071faac6cfd49b200484e2484bb25df7831221184f9381f34b597cb0f23b,c767c9b52aa91996cced550f9cb8fec555a73efb0db7b4aa016914b9a6ae1c0f,iowa_lottery_lotto_america,https://www.ialottery.com/Pages/Games-Online/LottoAmericaWin.aspx,50d40e6e6404db3024f2f4794f9876843af85f76526f53f823c7e5d9a50c3506,76f7e93f53e2a4b715c52e6f729f5eb7e1a03b6968d6d00dd6fd2d7d245bc82b
lotto_america,2020-09-09,musl_lotto_america,https://www.powerball.com/draw-result?date=2020-09-09&gc=lotto-america,5e8069c24d38f07b122e1840d800adf8a9c6d9333908d0e6bc05e6b0ae1e9229,2982c0fc9225dad1aff10e2b6cdd2615bc01aef7bca3d0ffc4fe6dc5717ed857,iowa_lottery_lotto_america,https://www.ialottery.com/Pages/Games-Online/LottoAmericaWin.aspx,fe567bacc521c0284eb3f4a9f7348e243240660feb6a74cf449e9b6c60366264,76f7e93f53e2a4b715c52e6f729f5eb7e1a03b6968d6d00dd6fd2d7d245bc82b
lotto_america,2020-09-12,musl_lotto_america,https://www.powerball.com/draw-result?date=2020-09-12&gc=lotto-america,d119803e14b725d227c23b692f6a71548b2a14cd6d21d3d53acca4edf0662d8f,0eaab453b4b79ce054d09bc04c41eef08efd8770307544058671a106def0697d,iowa_lottery_lotto_america,https://www.ialottery.com/Pages/Games-Online/LottoAmericaWin.aspx,25e0cbc83daaf8ddc88f3f5d0be2aedc2c4e01c47bc6c70ccccbfae30c7456ac,76f7e93f53e2a4b715c52e6f729f5eb7e1a03b6968d6d00dd6fd2d7d245bc82b
lotto_america,2020-09-16,musl_lotto_america,https://www.powerball.com/draw-result?date=2020-09-16&gc=lotto-america,548caab366b79236490bca45efc972994c2353b8b076143ee9be3c91c17b401c,1a6bec7020a1c85e43fa102f15790b67880bc1e2cb549900774dc8c25068d8c5,iowa_lottery_lotto_america,https://www.ialottery.com/Pages/Games-Online/LottoAmericaWin.aspx,deb380a701f1dfa8837fef6ce796f40f0b8f96a802e3b12f59cd8618a89ffe99,76f7e93f53e2a4b715c52e6f729f5eb7e1a03b6968d6d00dd6fd2d7d245bc82b
lotto_america,2020-09-19,musl_lotto_america,https://www.powerball.com/draw-result?date=2020-09-19&gc=lotto-america,7141e4ca3c708f02f0c1430a0e51de8d1bd4db7a07f3e928f8ec1747fafd7d56,fdc97132d69b640d7e223b3cfd1e6a11b787031fb98cdf9d059d873d7ccfe980,iowa_lottery_lotto_america,https://www.ialottery.com/Pages/Games-Online/LottoAmericaWin.aspx,50fa1882612b97f8d942dc86011926fe6346d7d71fe6abd8b5b2335effe7b1f2,76f7e93f53e2a4b715c52e6f729f5eb7e1a03b6968d6d00dd6fd2d7d245bc82b
lotto_america,2020-09-23,musl_lotto_america,https://www.powerball.com/draw-result?date=2020-09-23&gc=lotto-america,ea323d1e15c18bb8348c8e6d8092c451583c6a3d07e6a805a59e74c6c607b636,d8f523ab243407f7c6a96f80d39da7a8f3878b3c3b13192c296f9abc7a603c9f,iowa_lottery_lotto_america,https://www.ialottery.com/Pages/Games-Online/LottoAmericaWin.aspx,e1fe458a2308a371fb8db49e98c7cebbc69c1be8a9cb090e47e62277be820162,76f7e93f53e2a4b715c52e6f729f5eb7e1a03b6968d6d00dd6fd2d7d245bc82b
lotto_america,2020-09-26,musl_lotto_america,https://www.powerball.com/draw-result?date=2020-09-26&gc=lotto-america,510f14b2f7263c5404f9cf31fcfb84a92028eeea601c77d7028b6a617ff65217,ae9280919429cdca96d21a6606ef730097173bee7abce5f899fb83c066ac7748,iowa_lottery_lotto_america,https://www.ialottery.com/Pages/Games-Online/LottoAmericaWin.aspx,eda0a50633e141197679855b3e0c3a4514407d561af83b5fcf0ddccd510803f6,76f7e93f53e2a4b715c52e6f729f5eb7e1a03b6968d6d00dd6fd2d7d245bc82b
lotto_america,2020-09-30,musl_lotto_america,https://www.powerball.com/draw-result?date=2020-09-30&gc=lotto-america,d36ec6c9ebe295064062249b5d8fdb60dcb78886b0e537565218af5262875659,5d03f6ff26a6f482b1f7b38c27b027f4be742b34e60b9054f40125ff8ca58e3a,iowa_lottery_lotto_america,https://www.ialottery.com/Pages/Games-Online/LottoAmericaWin.aspx,402ab124889a2655357b4537e5ff4db2054893a96710d87629a7d5400a9dd1e3,76f7e93f53e2a4b715c52e6f729f5eb7e1a03b6968d6d00dd6fd2d7d245bc82b
lotto_america,2020-10-03,musl_lotto_america,https://www.powerball.com/draw-result?date=2020-10-03&gc=lotto-america,0b9b1001b111e4a1c5d21942a46922b3906f0bf8b134294ce53c0252da362edd,078455775b6abdc9cf722f1027a7d22d894ed7c2784c13c11ae3ea4573d01e6f,iowa_lottery_lotto_america,https://www.ialottery.com/Pages/Games-Online/LottoAmericaWin.aspx,afa150c29c81402c0ad258f5f2e661ca7a7eb74f6a610a362593f47c22f0433e,76f7e93f53e2a4b715c52e6f729f5eb7e1a03b6968d6d00dd6fd2d7d245bc82b
lotto_america,2020-10-07,musl_lotto_america,https://www.powerball.com/draw-result?date=2020-10-07&gc=lotto-america,cbc9e6266981b22bc106844ca191d14710698b5420be0e4e04426c6a9f5abe36,6759848bdc3d3963aa459cbdeab53ea347ee64b3d6ff206afd16f153497b41c6,iowa_lottery_lotto_america,https://www.ialottery.com/Pages/Games-Online/LottoAmericaWin.aspx,5fa385d15643a9eac93c31505e067d3a1bcedb8901756a1325017f42d837c4f0,aac93dadc8c7277ce07f8cda0c4ca62fb626cc26934ee8eb17d2fdea5ad0e244
lotto_america,2020-10-10,musl_lotto_america,https://www.powerball.com/draw-result?date=2020-10-10&gc=lotto-america,c4f2697906abada9d4873b521469591efa564fc8b84b3a408d207a0389093f60,5c3293ff0ca1a6b45a1c5a3a18e87907af533b9fcb5e3f500fc9043b42fe9d36,iowa_lottery_lotto_america,https://www.ialottery.com/Pages/Games-Online/LottoAmericaWin.aspx,3d7c6af6a5fae56ef640e497978f921b278d7955b365f1b5504dc60c0394b1e1,aac93dadc8c7277ce07f8cda0c4ca62fb626cc26934ee8eb17d2fdea5ad0e244
lotto_america,2020-10-14,musl_lotto_america,https://www.powerball.com/draw-result?date=2020-10-14&gc=lotto-america,990d30523d7e98e27bd70a96ccb62d5e92d1269b89f183cd29c76838da822b9d,348ee014a7b98b35abad718f49ceb501222ae638d0edfbedd292f254d12382f7,iowa_lottery_lotto_america,https://www.ialottery.com/Pages/Games-Online/LottoAmericaWin.aspx,59df8058743dfb16cf10024f0cda6d0f8097f8e90a4e46b69a7a4a83b74b4d9f,aac93dadc8c7277ce07f8cda0c4ca62fb626cc26934ee8eb17d2fdea5ad0e244
lotto_america,2020-10-17,musl_lotto_america,https://www.powerball.com/draw-result?date=2020-10-17&gc=lotto-america,9135f572da32020ab35e5ac8da9889fd98a5b3b65342cee3451ab1661fda9f4c,75be3bfffb062d72e7760b1af99d954816d1b89e6ffb5a74934ca7bed05b0173,iowa_lottery_lotto_america,https://www.ialottery.com/Pages/Games-Online/LottoAmericaWin.aspx,234828fde6389719a0c65b817ff9c1a807d0f0706d018f27b3895a30587c581d,aac93dadc8c7277ce07f8cda0c4ca62fb626cc26934ee8eb17d2fdea5ad0e244
lotto_america,2020-10-21,musl_lotto_america,https://www.powerball.com/draw-result?date=2020-10-21&gc=lotto-america,f7f12085d05ce62150ea834ea40fa2da969e737fe09a61f666a3e44027e33859,15b5c9af221f329303ca30a8cab3c81fa240cce401e14b4b47202f62a4baace7,iowa_lottery_lotto_america,https://www.ialottery.com/Pages/Games-Online/LottoAmericaWin.aspx,cc7d23953bd462969d450ec3a85422824b92bea8df6f1a65621548d481e90132,aac93dadc8c7277ce07f8cda0c4ca62fb626cc26934ee8eb17d2fdea5ad0e244
lotto_america,2020-10-24,musl_lotto_america,https://www.powerball.com/draw-result?date=2020-10-24&gc=lotto-america,26a55b5086b3aae0b9f45a5df5fe03c2f29cb30321adbe59aca3b7ab480154cf,842069adc36364fbdf4ce76e97221b37547d777a001999217c789a236a5f5f4b,iowa_lottery_lotto_america,https://www.ialottery.com/Pages/Games-Online/LottoAmericaWin.aspx,39b865f375b0c55d36a000dd465ba663b706dcc890b9a6f2bdab037029ff2058,aac93dadc8c7277ce07f8cda0c4ca62fb626cc26934ee8eb17d2fdea5ad0e244
lotto_america,2020-10-28,musl_lotto_america,https://www.powerball.com/draw-result?date=2020-10-28&gc=lotto-america,020ab2b885106ce4e9fb01784a5a7a9e91eb7532ccb0730ae848cd0eda514efe,ecef813a9b64337fdcd85658b84aee81c1fdd30af368dd19932ca13db18802cb,iowa_lottery_lotto_america,https://www.ialottery.com/Pages/Games-Online/LottoAmericaWin.aspx,dbea6eb4a2bb736dc4ceffe18005d1d44aa39aeb821fba3fb1528d082070fafb,aac93dadc8c7277ce07f8cda0c4ca62fb626cc26934ee8eb17d2fdea5ad0e244
lotto_america,2020-10-31,musl_lotto_america,https://www.powerball.com/draw-result?date=2020-10-31&gc=lotto-america,0d66b9e7261af6ebc4b8158cadf9b68156e050f8694dfba1b21ae6d612407a3d,b1f9d2538048bd4bcfbaacbb0b1d9d5b0ad49c1ffda526e8add73a06de071a9b,iowa_lottery_lotto_america,https://www.ialottery.com/Pages/Games-Online/LottoAmericaWin.aspx,e43e43512f884aff14e3349bf76b5b40b3b21cbf25e718add1d9b4ea8612a754,aac93dadc8c7277ce07f8cda0c4ca62fb626cc26934ee8eb17d2fdea5ad0e244
lotto_america,2020-11-04,musl_lotto_america,https://www.powerball.com/draw-result?date=2020-11-04&gc=lotto-america,4e20addafb3f8f7eecd6a528c3f87e74988cbdafc32bee6fa2e151cf4cd1c7c4,c81d406d680f2f702bec49668d4fcf3ef17c4baa2a1b50e0c5509177f879253c,iowa_lottery_lotto_america,https://www.ialottery.com/Pages/Games-Online/LottoAmericaWin.aspx,575c392679f12917b1b15801b03f689c2911aa367ba0da1bf492c5f173cd306c,3a2c0e4749efbe114e4de027f5efcdb97467b4d7317a5a9f8dedd58562d767cb
lotto_america,2020-11-07,musl_lotto_america,https://www.powerball.com/draw-result?date=2020-11-07&gc=lotto-america,a01cdd59ab4275bb4bce5c19471706bd32789507ccb43d2f8dbabd049f0bf843,48c2daf7c9da66cbc031c052f855c9b7ecb7acab6365e3cecbbc8b86e38c4c39,iowa_lottery_lotto_america,https://www.ialottery.com/Pages/Games-Online/LottoAmericaWin.aspx,29672336d5448f9b0d19933e5777a0040d080388e1c93799aa1a4c6fb8010cf1,3a2c0e4749efbe114e4de027f5efcdb97467b4d7317a5a9f8dedd58562d767cb
lotto_america,2020-11-11,musl_lotto_america,https://www.powerball.com/draw-result?date=2020-11-11&gc=lotto-america,3804d93b8e9d3425ed0bfab7ee179d8c7204dc653ccb7730ee16c9ff9d5b667b,36bb788eda9f2551efe280ea9afb9f0cda30a1d261900107cf893ade1d22fede,iowa_lottery_lotto_america,https://www.ialottery.com/Pages/Games-Online/LottoAmericaWin.aspx,fbec1131f9ba37e6f45f3708c5e1919a7f34417d600b390cec231c290d50b090,3a2c0e4749efbe114e4de027f5efcdb97467b4d7317a5a9f8dedd58562d767cb
lotto_america,2020-11-14,musl_lotto_america,https://www.powerball.com/draw-result?date=2020-11-14&gc=lotto-america,ea146005cac0018ebf6e6485d92d4da0f21326cb603b30a177ae196174eff6df,2fecb16f50954af67fbdffb223c3ac378397abd25a43e81701dc1ccff3d95859,iowa_lottery_lotto_america,https://www.ialottery.com/Pages/Games-Online/LottoAmericaWin.aspx,b50dedbdf200d93ddb84692e2bd35dc3b50b5f3cb635eddb8d918f11a5c4a026,3a2c0e4749efbe114e4de027f5efcdb97467b4d7317a5a9f8dedd58562d767cb
lotto_america,2020-11-18,musl_lotto_america,https://www.powerball.com/draw-result?date=2020-11-18&gc=lotto-america,34acc366e695d7d71469e438d7377aa063cd4fbe8ae4a2dce556055b3e9444b4,c0936986557395a8a823e45526f1608889f5654d03276b63ee5e1fc1bb763273,iowa_lottery_lotto_america,https://www.ialottery.com/Pages/Games-Online/LottoAmericaWin.aspx,6939405bdf05feb36e0791cb7cfd6f5dbd458a525c7a3e4c3bdc8a2dcb4714a0,3a2c0e4749efbe114e4de027f5efcdb97467b4d7317a5a9f8dedd58562d767cb
lotto_america,2020-11-21,musl_lotto_america,https://www.powerball.com/draw-result?date=2020-11-21&gc=lotto-america,a451dc7c4b5cf44dadffed27928f94080c9f0b2e894e92436f6d871ed648336c,534f2537364c913d02af1843764355d19994ed93516114fdf6d147e343b3d42c,iowa_lottery_lotto_america,https://www.ialottery.com/Pages/Games-Online/LottoAmericaWin.aspx,eb49618736f1f0f16aba114d70cb46606ccca06124ffe5c6d1cb3f45833f5519,3a2c0e4749efbe114e4de027f5efcdb97467b4d7317a5a9f8dedd58562d767cb
lotto_america,2020-11-25,musl_lotto_america,https://www.powerball.com/draw-result?date=2020-11-25&gc=lotto-america,83404c545fee207425dabc4a19b7f490679d9670b9b5ca005c1aa784b3435755,e4452a405471f8d8b7ac607b2395bac10fb6e35f4c8de1f9d1fdedcd393b6935,iowa_lottery_lotto_america,https://www.ialottery.com/Pages/Games-Online/LottoAmericaWin.aspx,d8a89e01eb1ece48dbac2bd9a68b89a8fc1f3742c9aad79e939956677d88bbe6,3a2c0e4749efbe114e4de027f5efcdb97467b4d7317a5a9f8dedd58562d767cb
lotto_america,2020-11-28,musl_lotto_america,https://www.powerball.com/draw-result?date=2020-11-28&gc=lotto-america,015a113bf453f9a111fc3d370dec57963199b97a2f25e1287dbe93ea05d17931,513ca4948c456857461bf3e147502d6d4daf30c69ed0d60ac914d7725ba269bc,iowa_lottery_lotto_america,https://www.ialottery.com/Pages/Games-Online/LottoAmericaWin.aspx,881b2a062d8f297c448843823193a16bc15a0c18d2b83ac743e465237d1b292d,3a2c0e4749efbe114e4de027f5efcdb97467b4d7317a5a9f8dedd58562d767cb
lotto_america,2020-12-02,musl_lotto_america,https://www.powerball.com/draw-result?date=2020-12-02&gc=lotto-america,0e1962e6442081b465b1b66f367320747cf8cce097a0541899df25f508436c95,8e8beb44e2906dd6fac6fca2dbc88cd98533e1324df7e11dd9965007772dd485,iowa_lottery_lotto_america,https://www.ialottery.com/Pages/Games-Online/LottoAmericaWin.aspx,0932f7fb92a8e761e74630f2657e00e616507ef9e58871cd5360449cff9ba9c9,3a2c0e4749efbe114e4de027f5efcdb97467b4d7317a5a9f8dedd58562d767cb
lotto_america,2020-12-05,musl_lotto_america,https://www.powerball.com/draw-result?date=2020-12-05&gc=lotto-america,1d3dd487b38d00a15c4d31c09e26313918e093513c6ca530fce4492f9af9535f,6e1e491bc06ee40fabff477093e990840efd606c71ff08a502fefa41506b06e9,iowa_lottery_lotto_america,https://www.ialottery.com/Pages/Games-Online/LottoAmericaWin.aspx,4ec882f5ef4049715e7a18789ac8829fcc3f6aad06268f7ee761071103e49eb2,38aafd590fece71bb6c707c3f668fdeb788cc991da919ede7b48d22b9e4ded64
lotto_america,2020-12-09,musl_lotto_america,https://www.powerball.com/draw-result?date=2020-12-09&gc=lotto-america,64a47b1ea90afa99f279a67dbabdc34c57856fded88957b03365a85134f614d2,9a61d06fa85087cb11bcbd65ae1a7a3928a2552f8f78f43ddb6a46b42f048b34,iowa_lottery_lotto_america,https://www.ialottery.com/Pages/Games-Online/LottoAmericaWin.aspx,fadcea2d559fddda2d081e4e2631d17f1438329794bb028be65405e84828cddb,38aafd590fece71bb6c707c3f668fdeb788cc991da919ede7b48d22b9e4ded64
lotto_america,2020-12-12,musl_lotto_america,https://www.powerball.com/draw-result?date=2020-12-12&gc=lotto-america,1093a1db3a98ac5199f36b1a2eaba1705c5d5582a80c0dc065fc0ecaad3b4a6d,e9e43035bb0f58e7674649569c82683a50e19c28553f0515ea0addd27ad08644,iowa_lottery_lotto_america,https://www.ialottery.com/Pages/Games-Online/LottoAmericaWin.aspx,23de54d9f62ee7bf577f77d25ddb46a6fa36e775f7a95a0b60347c217c0650f9,38aafd590fece71bb6c707c3f668fdeb788cc991da919ede7b48d22b9e4ded64
lotto_america,2020-12-16,musl_lotto_america,https://www.powerball.com/draw-result?date=2020-12-16&gc=lotto-america,7f171f071724057b7339e8ce996837c510fa90dc5031079fc7bbfef1a78585b9,71e8e8862f6f5da95bcde7adc69b04a7a78f24a49380aa6842b7d7e27ed27dbb,iowa_lottery_lotto_america,https://www.ialottery.com/Pages/Games-Online/LottoAmericaWin.aspx,c6e78f34b7ed9c3c6b7a6e8c034e8de609c2742427dea06eaf267114e169ec55,38aafd590fece71bb6c707c3f668fdeb788cc991da919ede7b48d22b9e4ded64
lotto_america,2020-12-19,musl_lotto_america,https://www.powerball.com/draw-result?date=2020-12-19&gc=lotto-america,9966492caa940efc7fa4554b6bc46c3a25dd3b2338635e3f0bc9fe635a5d9f0c,8aba0f49effed999bbad976a0e7d194f88ec32984b3cbc0bf55c153bc91647b2,iowa_lottery_lotto_america,https://www.ialottery.com/Pages/Games-Online/LottoAmericaWin.aspx,62a6c9391be65f9d6367e4a2c0f249a30ef5ee7b6ed8ae068b93c606cd45e72d,38aafd590fece71bb6c707c3f668fdeb788cc991da919ede7b48d22b9e4ded64
lotto_america,2020-12-23,musl_lotto_america,https://www.powerball.com/draw-result?date=2020-12-23&gc=lotto-america,5b7d9a23ab89f761b441bdde3aebbe7c9c8df9028ad85cbeb735d9ad4ac24ca0,d0fe66cd0185f335039dbf094d2d7821bca06b5d60198e4213faa33bdefe9b4c,iowa_lottery_lotto_america,https://www.ialottery.com/Pages/Games-Online/LottoAmericaWin.aspx,7d08479814bf9a993afaf9b90bee4d9628b57219519d7ea85f23e148d62311a3,38aafd590fece71bb6c707c3f668fdeb788cc991da919ede7b48d22b9e4ded64
lotto_america,2020-12-26,musl_lotto_america,https://www.powerball.com/draw-result?date=2020-12-26&gc=lotto-america,07bd6f072d5f4899deba790a26f32c598238be698423a2a82b37255a85ea5571,1e710084610af2cd40b7f1d84ac0561da15f171f768682df06b714f58afa14b3,iowa_lottery_lotto_america,https://www.ialottery.com/Pages/Games-Online/LottoAmericaWin.aspx,25eacc8d891107e31a3674c94af5c717a346b8f1d564e9fba91fabd3edefcb36,38aafd590fece71bb6c707c3f668fdeb788cc991da919ede7b48d22b9e4ded64
lotto_america,2020-12-30,musl_lotto_america,https://www.powerball.com/draw-result?date=2020-12-30&gc=lotto-america,b04fba16a487d1117ce238b30d1c17f4e4d73c3da9376bf2c47dffeebc025c5a,d8254ca3e0c6fd2abe714b3fbdb344b09cb0569096d62d5f32a83a5f9083aceb,iowa_lottery_lotto_america,https://www.ialottery.com/Pages/Games-Online/LottoAmericaWin.aspx,bf1d1f7b8568683c1f57fa5f7ad3c6e08de45ea5758a8c22bf0b2b739d2f85fd,38aafd590fece71bb6c707c3f668fdeb788cc991da919ede7b48d22b9e4ded64
lotto_america,2021-01-02,musl_lotto_america,https://www.powerball.com/draw-result?date=2021-01-02&gc=lotto-america,f961d25b9aa74fbdd6ae7219ec351e36f2c004b005b51b7c70d63119975aa466,99fe2897b77638466614de885fd2ad13a0f6756e4991fe0b7bf3cfd8d87ab6f3,iowa_lottery_lotto_america,https://www.ialottery.com/Pages/Games-Online/LottoAmericaWin.aspx,3421d37c1451093adee06294be506ea8a3bd3e96b6cc5d38270e2e843fbbff62,38aafd590fece71bb6c707c3f668fdeb788cc991da919ede7b48d22b9e4ded64
lotto_america,2021-01-06,musl_lotto_america,https://www.powerball.com/draw-result?date=2021-01-06&gc=lotto-america,797d9dcc268a26060c862b4ea3f10e67c799a7dd246d0dcaf01853c2b9315ebf,0a4290e6165c26d0e0cc384fa3ada3923bd0787cb77d0279db6d763e5d2b3b35,iowa_lottery_lotto_america,https://www.ialottery.com/Pages/Games-Online/LottoAmericaWin.aspx,8776b2af0d4558f931b0d53df7251e70ecf935b42ed9a7da0754b4c15c400bf7,3a2311fbb2c240c1d5f67360895d01ce33fc8f93ccd0969df7cb41643685a2ce
lotto_america,2021-01-09,musl_lotto_america,https://www.powerball.com/draw-result?date=2021-01-09&gc=lotto-america,01f40cbcf5b120ca9f36214ce73c0a0cfe4b3c9a1066bb964f61dece2926687e,662cacd68da698fb4c065fd515c0ad9debf1cb46e65b9ff4cbdb178da5acf48b,iowa_lottery_lotto_america,https://www.ialottery.com/Pages/Games-Online/LottoAmericaWin.aspx,3c82feaa318f356183d8c6a7b75ed9228cb86287a6bc2b1b67e9779bb50c765a,3a2311fbb2c240c1d5f67360895d01ce33fc8f93ccd0969df7cb41643685a2ce
lotto_america,2021-01-13,musl_lotto_america,https://www.powerball.com/draw-result?date=2021-01-13&gc=lotto-america,7a91a7e5e0dde89c209e9fd9d57a6b485664017a4fab29405e119bc66b1b3baa,ddb360e616ab8cc07018c890a606073cdb84de4d51cd35c3e40e1c8dedf9d25d,iowa_lottery_lotto_america,https://www.ialottery.com/Pages/Games-Online/LottoAmericaWin.aspx,678d6df9963a4d77004740f85ba5d4b2ea461e6d8cceea365facb73debd75e2c,3a2311fbb2c240c1d5f67360895d01ce33fc8f93ccd0969df7cb41643685a2ce
lotto_america,2021-01-16,musl_lotto_america,https://www.powerball.com/draw-result?date=2021-01-16&gc=lotto-america,a46376bef68a738b1b91203e79e8a260bc66d463cecd48860d1308bcaabb7f33,6fd7f7ecc9b9e86b938170dc6eeff3e96a389938f53b7ad4ee371cc77e3bc0be,iowa_lottery_lotto_america,https://www.ialottery.com/Pages/Games-Online/LottoAmericaWin.aspx,a1a2eb5a6582498e9d4ea826d58494e3727b5c45d49cd8de38a76eafecf7420e,3a2311fbb2c240c1d5f67360895d01ce33fc8f93ccd0969df7cb41643685a2ce
lotto_america,2021-01-20,musl_lotto_america,https://www.powerball.com/draw-result?date=2021-01-20&gc=lotto-america,a93765941b4908daeefc0a34486013710daea229963ff74c0be7cb20efd23365,6ef0e6ff410036e24f227d981aab573fb65428e98fef726e90f395829f431eb5,iowa_lottery_lotto_america,https://www.ialottery.com/Pages/Games-Online/LottoAmericaWin.aspx,de6da783486d11987d4f4d81aafeff4416fc810e0a7f65c52bca66ec21de6540,3a2311fbb2c240c1d5f67360895d01ce33fc8f93ccd0969df7cb41643685a2ce
lotto_america,2021-01-23,musl_lotto_america,https://www.powerball.com/draw-result?date=2021-01-23&gc=lotto-america,2ae77c206ea46efd79ac6e360d2481d7118fc149ea723e846a9b7d6f968be02a,bc3d8724305d4cf54ad7cdbf63ef418ed1b976d9b7d479daa8cf687d9ac361da,iowa_lottery_lotto_america,https://www.ialottery.com/Pages/Games-Online/LottoAmericaWin.aspx,c1e737b876410866c6ac16c9b9c98a520cbc62c560b54f72370c84bd31b81c07,3a2311fbb2c240c1d5f67360895d01ce33fc8f93ccd0969df7cb41643685a2ce
lotto_america,2021-01-27,musl_lotto_america,https://www.powerball.com/draw-result?date=2021-01-27&gc=lotto-america,eafb521513a00c96b49b929fe63a78cab7cf6039dbada516dd7718e578d1598d,2be28f808a03075ef57320fd18add833a9406fa2b95288b2777d515a990797ce,iowa_lottery_lotto_america,https://www.ialottery.com/Pages/Games-Online/LottoAmericaWin.aspx,22ebca585f4fae11eef6c2930fb57b4b0157ac5a9c663019f79616870968709a,3a2311fbb2c240c1d5f67360895d01ce33fc8f93ccd0969df7cb41643685a2ce
lotto_america,2021-01-30,musl_lotto_america,https://www.powerball.com/draw-result?date=2021-01-30&gc=lotto-america,416558fb5c3233955af465d879e72d3639abddbb05cdb6d5c698b09bf2535656,2fe38f8a4833662addfb65cfba15b7a5250d46fb3974f226ffa8b03b74f42e97,iowa_lottery_lotto_america,https://www.ialottery.com/Pages/Games-Online/LottoAmericaWin.aspx,c99f82f2e7bcf6a0eb7a00ac4b0ada38419d264b62e74a27f6ac08e0b7b6bec1,3a2311fbb2c240c1d5f67360895d01ce33fc8f93ccd0969df7cb41643685a2ce
lotto_america,2021-02-03,musl_lotto_america,https://www.powerball.com/draw-result?date=2021-02-03&gc=lotto-america,20dc47be151e1b296b661407d1b6a5c7a029072b18a3e31937eec1e1a5b2dde8,26d0a882998dfd8328e44179567111bde451a659c4fd5cea44597397533e3209,iowa_lottery_lotto_america,https://www.ialottery.com/Pages/Games-Online/LottoAmericaWin.aspx,c96d1eb5beaf189e2604627ea974d5944fe61be1e3b2130dfd23efd9b7828b87,a4a3888ae3be75d2aaba49ab49bf0f413c76f972e4da56d1d2adbb3c31cd423d
lotto_america,2021-02-06,musl_lotto_america,https://www.powerball.com/draw-result?date=2021-02-06&gc=lotto-america,2a388d4a120cc2830d1703fb1a480ec8500f9ce1f64b6f3cdc0c01ef536761d9,f1582d7d2c57276a1fafa99ee5d8b338ab4693f90709f8bbc99a2184909f235d,iowa_lottery_lotto_america,https://www.ialottery.com/Pages/Games-Online/LottoAmericaWin.aspx,95a6cc70d4effa75f494f6c93a6b0e2ecea30fd4981eaa6640fae098b3744c15,a4a3888ae3be75d2aaba49ab49bf0f413c76f972e4da56d1d2adbb3c31cd423d
lotto_america,2021-02-10,musl_lotto_america,https://www.powerball.com/draw-result?date=2021-02-10&gc=lotto-america,593e4a4ba70ffd849d075c884b0aa6021b187bb075020d15014a43ca08df8a48,6c4fe338c6eedb3c1fbecc0990eb3f2f147a51169f95afde4d5120c8dd0eac94,iowa_lottery_lotto_america,https://www.ialottery.com/Pages/Games-Online/LottoAmericaWin.aspx,8d7c1bca1b565a1f82b67da552dad37ccaa7036054e69df04ea0a934d39f559f,a4a3888ae3be75d2aaba49ab49bf0f413c76f972e4da56d1d2adbb3c31cd423d
lotto_america,2021-02-13,musl_lotto_america,https://www.powerball.com/draw-result?date=2021-02-13&gc=lotto-america,b418953ced09babb9d4a8105150aa739a736b072321b74c11ed8265fb3b71697,793917f9a62b74463b7cdfdedee0317e2c0947eb0f8749d2798de2f38a6e5e02,iowa_lottery_lotto_america,https://www.ialottery.com/Pages/Games-Online/LottoAmericaWin.aspx,1abbc37d7dc76c09d6b6e6aabeaeb0cbcb17b9c4a939282db6499dea2195b062,a4a3888ae3be75d2aaba49ab49bf0f413c76f972e4da56d1d2adbb3c31cd423d
lotto_america,2021-02-17,musl_lotto_america,https://www.powerball.com/draw-result?date=2021-02-17&gc=lotto-america,175d8d0650480fb57927d476d16874052c02fcac2d63decc28b602ecfbb62361,beee488ccaa9a8276a6812ab2056a530338f31fc0d1b83aff225e775b63adbf0,iowa_lottery_lotto_america,https://www.ialottery.com/Pages/Games-Online/LottoAmericaWin.aspx,9e6a5e12d6c7f4fd144eb318aaa46dfdd0f149df58b3f7a88909f49dde622d89,a4a3888ae3be75d2aaba49ab49bf0f413c76f972e4da56d1d2adbb3c31cd423d
lotto_america,2021-02-20,musl_lotto_america,https://www.powerball.com/draw-result?date=2021-02-20&gc=lotto-america,35bc4239f49a71b6e729ec39df579ff1e7f6e7d52d9df405970d4fe16473cfbf,bd29940f5978950b073f6655f8205c1635e930e08bdb6d0640fc0786c45de537,iowa_lottery_lotto_america,https://www.ialottery.com/Pages/Games-Online/LottoAmericaWin.aspx,eeab1ef565b4fbfce1960d36e2cdb4fa02857a5cfc5bc12f9f151b2edf98e647,a4a3888ae3be75d2aaba49ab49bf0f413c76f972e4da56d1d2adbb3c31cd423d
lotto_america,2021-02-24,musl_lotto_america,https://www.powerball.com/draw-result?date=2021-02-24&gc=lotto-america,94612cb8dcdec2fd218236d08146f79c8f33d0983dcc7b1fd2694b698ee96c07,8b3a8cf279d2f5829d0fc359f1dee42ea56359727346ef06d6a2ec600cf13410,iowa_lottery_lotto_america,https://www.ialottery.com/Pages/Games-Online/LottoAmericaWin.aspx,73d9699da7fe34ff905d8e032bcfad00e21107d54673376cfb0216f887a77716,a4a3888ae3be75d2aaba49ab49bf0f413c76f972e4da56d1d2adbb3c31cd423d
lotto_america,2021-02-27,musl_lotto_america,https://www.powerball.com/draw-result?date=2021-02-27&gc=lotto-america,c93d48ba1b54a431eb24891f8b15211e4c3b16597ca19cecc08ee2a8a12dac84,95478b009ac580a399b82b1a3e5c011014cb81e701ecda20ae32e2b9ec0c4b6a,iowa_lottery_lotto_america,https://www.ialottery.com/Pages/Games-Online/LottoAmericaWin.aspx,dd3f267ef72825a08b4302c646b4988c35c203860ddaf4a8e2a6992d756d5628,a4a3888ae3be75d2aaba49ab49bf0f413c76f972e4da56d1d2adbb3c31cd423d
lotto_america,2021-03-03,musl_lotto_america,https://www.powerball.com/draw-result?date=2021-03-03&gc=lotto-america,a735333fdd0653544e1fef382c3158684cded523b96fb709945d594f2a664ec2,c3ba243181c86b6af9de024a4b8f452b2c6d23d278cdf920c81c980e0f9bcdfc,iowa_lottery_lotto_america,https://www.ialottery.com/Pages/Games-Online/LottoAmericaWin.aspx,32c7d34eebd440058ca01318aa99d5ac8b750c2f584dd8df0ac4e2a64af58f88,a4a3888ae3be75d2aaba49ab49bf0f413c76f972e4da56d1d2adbb3c31cd423d
lotto_america,2021-03-06,musl_lotto_america,https://www.powerball.com/draw-result?date=2021-03-06&gc=lotto-america,31f90255d3b2c74a733ea872b68fb4446399eee57d207efb88023396f08f9b5c,817216d7afcc7b780717631762165193966b95a48702f1ccaca95fb2c1f6a0bb,iowa_lottery_lotto_america,https://www.ialottery.com/Pages/Games-Online/LottoAmericaWin.aspx,7d14c1eb148ca2671b451690120fe86a53a07a90254372a842c4857290626868,25cc043fb0bea3d79fd4625220960df91eff181dbd0b1ab2e548a2cf1f9b8980
lotto_america,2021-03-10,musl_lotto_america,https://www.powerball.com/draw-result?date=2021-03-10&gc=lotto-america,fd0048df8a429774f31ac6d0cc44e216fe6324b6fa32ee75cfd994d39c2c52f3,d65db3075f18aafdabcd22b6ac6aa1f24dbf029f878589f3ad3e567be5ae91c4,iowa_lottery_lotto_america,https://www.ialottery.com/Pages/Games-Online/LottoAmericaWin.aspx,36043a2be45102e7ce152847317d296eebbb59f2c9ea1a0183595e31d1330cc2,25cc043fb0bea3d79fd4625220960df91eff181dbd0b1ab2e548a2cf1f9b8980
lotto_america,2021-03-13,musl_lotto_america,https://www.powerball.com/draw-result?date=2021-03-13&gc=lotto-america,6e70715851499f6f2933baba1d3364927d8ba3ecd2d4bdaf32c8437aa4f2f7b0,69919eca3afbf59bc1bef6c87e77330e6abd96063b392941eed551e32481afa4,iowa_lottery_lotto_america,https://www.ialottery.com/Pages/Games-Online/LottoAmericaWin.aspx,109973ea0d75c43e6fac439b6804d7a1f6c07b71b021f6d55101d584893149fc,25cc043fb0bea3d79fd4625220960df91eff181dbd0b1ab2e548a2cf1f9b8980
lotto_america,2021-03-17,musl_lotto_america,https://www.powerball.com/draw-result?date=2021-03-17&gc=lotto-america,ae898036ff10d0453d3d063df96a59a0bf9bdaacd79c2d8c74957610849f5906,57937d4e15a9c6d86ac0e2f58c20d6d9f73ce9495ede7599d8b8064479c1868e,iowa_lottery_lotto_america,https://www.ialottery.com/Pages/Games-Online/LottoAmericaWin.aspx,27a917b4fcea241a6ec1f760b3c14c4d41a86ba5d518d242335e88a433131bab,25cc043fb0bea3d79fd4625220960df91eff181dbd0b1ab2e548a2cf1f9b8980
lotto_america,2021-03-20,musl_lotto_america,https://www.powerball.com/draw-result?date=2021-03-20&gc=lotto-america,f531140e49b4219b4a595070699c0678463bb774c596d0863d709ca639f6052b,83d3bfeb141345db2408282701f1dd5246f5be695c66ce2dd75ec59d6f4831f0,iowa_lottery_lotto_america,https://www.ialottery.com/Pages/Games-Online/LottoAmericaWin.aspx,20190d374a25a56d61a2074377646d3f286423cdc181fd0609afb381e97f264b,25cc043fb0bea3d79fd4625220960df91eff181dbd0b1ab2e548a2cf1f9b8980
lotto_america,2021-03-24,musl_lotto_america,https://www.powerball.com/draw-result?date=2021-03-24&gc=lotto-america,0592e112bc63d72d68d869b6981ecee5203f94d4d0d1a9d783faba6fe2babc5e,5929a3108f7612ee28b2b34a771920df0da48c560a44dcac0d4b5b06705d678f,iowa_lottery_lotto_america,https://www.ialottery.com/Pages/Games-Online/LottoAmericaWin.aspx,e40f99f055a52e8ea3373c03645121f8cd186ed1748419a019766dcf7ea92ffc,25cc043fb0bea3d79fd4625220960df91eff181dbd0b1ab2e548a2cf1f9b8980
lotto_america,2021-03-27,musl_lotto_america,https://www.powerball.com/draw-result?date=2021-03-27&gc=lotto-america,f815810484a7f41e8d58ce49b24cbee71414173aeb73b3ffdb2e66ee3a2d68c1,32aca98a82eaaa01a3a0864991a27143da99a47c3c83bbba72758de2ee8d0083,iowa_lottery_lotto_america,https://www.ialottery.com/Pages/Games-Online/LottoAmericaWin.aspx,a4a955e3d54095216da834c0860878ac004b05ce94431c9f4ebaaf212a9662ed,25cc043fb0bea3d79fd4625220960df91eff181dbd0b1ab2e548a2cf1f9b8980
lotto_america,2021-03-31,musl_lotto_america,https://www.powerball.com/draw-result?date=2021-03-31&gc=lotto-america,7f62d8c908ef8425201945f4798c0e00c8e0e34928436e5b0b370e5c137220ab,1594a0e188ac204aa1ad1f5e8cda66d4c38e2e42d4b66585f4638be854d632d1,iowa_lottery_lotto_america,https://www.ialottery.com/Pages/Games-Online/LottoAmericaWin.aspx,cc5e51da7730aaace7022343e9361b98598cab8f190199f4447323723d107817,25cc043fb0bea3d79fd4625220960df91eff181dbd0b1ab2e548a2cf1f9b8980
lotto_america,2021-04-03,musl_lotto_america,https://www.powerball.com/draw-result?date=2021-04-03&gc=lotto-america,249c1b8967014a390b90cb182d4593d79a893b5b6c5df76b6d423fb8e8595200,d49154bccb6101eda7e1c635c98935155b6ee903e5b834a6481b0fbbf65c0637,iowa_lottery_lotto_america,https://www.ialottery.com/Pages/Games-Online/LottoAmericaWin.aspx,ec8dc1ae36cc47be31414f7c20f869bfe2d57b40dbcc98f430368f98ae667691,4cdde55697fe0f1afcffdd4e7019c4ec5a1f8348439b2a6f6705467d3d328f95
lotto_america,2021-04-07,musl_lotto_america,https://www.powerball.com/draw-result?date=2021-04-07&gc=lotto-america,c7c2277295c6425fcafca574ff05a8357a8ba3921b760b7520f2881c4c8cfd8e,97225151acc4e2d89806533f74aed82b3e7e6c45145b63d9ab88807ece8080ac,iowa_lottery_lotto_america,https://www.ialottery.com/Pages/Games-Online/LottoAmericaWin.aspx,87e38116e7505ee27098d3c16adf8897d740f4c2d8049e26ccfef9271d2d87ed,4cdde55697fe0f1afcffdd4e7019c4ec5a1f8348439b2a6f6705467d3d328f95
lotto_america,2021-04-10,musl_lotto_america,https://www.powerball.com/draw-result?date=2021-04-10&gc=lotto-america,83470230e9640ce26117a042328bfda2ad2f9eb5c22fe67b362bc8d29c2b6cb3,d17698ec7281bbcc55c4a75a2d50ba86ab091dcdc3cf1083f932a37e2cb9ad48,iowa_lottery_lotto_america,https://www.ialottery.com/Pages/Games-Online/LottoAmericaWin.aspx,2111d1afad03210344e282327c049f0fad9c6071139b0b4c68b41a0e66890b1e,4cdde55697fe0f1afcffdd4e7019c4ec5a1f8348439b2a6f6705467d3d328f95
lotto_america,2021-04-14,musl_lotto_america,https://www.powerball.com/draw-result?date=2021-04-14&gc=lotto-america,6538563b9baad4a79666f0c0eacafecde8be82eb69bd2e84b443ae2ff60caeab,12d3f8afb8c9e75d54baf1a5942427b59830438a6a77bf9a87d707169af9ca52,iowa_lottery_lotto_america,https://www.ialottery.com/Pages/Games-Online/LottoAmericaWin.aspx,69fe97813661f2839a19ab98f7800e0ec28312249985ec4837cb55d871268c42,4cdde55697fe0f1afcffdd4e7019c4ec5a1f8348439b2a6f6705467d3d328f95
lotto_america,2021-04-17,musl_lotto_america,https://www.powerball.com/draw-result?date=2021-04-17&gc=lotto-america,95cb55028670057f557506cf3e280f857b44033488b4b58cc7e79a86a06c23cf,2e97cf15fee424128051d0aa27eed6cfb5cdef818a988f78605a6b60d51d73a4,iowa_lottery_lotto_america,https://www.ialottery.com/Pages/Games-Online/LottoAmericaWin.aspx,200ba2d1f720110cc5704cb87770d3662b380945599e447d3228bad03b8e9fe7,4cdde55697fe0f1afcffdd4e7019c4ec5a1f8348439b2a6f6705467d3d328f95
lotto_america,2021-04-21,musl_lotto_america,https://www.powerball.com/draw-result?date=2021-04-21&gc=lotto-america,7d44e0bf8c9d90da72491bfa9d59ab284ed8670b1bb71c0d6f0a6dd40c7ddd57,40bc7019f773f83fdab497765b1575ada2262fcba567a45335a67467b3d86c24,iowa_lottery_lotto_america,https://www.ialottery.com/Pages/Games-Online/LottoAmericaWin.aspx,461fe7e8fe4e9461e3d6c1a974c9881f011bd904a55eb5e5a6bad471a9d33e93,4cdde55697fe0f1afcffdd4e7019c4ec5a1f8348439b2a6f6705467d3d328f95
lotto_america,2021-04-24,musl_lotto_america,https://www.powerball.com/draw-result?date=2021-04-24&gc=lotto-america,93cc4f152431cd3a6f428965e20319d46c7b2d4b46d1576eb5552634f4596bf5,b4b3aa8669db7b089423b5d8afcaf3f2ab442ff9829509469ae283270a29861c,iowa_lottery_lotto_america,https://www.ialottery.com/Pages/Games-Online/LottoAmericaWin.aspx,cf96894d7cf45b550cc158f9ffa74594f1c6c1a656fdd343ab62a46bd501f6a7,4cdde55697fe0f1afcffdd4e7019c4ec5a1f8348439b2a6f6705467d3d328f95
lotto_america,2021-04-28,musl_lotto_america,https://www.powerball.com/draw-result?date=2021-04-28&gc=lotto-america,b734108ae209fda3379f9557af16e95c45f0c88512e47aff91848df6e58b43be,99a3250adc542cbbdf44e5d2b6d619f08a2763efa8fdd8c4e01e308b3749a4e5,iowa_lottery_lotto_america,https://www.ialottery.com/Pages/Games-Online/LottoAmericaWin.aspx,9ea8b8d1cd89d10ea3d07c507bb8f22e3c009000610c3566f0655669e8498c3e,4cdde55697fe0f1afcffdd4e7019c4ec5a1f8348439b2a6f6705467d3d328f95
lotto_america,2021-05-01,musl_lotto_america,https://www.powerball.com/draw-result?date=2021-05-01&gc=lotto-america,3bf173161fc08a2d87d8283a90f314f5eb4d6fc42372bca16df4cbcf2ef6280f,a2ee27b80ed5e6407c6625a8e7fcc30471a58e1a77b70f803b041d610f372299,iowa_lottery_lotto_america,https://www.ialottery.com/Pages/Games-Online/LottoAmericaWin.aspx,b872a181f00108c370990d66e2db3f80298b6922e35a215a0ddeddd69e16b721,4cdde55697fe0f1afcffdd4e7019c4ec5a1f8348439b2a6f6705467d3d328f95
lotto_america,2021-05-05,musl_lotto_america,https://www.powerball.com/draw-result?date=2021-05-05&gc=lotto-america,891c3170d3d6d8aa8ca7014f5d6463f094a4cd6342772d6d8097219df74f423e,7587deb16fb7a5980e1f022347dcd2a14474baf328681a3e7918448496eaf657,iowa_lottery_lotto_america,https://www.ialottery.com/Pages/Games-Online/LottoAmericaWin.aspx,a1ea82e9d653d9f40ceef07dfa03e1e089e88b0be2fe37cd5337948500f2832b,77408774ae874ce150ff04b5617546797ba465814d405783e741d3135b752a96
lotto_america,2021-05-08,musl_lotto_america,https://www.powerball.com/draw-result?date=2021-05-08&gc=lotto-america,d76e5493c1da89e39528a58fa89ac807836c5d8d3c4ce9634c13eac134a3bc06,c160d80bbcfcfacf1fdbeb9543471d529497e21f9a7c535a4a87acd883888161,iowa_lottery_lotto_america,https://www.ialottery.com/Pages/Games-Online/LottoAmericaWin.aspx,d7391976121782794de0c58f593e9be50d5b43a63ffe54a4eb805ecc725cb8ba,77408774ae874ce150ff04b5617546797ba465814d405783e741d3135b752a96
lotto_america,2021-05-12,musl_lotto_america,https://www.powerball.com/draw-result?date=2021-05-12&gc=lotto-america,ac6aad9adf4a0a1c3a6e7469b0cab1783270cbf2f5449f299e0d73fa4ece836d,7288eb6cf9d5b27fceda5e3fb2a4fa117140f444c35906246143252acd2bac99,iowa_lottery_lotto_america,https://www.ialottery.com/Pages/Games-Online/LottoAmericaWin.aspx,932e409610ed47bf1fa91f9cb41c0d882e7d791e15ba793fdb94dd77d0ab4cac,77408774ae874ce150ff04b5617546797ba465814d405783e741d3135b752a96
lotto_america,2021-05-15,musl_lotto_america,https://www.powerball.com/draw-result?date=2021-05-15&gc=lotto-america,5f82a060aa733a3f3cba57bc3e29483a50fb351f3fc51a159daa13bb0a48564a,a168729790f480fb1106a8b5cd93f31138f0ae17ae79214200386a70594403ac,iowa_lottery_lotto_america,https://www.ialottery.com/Pages/Games-Online/LottoAmericaWin.aspx,ed7da10c2ae85f3006b678e99fc767dbf70aaf441a90dbb9d585e29eaefb5485,77408774ae874ce150ff04b5617546797ba465814d405783e741d3135b752a96
lotto_america,2021-05-19,musl_lotto_america,https://www.powerball.com/draw-result?date=2021-05-19&gc=lotto-america,186ddcf6a0546c959736da48f4ab6198421f3016e71b7e9cbf18d41d13997e0e,0a101871dd36322cd65d400766f964e4c763973543b27ffba4ce666cad8d75d4,iowa_lottery_lotto_america,https://www.ialottery.com/Pages/Games-Online/LottoAmericaWin.aspx,f30f68681628994ccc7e77deb7749de2ca48023043f431baf0c28340b3b2fbf6,77408774ae874ce150ff04b5617546797ba465814d405783e741d3135b752a96
lotto_america,2021-05-22,musl_lotto_america,https://www.powerball.com/draw-result?date=2021-05-22&gc=lotto-america,263d6a000902b10228def3a6e1c421f12aae1117d0a5c0ad9c9774fc2c57386b,bb81fafff19d95a30ccff6080c164291651975175250ebcfb50f67720477211b,iowa_lottery_lotto_america,https://www.ialottery.com/Pages/Games-Online/LottoAmericaWin.aspx,94585292ed684caa6d40b39c9601f3032c8ac8d40709df9da7955f1988692a07,77408774ae874ce150ff04b5617546797ba465814d405783e741d3135b752a96
lotto_america,2021-05-26,musl_lotto_america,https://www.powerball.com/draw-result?date=2021-05-26&gc=lotto-america,06d428cd57e056064b83e3bda046075de4e9eaeeb62a4353d6e30665ab7f6677,99efb79859ea6d21e62418a09623b426b5354e11e0e90ed72a8bedd59aa1ae4e,iowa_lottery_lotto_america,https://www.ialottery.com/Pages/Games-Online/LottoAmericaWin.aspx,1d07d3976309f2af3f24354a6181f3553deac5647bb686dc359c34060aa2d92e,77408774ae874ce150ff04b5617546797ba465814d405783e741d3135b752a96
lotto_america,2021-05-29,musl_lotto_america,https://www.powerball.com/draw-result?date=2021-05-29&gc=lotto-america,b05baac901c3b23b6ba712cbae784018780738b8c02f5a9ee46a6fc2574b7bde,6be7769054861c8812f6cc24ea742b1ded03ec1355eb6cc0130db1c71c8398ca,iowa_lottery_lotto_america,https://www.ialottery.com/Pages/Games-Online/LottoAmericaWin.aspx,803f06b47c67968e4b10cda646c4a209559b6c1aff731c10a4f9e0c8fbd6bf18,77408774ae874ce150ff04b5617546797ba465814d405783e741d3135b752a96
lotto_america,2021-06-02,musl_lotto_america,https://www.powerball.com/draw-result?date=2021-06-02&gc=lotto-america,655afd2bf1fe076601d22e4c2403c6fafeb875e73140e5db812ba5df4f64900d,bf66e09a4adaed766a5f16700ba2f642938002d1f5e9335a3cf661ec023f59ab,iowa_lottery_lotto_america,https://www.ialottery.com/Pages/Games-Online/LottoAmericaWin.aspx,8aadbc9c587c1aa5f1de29464521440efb0f85e0111ef1c467ed6fc729105a8e,77408774ae874ce150ff04b5617546797ba465814d405783e741d3135b752a96
lotto_america,2021-06-05,musl_lotto_america,https://www.powerball.com/draw-result?date=2021-06-05&gc=lotto-america,0e81ee7b7d2701efe59d1de0ad20e499abafc10fb4b8137d7332371e8ab006af,523af5f484ffffe17e07b36ad98cdc793c439dc81cc67c2fde6223f4549eddd3,iowa_lottery_lotto_america,https://www.ialottery.com/Pages/Games-Online/LottoAmericaWin.aspx,a26dd15d08452b08f7a67f87967261b1cb6e39a2c70e955970e9db4bfc024137,077333ce4d1d0b87f772cfefa86f55e5ea06609463ddf7b21e18fa44d10b1bdb
lotto_america,2021-06-09,musl_lotto_america,https://www.powerball.com/draw-result?date=2021-06-09&gc=lotto-america,2140e79ca8708a56e72638873ca0ef894ec4eeccabc8ad38f605c1ddaa328a23,d069b6fba401efad5f08b5e5c106a082d0111bb02894d19a12a3049a27818592,iowa_lottery_lotto_america,https://www.ialottery.com/Pages/Games-Online/LottoAmericaWin.aspx,fbb73507c6f0485c22a1eb6c95af5082fe1bc55bec9c8f607d7dae95084c2505,077333ce4d1d0b87f772cfefa86f55e5ea06609463ddf7b21e18fa44d10b1bdb
lotto_america,2021-06-12,musl_lotto_america,https://www.powerball.com/draw-result?date=2021-06-12&gc=lotto-america,338739a3b6b4f1c73ca35f7e468c77fb8214217c0a68ec86c6824b766c2445eb,aa5453fda0ba6a66944dbb9e8259a16d9e2f17882dfa5dabb8f893f5b1a5e56a,iowa_lottery_lotto_america,https://www.ialottery.com/Pages/Games-Online/LottoAmericaWin.aspx,96e82fbf671ef0579c87c2109acde5f4d872b8bc00bb5287cd9980ad986d2e04,077333ce4d1d0b87f772cfefa86f55e5ea06609463ddf7b21e18fa44d10b1bdb
lotto_america,2021-06-16,musl_lotto_america,https://www.powerball.com/draw-result?date=2021-06-16&gc=lotto-america,7636231e05ce3b075cefe93334b985a4b97f20ba8285a306d573a7f201ad9e60,3b0dd40cf8196ddcf8b622fad892c826209983107c665d0d135937d4109464ed,iowa_lottery_lotto_america,https://www.ialottery.com/Pages/Games-Online/LottoAmericaWin.aspx,41e0abcd9ff42dc153ee180a2661e67da833b3520d49348a85a5b6b7db7cf854,077333ce4d1d0b87f772cfefa86f55e5ea06609463ddf7b21e18fa44d10b1bdb
lotto_america,2021-06-19,musl_lotto_america,https://www.powerball.com/draw-result?date=2021-06-19&gc=lotto-america,ef6febc5da2d39ac42c93e749cecc0d9f6bc4e1659fc76c5e43cae4fd76ae203,2f0a114fd1130f72b68ecae5f3e7da18c7ca1ad3f15b01c76658fb64cc86c6fb,iowa_lottery_lotto_america,https://www.ialottery.com/Pages/Games-Online/LottoAmericaWin.aspx,7f9193739e508d50254218de32e6c2ab07fa580be989b54b6d8229d20fdf3862,077333ce4d1d0b87f772cfefa86f55e5ea06609463ddf7b21e18fa44d10b1bdb
lotto_america,2021-06-23,musl_lotto_america,https://www.powerball.com/draw-result?date=2021-06-23&gc=lotto-america,d06ab59e9368a4dd55f173b1787bf40b490affeeba1ab30515dbe83123aa18d4,fde8d98b1c672a8d62853c9d452c5897975b274798c310ec8b4ee79386f36993,iowa_lottery_lotto_america,https://www.ialottery.com/Pages/Games-Online/LottoAmericaWin.aspx,6248d13144b923a62bd68922eb579704c33a82c90b1035c27fef67428a46fc3b,077333ce4d1d0b87f772cfefa86f55e5ea06609463ddf7b21e18fa44d10b1bdb
lotto_america,2021-06-26,musl_lotto_america,https://www.powerball.com/draw-result?date=2021-06-26&gc=lotto-america,84a4437c5fefb00744fb63b738baf5a15278c92141863310796e3b68ecfed0c0,879f6429e61a5004d24e965b1066fea1e149fe9f01ee4bb375c9a441bd7f2582,iowa_lottery_lotto_america,https://www.ialottery.com/Pages/Games-Online/LottoAmericaWin.aspx,4cd6b3e419d898d914a219dfad28a96bf8bf1fbd4847726894f09319e9f79dc1,077333ce4d1d0b87f772cfefa86f55e5ea06609463ddf7b21e18fa44d10b1bdb
lotto_america,2021-06-30,musl_lotto_america,https://www.powerball.com/draw-result?date=2021-06-30&gc=lotto-america,58bfa456947ad87f6bb24b17826a3b02b1ac48950ee6dd0b883a2e6214a09e39,b8c176f861c4414fc906a237517d5779e792b32bbd93749338e7718fc98fa360,iowa_lottery_lotto_america,https://www.ialottery.com/Pages/Games-Online/LottoAmericaWin.aspx,9c5a391fa0baad6310fef738e19bb3440da700da8ef61cf1d3c956568e6091ff,077333ce4d1d0b87f772cfefa86f55e5ea06609463ddf7b21e18fa44d10b1bdb
lotto_america,2021-07-03,musl_lotto_america,https://www.powerball.com/draw-result?date=2021-07-03&gc=lotto-america,8582bd5de07cd3527af36e599c1aeeb738442093ab22bfa7ec4998d80626ad57,0b7f872fe8b704b704f5dcfcef907caf92a846c7b379d9b3f53ee7f43088517f,iowa_lottery_lotto_america,https://www.ialottery.com/Pages/Games-Online/LottoAmericaWin.aspx,d0ddd4ccc73048a11162c2b71a36eef6de58c6ef41f51b369c3abc2d1254b913,077333ce4d1d0b87f772cfefa86f55e5ea06609463ddf7b21e18fa44d10b1bdb
lotto_america,2021-07-07,musl_lotto_america,https://www.powerball.com/draw-result?date=2021-07-07&gc=lotto-america,234009b4759d9eee39a1e991b827c0f34dd6a06445ca4b38240ef4a8d8fc67b8,125683380decd2119cdb8dbac904953c01c8832130bb26378480f41c3e0e3c84,iowa_lottery_lotto_america,https://www.ialottery.com/Pages/Games-Online/LottoAmericaWin.aspx,ee4d7c61fb22f9c15c43d52a016384d48121dd25f00bc1e9d6ee0479f12a4cc5,eadc43dc3e6e5c91d113f1ed02e3b95d1773b2424be46d4b258977a6b406736b
lotto_america,2021-07-10,musl_lotto_america,https://www.powerball.com/draw-result?date=2021-07-10&gc=lotto-america,4533e7c30e5bb64752aa64beb529e20d49801cd0a9a64e7044c825a9b4f2225c,a232cd6c800265a023ee28b2c5e0e0a6214a92238be5dbcdf578f789774b4435,iowa_lottery_lotto_america,https://www.ialottery.com/Pages/Games-Online/LottoAmericaWin.aspx,4f6ab6c207f3f9960b0e2f3e8e63804f1c98271717c9c6a03c5e16d99f049ad4,eadc43dc3e6e5c91d113f1ed02e3b95d1773b2424be46d4b258977a6b406736b
lotto_america,2021-07-14,musl_lotto_america,https://www.powerball.com/draw-result?date=2021-07-14&gc=lotto-america,be51cb8be3b79f8fa0206018185bab87a82e5f0a1a1f201f66392397bac601aa,105b3f91be074865d515cd3db97e4e3cf2e79990065f7b55e30bf71d6c53e035,iowa_lottery_lotto_america,https://www.ialottery.com/Pages/Games-Online/LottoAmericaWin.aspx,f3bb353b20638f2cd651be6631304ccd0d426fac3c57d62ac9b078121ae6b5a2,eadc43dc3e6e5c91d113f1ed02e3b95d1773b2424be46d4b258977a6b406736b
lotto_america,2021-07-17,musl_lotto_america,https://www.powerball.com/draw-result?date=2021-07-17&gc=lotto-america,fc68c5fb78f77d7632abef37986c4589ade3a20c494e218d2a0f9122d99f94d7,4342e554036a7acaa87dbea6bcc56a55aadd6d53db8c4a500bb33ecadff38bb6,iowa_lottery_lotto_america,https://www.ialottery.com/Pages/Games-Online/LottoAmericaWin.aspx,9ce4fe1d67f107f5ce83360e51ac6f55f1a8e5757a1b1c26134ca85965a68500,eadc43dc3e6e5c91d113f1ed02e3b95d1773b2424be46d4b258977a6b406736b
lotto_america,2021-07-21,musl_lotto_america,https://www.powerball.com/draw-result?date=2021-07-21&gc=lotto-america,e7ba3e36f3a34e44869f52e2eea36367325afac23a2a248283da835571fe77e1,3fd94e0e2f005072338e101e06877b6dc53f4f6e9c25dc21d60b0b315c1566e6,iowa_lottery_lotto_america,https://www.ialottery.com/Pages/Games-Online/LottoAmericaWin.aspx,6e598dba899b5b3c830f683bf5ae580b77edd3d49c9d72d2c31fb524c58e6bed,eadc43dc3e6e5c91d113f1ed02e3b95d1773b2424be46d4b258977a6b406736b
lotto_america,2021-07-24,musl_lotto_america,https://www.powerball.com/draw-result?date=2021-07-24&gc=lotto-america,4d102344915535efa987107698db93bf40995c975f38ca2c90ec2d366e0b0513,faf1df26819e26e84c2fee52a534702f82b3183d9fc9e503df71503f871ca0c3,iowa_lottery_lotto_america,https://www.ialottery.com/Pages/Games-Online/LottoAmericaWin.aspx,8448bfd3034f2c9a359b9450ae03338e2d3bc173d84cb4fa1c646688d6ae0fd1,eadc43dc3e6e5c91d113f1ed02e3b95d1773b2424be46d4b258977a6b406736b
lotto_america,2021-07-28,musl_lotto_america,https://www.powerball.com/draw-result?date=2021-07-28&gc=lotto-america,fb79cb0401c6eae31ceaaaed492c8321b4174fa625a492b5c0508d42e0ac00c6,7e3a59217bb87f625b3fa494014f3ff3e82a9827306cc3500a0ba808c02e8162,iowa_lottery_lotto_america,https://www.ialottery.com/Pages/Games-Online/LottoAmericaWin.aspx,29ce458dfb83e00f2266e3bd3e972e4a6df8191ef5403adc127944aa9b374b4b,eadc43dc3e6e5c91d113f1ed02e3b95d1773b2424be46d4b258977a6b406736b
lotto_america,2021-07-31,musl_lotto_america,https://www.powerball.com/draw-result?date=2021-07-31&gc=lotto-america,bff462b965f32bbf4b267a6e9a5cfa0960b6d5f704833164d3aabd9b17bb7765,2f9c6fd8d2e39192fa71b32dc15952f1b3bbf4e6db5ab8c8d3cef70b70356bad,iowa_lottery_lotto_america,https://www.ialottery.com/Pages/Games-Online/LottoAmericaWin.aspx,b4f9a3098cd562dd1c37fe9cfffd19f0d3619800aa48940bc0729f1235612967,eadc43dc3e6e5c91d113f1ed02e3b95d1773b2424be46d4b258977a6b406736b
lotto_america,2021-08-04,musl_lotto_america,https://www.powerball.com/draw-result?date=2021-08-04&gc=lotto-america,8a767c095b24d9a9980d4953ff0ffc7d7d3f23e06d7a0aa64829dd2325f000c5,4bae21431ea0b691eb6e3f93d972dcff3172de894ba203a465fc72355ffe9f23,iowa_lottery_lotto_america,https://www.ialottery.com/Pages/Games-Online/LottoAmericaWin.aspx,3d25efedfe74f613f8f9dfa305a7e965bf51c73e24422eba869ac6eef9353b24,2d354407d3c17c9ce3dba1c06f8c4015924d6e95c3589957c63415929ca277f9
lotto_america,2021-08-07,musl_lotto_america,https://www.powerball.com/draw-result?date=2021-08-07&gc=lotto-america,0c510834fc72100a92533106c7e09417fb591ac3b9c8b29d345cacae2cf5bb8a,676e6eeb3e8e0e7e98d3811d66176c5ed10f1e9cf07454943a8e55aa48a95fd9,iowa_lottery_lotto_america,https://www.ialottery.com/Pages/Games-Online/LottoAmericaWin.aspx,3eb3119f3b55e95a919df81577232bc2e1afe82d11e9dc8a329c554a0f5cfbec,2d354407d3c17c9ce3dba1c06f8c4015924d6e95c3589957c63415929ca277f9
lotto_america,2021-08-11,musl_lotto_america,https://www.powerball.com/draw-result?date=2021-08-11&gc=lotto-america,14171dcb6d7df52df64d0166fde856fc290e3148b20ea89bed7936b85386c7dd,6413ed2f2efa0597f9d6ba3e3b557d9cc8a6b12f3d2f0898edd532dff7b1d4de,iowa_lottery_lotto_america,https://www.ialottery.com/Pages/Games-Online/LottoAmericaWin.aspx,f83268faa69c6e4f38b184c9f148a5278f8accc4b9fd007370dfb1ce4fd8144b,2d354407d3c17c9ce3dba1c06f8c4015924d6e95c3589957c63415929ca277f9
lotto_america,2021-08-14,musl_lotto_america,https://www.powerball.com/draw-result?date=2021-08-14&gc=lotto-america,c0017361c9bdea431595bd7bf81cd9e44f594599fca30974c9c5a51724b333aa,1eafe254d7f2f54d0b2e2df62b7b3d497dbc5619b1edd8040bbcfe9725e29912,iowa_lottery_lotto_america,https://www.ialottery.com/Pages/Games-Online/LottoAmericaWin.aspx,040fa8e9ce23955652d978579dff518dcc5a56fe633d4c20b9e1b13036a8b915,2d354407d3c17c9ce3dba1c06f8c4015924d6e95c3589957c63415929ca277f9
lotto_america,2021-08-18,musl_lotto_america,https://www.powerball.com/draw-result?date=2021-08-18&gc=lotto-america,c6c884c2cff66da9419b0186af9992a669bcd80aac3848026e41f05391811574,78d98251826bdcd299af665dc959679b725778ce3e22095023ac6272d044133c,iowa_lottery_lotto_america,https://www.ialottery.com/Pages/Games-Online/LottoAmericaWin.aspx,e676acd22a409b9284f8c13af99417d0e0abc9b4e9ab8f5357e1af524b6be578,2d354407d3c17c9ce3dba1c06f8c4015924d6e95c3589957c63415929ca277f9
lotto_america,2021-08-21,musl_lotto_america,https://www.powerball.com/draw-result?date=2021-08-21&gc=lotto-america,323f543d993443b5e1e385afc861893854866fa6cde6a6a5a568dd6f9de557e3,f7b43cd2da60fa9445f7ea32c378c80012afb34ff0ed43c3363961b4b146592d,iowa_lottery_lotto_america,https://www.ialottery.com/Pages/Games-Online/LottoAmericaWin.aspx,5665db73b8b04336b9ffd92ab7b25008a8949e7056146c1ea65699b2020c2e88,2d354407d3c17c9ce3dba1c06f8c4015924d6e95c3589957c63415929ca277f9
lotto_america,2021-08-25,musl_lotto_america,https://www.powerball.com/draw-result?date=2021-08-25&gc=lotto-america,e324dc49858a02b7634302490704fe839a58f01d2f29c64d76426a88d5b72526,3e7ebe87f33d080dc5d590356ef43e16a3548fa26e581aa78e09c3302d7a02ec,iowa_lottery_lotto_america,https://www.ialottery.com/Pages/Games-Online/LottoAmericaWin.aspx,d3bcc46e1790f6bfc153c86d882681a03b3839752ff21499980319ffd90ccc2f,2d354407d3c17c9ce3dba1c06f8c4015924d6e95c3589957c63415929ca277f9
lotto_america,2021-08-28,musl_lotto_america,https://www.powerball.com/draw-result?date=2021-08-28&gc=lotto-america,993cdb973743f31f4fefd93b950845e4bd29dae61452688678b5a0c02ce9f498,c21c5625451432c226b8bfcbda7f563aae62b765c66d3284321d65af69fc9796,iowa_lottery_lotto_america,https://www.ialottery.com/Pages/Games-Online/LottoAmericaWin.aspx,6586f80e21f76440cd84e277824c2627c2f25847819a00e9c9eb21fbec4f63b0,2d354407d3c17c9ce3dba1c06f8c4015924d6e95c3589957c63415929ca277f9
lotto_america,2021-09-01,musl_lotto_america,https://www.powerball.com/draw-result?date=2021-09-01&gc=lotto-america,34e1f79d3fcf9deb8db9d9254313696ef8b5c95efdf15039798705ac9a8a376a,1fb2b949afd8cf1acc3a92df73ac99b9374c43424da17acd304e283cae80d7fd,iowa_lottery_lotto_america,https://www.ialottery.com/Pages/Games-Online/LottoAmericaWin.aspx,10f69a9be1b9431f6a517a82025b35bbfacee83ed262bbebca4e91aadc27ccac,2d354407d3c17c9ce3dba1c06f8c4015924d6e95c3589957c63415929ca277f9
lotto_america,2021-09-04,musl_lotto_america,https://www.powerball.com/draw-result?date=2021-09-04&gc=lotto-america,034441680238b7481d7d85b5a7e2780c5ba49ee2578d55964048bda0d0932627,dcaa39012bca9e7597d5bd91f68589cc9d7c8051ef20367d5f66651a4ef62549,iowa_lottery_lotto_america,https://www.ialottery.com/Pages/Games-Online/LottoAmericaWin.aspx,1e078afb4192d7a4e74c9ac3e93c715fc13fe705b20967c23a02aefaed9ac77b,047f24b5eab8695aadf3022508b60ae2da4b7dab942662b49766d82cd302dcf0
lotto_america,2021-09-08,musl_lotto_america,https://www.powerball.com/draw-result?date=2021-09-08&gc=lotto-america,7a3ffd70c1d8cbc527ec35791a0e2f1b20a0ad728925772997743a6b7a94926b,61daad70bc4a5e507b6326888e81fb6f6c0641fe142cd9a948f747c3ff310ef6,iowa_lottery_lotto_america,https://www.ialottery.com/Pages/Games-Online/LottoAmericaWin.aspx,822c3992cd1c0d473003c505ee8dc191d352e649f02e9fc08d118b4ebafdcd76,047f24b5eab8695aadf3022508b60ae2da4b7dab942662b49766d82cd302dcf0
lotto_america,2021-09-11,musl_lotto_america,https://www.powerball.com/draw-result?date=2021-09-11&gc=lotto-america,fb14df12da88338e19126c38ef6551b202b67e26cf2a020141c3e24f4553ffc0,f3851e0c9d30403e53926af596b7dee827a4e265dc2dc820b8905d57c7c225f8,iowa_lottery_lotto_america,https://www.ialottery.com/Pages/Games-Online/LottoAmericaWin.aspx,5d6207dcc1236d120e8decc8f4b7a2dee4bd9fd40473642b74a767ca4a6d7942,047f24b5eab8695aadf3022508b60ae2da4b7dab942662b49766d82cd302dcf0
lotto_america,2021-09-15,musl_lotto_america,https://www.powerball.com/draw-result?date=2021-09-15&gc=lotto-america,747733875e3bb6d993df79040d68fd1e4fb2a767ba6847cfe6a940ce18fdd90b,f46ded6829161b94f077c93a8477042964d8877c7cbbbf49fc484ca82928ad57,iowa_lottery_lotto_america,https://www.ialottery.com/Pages/Games-Online/LottoAmericaWin.aspx,5c0ea43059ad72ec0852bd5619a482adcdd75e93b47f21f339cd7eb18648bd3b,047f24b5eab8695aadf3022508b60ae2da4b7dab942662b49766d82cd302dcf0
lotto_america,2021-09-18,musl_lotto_america,https://www.powerball.com/draw-result?date=2021-09-18&gc=lotto-america,0286b4399bd2cdc31e8d8ad442dc0437350ce1e0fbd103e317519ba2604dc726,113133c8cbce7411e29cd4b0054052a066fe92883fef7213df85157b552a82d6,iowa_lottery_lotto_america,https://www.ialottery.com/Pages/Games-Online/LottoAmericaWin.aspx,5b0f1b863bd8a54ae3cd131a1fa44a0487e9a7cac0dadd7cdac8ae99e76f4559,047f24b5eab8695aadf3022508b60ae2da4b7dab942662b49766d82cd302dcf0
lotto_america,2021-09-22,musl_lotto_america,https://www.powerball.com/draw-result?date=2021-09-22&gc=lotto-america,6a3edf90df7237766e6ca656d8ac34ec8ba0e2cf0b77ce4343b3123fb58b3eed,c7650ff0c7212dd27c0de236ef1897cdc613f0070c8c1f0cde983fdf5c8e956d,iowa_lottery_lotto_america,https://www.ialottery.com/Pages/Games-Online/LottoAmericaWin.aspx,428374c30b9a4d1aac49baf31d06767545868535748c3040e73bb3d336f7035b,047f24b5eab8695aadf3022508b60ae2da4b7dab942662b49766d82cd302dcf0
lotto_america,2021-09-25,musl_lotto_america,https://www.powerball.com/draw-result?date=2021-09-25&gc=lotto-america,32a07b1a8a89f95eef9d04b74c20ed57a87d9a54ed80f315a6b55e90aaedd626,1860be4f7305372ef3c2037b2f5a2ba23590a7e0cbcbea863af66d2216f39675,iowa_lottery_lotto_america,https://www.ialottery.com/Pages/Games-Online/LottoAmericaWin.aspx,e4516bffc45a0f14398d4c8993dd6baa6c7f628d7e9860c7a6d6432352fbb2b5,047f24b5eab8695aadf3022508b60ae2da4b7dab942662b49766d82cd302dcf0
lotto_america,2021-09-29,musl_lotto_america,https://www.powerball.com/draw-result?date=2021-09-29&gc=lotto-america,13cd361524ca30569e2e42fda587b1ec4dfc89f987e25aa9da40eef71f190a30,fbdd1a1ff0f70bc64be62dfa2ddd73af2ec7b9d69aaf04f078c50e8e5747aaa3,iowa_lottery_lotto_america,https://www.ialottery.com/Pages/Games-Online/LottoAmericaWin.aspx,1298c98dc06b05dea82a095b1e2c6311b8725b78241483213c377e8046497630,047f24b5eab8695aadf3022508b60ae2da4b7dab942662b49766d82cd302dcf0
lotto_america,2021-10-02,musl_lotto_america,https://www.powerball.com/draw-result?date=2021-10-02&gc=lotto-america,09d0abb482db0958a9adda7f7d839ccd1cf2d40394895a8397e3c3d7fd11b376,a90f6d2206970428c16feda7c5a8f59d57a6b323c4d7d6480a9c6f309d7e83d4,iowa_lottery_lotto_america,https://www.ialottery.com/Pages/Games-Online/LottoAmericaWin.aspx,5472e3007c9c356b5a9c4bf22dc173e501f22f912f10787123b7d5def6df8177,047f24b5eab8695aadf3022508b60ae2da4b7dab942662b49766d82cd302dcf0
lotto_america,2021-10-06,musl_lotto_america,https://www.powerball.com/draw-result?date=2021-10-06&gc=lotto-america,2e8dbbae52f0fccd374f3e392b124a24d1dbd3248e620c682a66a126ab404400,3929ca9de51f7d0fece4095249bd5f3286c75e260e2504e36d0aee32b444fb7d,iowa_lottery_lotto_america,https://www.ialottery.com/Pages/Games-Online/LottoAmericaWin.aspx,bdb88ad659eaa0cdf4987dcbd126f8e20b19391a0575d8d9e83b93b485dbbc42,2233157548d995bf30d8d5d11bc7faa2d8a3e9a2af6657e257e8d14e397688ee
lotto_america,2021-10-09,musl_lotto_america,https://www.powerball.com/draw-result?date=2021-10-09&gc=lotto-america,2284a2b43ed01cef3ee629f26b0797feb4ef1dd517465545fe78b58aac1fd739,2eb1620d4d1adfbf8e043a143924408589d3e94a4686e050d42f8587772507ab,iowa_lottery_lotto_america,https://www.ialottery.com/Pages/Games-Online/LottoAmericaWin.aspx,fa5aaf81622e2c659fdbae76f5ac39f33ebc99400bbb128a575ebf3631072c3c,2233157548d995bf30d8d5d11bc7faa2d8a3e9a2af6657e257e8d14e397688ee
lotto_america,2021-10-13,musl_lotto_america,https://www.powerball.com/draw-result?date=2021-10-13&gc=lotto-america,a5d545521af8e787c10a928de9eaca70be17cde7bf4d02ed2417b47df4c5f23f,0020aae27d2312b6ee3ac33bcae5a3ff0e3b8ee314253b05dae1fcc7f975bb2b,iowa_lottery_lotto_america,https://www.ialottery.com/Pages/Games-Online/LottoAmericaWin.aspx,b05d973abcd0a07bb282835c5e6738f40e6d135c01c946ca721500e1b2d643fc,2233157548d995bf30d8d5d11bc7faa2d8a3e9a2af6657e257e8d14e397688ee
lotto_america,2021-10-16,musl_lotto_america,https://www.powerball.com/draw-result?date=2021-10-16&gc=lotto-america,c7d16698f34ab260f4132d756afd935e47dd7b1f35574c2f38e44ff64400b09e,954197ca5732816ef44e3b30a02648c38417cfca86081ead757d2c5d82a244ff,iowa_lottery_lotto_america,https://www.ialottery.com/Pages/Games-Online/LottoAmericaWin.aspx,713619a1ab6cd73a61c0b00660cc49578fa09d556e919430cd01bfc970306022,2233157548d995bf30d8d5d11bc7faa2d8a3e9a2af6657e257e8d14e397688ee
lotto_america,2021-10-20,musl_lotto_america,https://www.powerball.com/draw-result?date=2021-10-20&gc=lotto-america,aa4f3f316d14445db6ca7a313c118e8fc263c2df603535841350d49b28ada311,28958ecef28fb00d0908e315878f90df1f640a3fafa0c3c3853d7b79db04c2aa,iowa_lottery_lotto_america,https://www.ialottery.com/Pages/Games-Online/LottoAmericaWin.aspx,b2193fe8da2d7070ca98ecce3cdfe3f616c3d668fdbb553e363c0a0f4f4dd332,2233157548d995bf30d8d5d11bc7faa2d8a3e9a2af6657e257e8d14e397688ee
lotto_america,2021-10-23,musl_lotto_america,https://www.powerball.com/draw-result?date=2021-10-23&gc=lotto-america,406e09e3d26c5a3cfb6e95a57893a92397ec1659dc195536498a7784746d5535,812bab6fb02e68080491f81bd80587677dac4f439e8bc3e513db111c2c5e0eaa,iowa_lottery_lotto_america,https://www.ialottery.com/Pages/Games-Online/LottoAmericaWin.aspx,a5b1ac2c8a2db33b746f1dc2073a52530179249b7234681e1e73dfde9a785420,2233157548d995bf30d8d5d11bc7faa2d8a3e9a2af6657e257e8d14e397688ee
lotto_america,2021-10-27,musl_lotto_america,https://www.powerball.com/draw-result?date=2021-10-27&gc=lotto-america,106131e58fd8c95e0a9e377d26dcc767f053eef46c6d82ae896e4e71e5957b29,ef9278f3ae52e9c5ce8c56158f2681f3436bff798cfb42c0dbf4bd2556994a1b,iowa_lottery_lotto_america,https://www.ialottery.com/Pages/Games-Online/LottoAmericaWin.aspx,be952c965affd18ea8057396647e2854bcf083a17a98ddb837c771a846fdd604,2233157548d995bf30d8d5d11bc7faa2d8a3e9a2af6657e257e8d14e397688ee
lotto_america,2021-10-30,musl_lotto_america,https://www.powerball.com/draw-result?date=2021-10-30&gc=lotto-america,1ff2ac127e6e68b41e8a29894fb48997daaf1c46df4e7334cf808944a53b9c2f,860d26cb035e504a983f05271212a15e665bc2bd498711f190125fb27ac5d177,iowa_lottery_lotto_america,https://www.ialottery.com/Pages/Games-Online/LottoAmericaWin.aspx,144baa9f11ed25bdf306388b32da7a3b48defa7d95902cc3680c3ed94228bacf,2233157548d995bf30d8d5d11bc7faa2d8a3e9a2af6657e257e8d14e397688ee
lotto_america,2021-11-03,musl_lotto_america,https://www.powerball.com/draw-result?date=2021-11-03&gc=lotto-america,24f79a5b191eef5a1e1ff39ed469b0c4275906e01cfbc6fe47dc655209b0ebdf,d927510fcc397f4a0e1f0bd7e66c7f1ef4b615f84635080324c4fa4cfa50664c,iowa_lottery_lotto_america,https://www.ialottery.com/Pages/Games-Online/LottoAmericaWin.aspx,46d0e339649753706104673e1eb5feb9e79fb9e3fed90703ff36e4a0e99b41b3,ad85564e8964eb60b7c085bfbb8ee9e3c432fa679d4ac9f9b4ea4e8d2c081c4a
lotto_america,2021-11-06,musl_lotto_america,https://www.powerball.com/draw-result?date=2021-11-06&gc=lotto-america,eca6d5578ad54a1796ab4efd7128a5d624503109a1f6d641a2375d8089b6f2af,a9475348ee011b2b37aa238e0fa4aeb8f7dac61f8e825289c74c08a53663256d,iowa_lottery_lotto_america,https://www.ialottery.com/Pages/Games-Online/LottoAmericaWin.aspx,4e98936c8f6cbfbba7406474e05b18732b20243005c4d6922f4ee1b6f21bc1bc,ad85564e8964eb60b7c085bfbb8ee9e3c432fa679d4ac9f9b4ea4e8d2c081c4a
lotto_america,2021-11-10,musl_lotto_america,https://www.powerball.com/draw-result?date=2021-11-10&gc=lotto-america,6ab54528806bd97408b62f89c284a63e9ca90e08886ecea43de631914f590b26,e0d26acd8cd4b68c4cff62c46434757166fa389a6c4e17f5c56c7a2e9bfd2619,iowa_lottery_lotto_america,https://www.ialottery.com/Pages/Games-Online/LottoAmericaWin.aspx,934747fed770a8a62360c2b93e2ee8cd4f3c820febeb5bff59cce01389605a4d,ad85564e8964eb60b7c085bfbb8ee9e3c432fa679d4ac9f9b4ea4e8d2c081c4a
lotto_america,2021-11-13,musl_lotto_america,https://www.powerball.com/draw-result?date=2021-11-13&gc=lotto-america,32d1e6e41f4dd146e435bc3fff2600ffab3e45c0454640f70d3cca208132d812,5b017557306aaa184063594c28b8c60d3abea57d7b2fe5639316acc03ee08003,iowa_lottery_lotto_america,https://www.ialottery.com/Pages/Games-Online/LottoAmericaWin.aspx,3a0e8e8e44efbdc3453a2a90fe14e94dcb5fab920c4e767e0938ae7cbd44ff35,ad85564e8964eb60b7c085bfbb8ee9e3c432fa679d4ac9f9b4ea4e8d2c081c4a
lotto_america,2021-11-17,musl_lotto_america,https://www.powerball.com/draw-result?date=2021-11-17&gc=lotto-america,61ab4e14f3a0c6b26f6b684fac7fa8c88804b9bd9126dba3564e48bc836973d6,61b7f6f07eacfe0f457cbb539f2c46b235b5eb34975eef1aca548f606c17fcee,iowa_lottery_lotto_america,https://www.ialottery.com/Pages/Games-Online/LottoAmericaWin.aspx,0647c12151ba410f0e31b4797001061d39d32717f02e89cf8f45de2263409ab9,ad85564e8964eb60b7c085bfbb8ee9e3c432fa679d4ac9f9b4ea4e8d2c081c4a
lotto_america,2021-11-20,musl_lotto_america,https://www.powerball.com/draw-result?date=2021-11-20&gc=lotto-america,e137d365f94e8796d1cf9aa58c54e2c6d38eab636e3d218c532a97019f263ad5,a563d590a2bb09b904e88aaab66c14a6443e4d630d67eea5d414a1f2eccb72c9,iowa_lottery_lotto_america,https://www.ialottery.com/Pages/Games-Online/LottoAmericaWin.aspx,21e48767ccf3e2b859ed7bd66666d5f34fa0ea9a01f9bc5376bab3dbbd3006a9,ad85564e8964eb60b7c085bfbb8ee9e3c432fa679d4ac9f9b4ea4e8d2c081c4a
lotto_america,2021-11-24,musl_lotto_america,https://www.powerball.com/draw-result?date=2021-11-24&gc=lotto-america,5169b6393378325a8a5f8156f2ae5d289efc199794145cdcaea875f00acccedf,baae5ec176c7e2da7fb09b62ea1e1d08b9436b86e8e8794b25035661ff21d542,iowa_lottery_lotto_america,https://www.ialottery.com/Pages/Games-Online/LottoAmericaWin.aspx,1674fc0f8d4f01c484f97262fc5035f88f71af5b325d3d67d633b7200eefd8cc,ad85564e8964eb60b7c085bfbb8ee9e3c432fa679d4ac9f9b4ea4e8d2c081c4a
lotto_america,2021-11-27,musl_lotto_america,https://www.powerball.com/draw-result?date=2021-11-27&gc=lotto-america,571dd7bf9631691ec83353845e38984ca9fe6160d2e01b63af814641936c50e5,b6859bcd61d5d255d546a8bf9b64882ba9708fae2cc653657a3f62ac6f2aaeed,iowa_lottery_lotto_america,https://www.ialottery.com/Pages/Games-Online/LottoAmericaWin.aspx,b4447a4ad10ec9d9e16a52b59765bdfdabae2765d79cd72d7191de9e35c5cdcf,ad85564e8964eb60b7c085bfbb8ee9e3c432fa679d4ac9f9b4ea4e8d2c081c4a
lotto_america,2021-12-01,musl_lotto_america,https://www.powerball.com/draw-result?date=2021-12-01&gc=lotto-america,5d3766c92a054a1840ef233cf3ffe702a1f504949a2047c7343f7c72582405a9,6c379d8694808647f96a952230cca5398ca68a0aba054227b4ee7fb995400e95,iowa_lottery_lotto_america,https://www.ialottery.com/Pages/Games-Online/LottoAmericaWin.aspx,a4110b781bd3da5f34ac1f337ba9e297d8da2483f4346b6cf1761bbf22d6e804,ad85564e8964eb60b7c085bfbb8ee9e3c432fa679d4ac9f9b4ea4e8d2c081c4a
lotto_america,2021-12-04,musl_lotto_america,https://www.powerball.com/draw-result?date=2021-12-04&gc=lotto-america,cef000897564516e7c79b9497cea2c63c0eab1635ca82541ee1921d91ea14c02,6341088ff1392c4ab4a1ee94a0ffb8dc8b1d65de8ff22cd7e5239a1ac52293a5,iowa_lottery_lotto_america,https://www.ialottery.com/Pages/Games-Online/LottoAmericaWin.aspx,244693e250e057d182fdf2d783fb0542983259e86553ea76125473949c3fe7cb,8ee2f8f18335e006428438dec71f127d0de3751954038fcdacd112cbf2759b80
lotto_america,2021-12-08,musl_lotto_america,https://www.powerball.com/draw-result?date=2021-12-08&gc=lotto-america,1efc9ac9cb628fe84f178d7e6d096625b1c4b644dfb6862b9515571923530db4,52e5ed60c57a2edf63bfb89b59912ee1d02b9a6815b30d083ff791090f587bc8,iowa_lottery_lotto_america,https://www.ialottery.com/Pages/Games-Online/LottoAmericaWin.aspx,2524ed5d800933546fa3cb7cbc85d78c4fd1618ccd460faadc1bdbb20b1c45f3,8ee2f8f18335e006428438dec71f127d0de3751954038fcdacd112cbf2759b80
lotto_america,2021-12-11,musl_lotto_america,https://www.powerball.com/draw-result?date=2021-12-11&gc=lotto-america,af2f19ed35e711fea809efe56daad41be64b7d15d4e8b8bd268a77a90c47a0f6,b291985bb5a93898af10914ff09903ce13bb6bd0cdb90663bdacbb9d88843afd,iowa_lottery_lotto_america,https://www.ialottery.com/Pages/Games-Online/LottoAmericaWin.aspx,f2c932a4e2d22097463dde6acb1d7fb06362682c672e0b40fbb458d31dedd1a5,8ee2f8f18335e006428438dec71f127d0de3751954038fcdacd112cbf2759b80
lotto_america,2021-12-15,musl_lotto_america,https://www.powerball.com/draw-result?date=2021-12-15&gc=lotto-america,36728e3dd9e1f7d555091ea1f8328c950a265927c4e9d706305915fc762cb5c7,454dd812e25bca271adb893467495925ec570dfd899ead506d769376336e947d,iowa_lottery_lotto_america,https://www.ialottery.com/Pages/Games-Online/LottoAmericaWin.aspx,8b0a8d5a45996122d0d89fd3daf56502d9240592dff8ec3b2454f8b1815791b2,8ee2f8f18335e006428438dec71f127d0de3751954038fcdacd112cbf2759b80
lotto_america,2021-12-18,musl_lotto_america,https://www.powerball.com/draw-result?date=2021-12-18&gc=lotto-america,e646908fc3d6d3f34d8d4e07dd53fb2073ea7c93ef4cb362467a63f09dc96c6b,47f9f88bd64bc9155f6d477f971be35128d215b45a21f197666ddbb61f53c9c2,iowa_lottery_lotto_america,https://www.ialottery.com/Pages/Games-Online/LottoAmericaWin.aspx,a8c3a4397f2a5e45f599f55946728205bfd801976f9b341430c72f232d1d32d6,8ee2f8f18335e006428438dec71f127d0de3751954038fcdacd112cbf2759b80
lotto_america,2021-12-22,musl_lotto_america,https://www.powerball.com/draw-result?date=2021-12-22&gc=lotto-america,9f0a36ee61e7f5b41da3041124247fc226c541bf1d34887951ca7b09e3b3f70c,46cc073982e8464a54df17493ad47b1da0cfbd7bbb98e0bbee165e0c02d75b29,iowa_lottery_lotto_america,https://www.ialottery.com/Pages/Games-Online/LottoAmericaWin.aspx,2c89283c693ea55590b4fc605c85bfbba745f6bdd474e6492dcb15b6df1aee61,8ee2f8f18335e006428438dec71f127d0de3751954038fcdacd112cbf2759b80
lotto_america,2021-12-25,musl_lotto_america,https://www.powerball.com/draw-result?date=2021-12-25&gc=lotto-america,f37bad05e88fa20026bb390ae5d9439d7c20481d1d59444ea8d7dc116183e847,15d9aefc8a3d516c9a0e3337d59dcdaeed4ee7068960f85698c555ad8c6aa58b,iowa_lottery_lotto_america,https://www.ialottery.com/Pages/Games-Online/LottoAmericaWin.aspx,494abb0e2e327f20bce6539ff7ed352f2be72e2112f604984b5a9f7517e4c278,8ee2f8f18335e006428438dec71f127d0de3751954038fcdacd112cbf2759b80
lotto_america,2021-12-29,musl_lotto_america,https://www.powerball.com/draw-result?date=2021-12-29&gc=lotto-america,9f45f7654a53178480110740b570efeb50a2a3080278276bf65b820463bf8b97,e610c491b4e81a8eb2bab2b92039224d12a5e0f4e984825b9326ed75286eb5e5,iowa_lottery_lotto_america,https://www.ialottery.com/Pages/Games-Online/LottoAmericaWin.aspx,b5b1c2e8370429570e6503dc7ba3a3dd59c2a4808f5175c1b673c97544d09abf,8ee2f8f18335e006428438dec71f127d0de3751954038fcdacd112cbf2759b80
lotto_america,2022-01-01,musl_lotto_america,https://www.powerball.com/draw-result?date=2022-01-01&gc=lotto-america,ff0892430ba5695ab091b2c7b5fb7c8f43bd8dfc056ca8c06bab940443c41efc,a09c758113217bf17c926d085167ebe6271fd2eba6adf2a49d2775f07baa2a4c,iowa_lottery_lotto_america,https://www.ialottery.com/Pages/Games-Online/LottoAmericaWin.aspx,58a740e9bde0901e9263b3be2b6185d9f15b349c5731a8b72bed788a70e673b2,8ee2f8f18335e006428438dec71f127d0de3751954038fcdacd112cbf2759b80
lotto_america,2022-01-05,musl_lotto_america,https://www.powerball.com/draw-result?date=2022-01-05&gc=lotto-america,655af230c47428d0d4b4eab17256934241446c644be86af86ef1a1e38d6a3e5d,4985586d1b2ff0f86d060278bccc82370f983cf98ad883ab3e714fb044e24084,iowa_lottery_lotto_america,https://www.ialottery.com/Pages/Games-Online/LottoAmericaWin.aspx,788da26d33f75623580557e6654f15f0523d6af1f57c9f292707ffa24665507c,f97118bc6992cad3cfeeb6ad69c5a6a62fe6e9a9eb60437eef213dab0fd7f134
lotto_america,2022-01-08,musl_lotto_america,https://www.powerball.com/draw-result?date=2022-01-08&gc=lotto-america,738c85e3a307890fcbd7585249cfed1fceaca455c4d9a20cce200bf3eecf5fd2,29f31066dbb0302cd07dfbb793fd4c5af22af1597b78e8c980c6da8320075a24,iowa_lottery_lotto_america,https://www.ialottery.com/Pages/Games-Online/LottoAmericaWin.aspx,1e78bd3cd428ed6f8b415d2b4af59c14108a28e7453ad568b2ee5bda4ef1e183,f97118bc6992cad3cfeeb6ad69c5a6a62fe6e9a9eb60437eef213dab0fd7f134
lotto_america,2022-01-12,musl_lotto_america,https://www.powerball.com/draw-result?date=2022-01-12&gc=lotto-america,6fd50b3587dae05244c5a1ca85cc09d92637c1964d2b98e6ad7f16676c16e49e,4a2fc65fc95bb873fb86e5e41340640bb86011ead684e610da072a6c34f4be86,iowa_lottery_lotto_america,https://www.ialottery.com/Pages/Games-Online/LottoAmericaWin.aspx,1635a940986033ac08d7bfb0cebcddb024810bcc9240a2f685328f365b726fd5,f97118bc6992cad3cfeeb6ad69c5a6a62fe6e9a9eb60437eef213dab0fd7f134
lotto_america,2022-01-15,musl_lotto_america,https://www.powerball.com/draw-result?date=2022-01-15&gc=lotto-america,fc5917a72ef7947f5dbbc19ea92e17ab890a98f69f54b7e700eb39fa5a0cbe89,86386ea45cf2be56f281e123ebd0a7e199b35309a6c9989df09056166519c247,iowa_lottery_lotto_america,https://www.ialottery.com/Pages/Games-Online/LottoAmericaWin.aspx,e170e2f90645e84461ae4ca956a184d7f2de32475121e4dd91f690b98ee17a88,f97118bc6992cad3cfeeb6ad69c5a6a62fe6e9a9eb60437eef213dab0fd7f134
lotto_america,2022-01-19,musl_lotto_america,https://www.powerball.com/draw-result?date=2022-01-19&gc=lotto-america,8c5dc84c415dd934ede71982179885c35b038e63ddf27671549753d79099fda0,7768451bb45a37e57571c251427d318138f24b93dde436f2049d0a111ce27457,iowa_lottery_lotto_america,https://www.ialottery.com/Pages/Games-Online/LottoAmericaWin.aspx,1fe0618c4ec138d98726bc688d50d4d3ad596de0f7022f3d2258053f3efd3382,f97118bc6992cad3cfeeb6ad69c5a6a62fe6e9a9eb60437eef213dab0fd7f134
lotto_america,2022-01-22,musl_lotto_america,https://www.powerball.com/draw-result?date=2022-01-22&gc=lotto-america,d579f09c6a38121a4ef90f627d283af8bba73a4aa54dd910887aa262a22f5c93,7d14d854590d28cd703bb3a35dd04abe8764a27db056785c3d0c4ed011cd64c5,iowa_lottery_lotto_america,https://www.ialottery.com/Pages/Games-Online/LottoAmericaWin.aspx,e68f9933d5318732b28d562f5fed72fa32da99a22959013465951baafc6dfb93,f97118bc6992cad3cfeeb6ad69c5a6a62fe6e9a9eb60437eef213dab0fd7f134
lotto_america,2022-01-26,musl_lotto_america,https://www.powerball.com/draw-result?date=2022-01-26&gc=lotto-america,4a2631514781d42228be9c63683a970ce6133b11efe63424c00330016ccd3ed2,01fa48c217641a6de69028bc16b5696c143704770ff05ff3359c1a816f665098,iowa_lottery_lotto_america,https://www.ialottery.com/Pages/Games-Online/LottoAmericaWin.aspx,52383bd42227f9ad3ef3cc0ac6969b1af7c00e8cffc712f6a699e0ff3ee7a037,f97118bc6992cad3cfeeb6ad69c5a6a62fe6e9a9eb60437eef213dab0fd7f134
lotto_america,2022-01-29,musl_lotto_america,https://www.powerball.com/draw-result?date=2022-01-29&gc=lotto-america,92c2f8b08054a782eb67ab07158ea18693f1b251d82df0f659096846c1869160,ed64c53e997096a0227044b18e3b152178cb46a02d970769e6591d71e08f1e47,iowa_lottery_lotto_america,https://www.ialottery.com/Pages/Games-Online/LottoAmericaWin.aspx,f67f660ded490686b89fd0db01ad7a5c6a65f679df2f09198dfe932d3599ca88,f97118bc6992cad3cfeeb6ad69c5a6a62fe6e9a9eb60437eef213dab0fd7f134
lotto_america,2022-02-02,musl_lotto_america,https://www.powerball.com/draw-result?date=2022-02-02&gc=lotto-america,a1aab4f86e234761eb0a1093fc0ba7f6d0d566e3be1af2e4bc56f5b75d41f6b3,29134ce32068356536f080e0e5018de9f0bb3f02844db06b3c61a511d27684fd,iowa_lottery_lotto_america,https://www.ialottery.com/Pages/Games-Online/LottoAmericaWin.aspx,d7baf5e8d12af29ba76d5c960e0f82f302e119a5a31ff66113068488cb413044,5036bb4d92119e08ff25a4004d4fb914cc5eb30900d7503d898f780be8a8f634
lotto_america,2022-02-05,musl_lotto_america,https://www.powerball.com/draw-result?date=2022-02-05&gc=lotto-america,3706aae060ffd6e5ac7a7b6601cd5173cafdcd53cad1f5788b0c08e4c7dde07f,3f051f5c61f0556c6109db302b461e44de9db562a04439cbf32f19d989e985f7,iowa_lottery_lotto_america,https://www.ialottery.com/Pages/Games-Online/LottoAmericaWin.aspx,215f5654b7abd8c08a564ae60805e75b21438f603a1cc638838c91275998bb89,5036bb4d92119e08ff25a4004d4fb914cc5eb30900d7503d898f780be8a8f634
lotto_america,2022-02-09,musl_lotto_america,https://www.powerball.com/draw-result?date=2022-02-09&gc=lotto-america,772524cbe797a35eba20cdb721dfc278155fd1e52ad0ba546f5e56935eaa1393,a5cfa56ee2978529cf1d02b9e0a7e5ed28b96b024e9dac0fb043262c5891588b,iowa_lottery_lotto_america,https://www.ialottery.com/Pages/Games-Online/LottoAmericaWin.aspx,2488f591c3af2f91aca97d20b1612fee2f421ed82bdf061b85523e0e708bc7d7,5036bb4d92119e08ff25a4004d4fb914cc5eb30900d7503d898f780be8a8f634
lotto_america,2022-02-12,musl_lotto_america,https://www.powerball.com/draw-result?date=2022-02-12&gc=lotto-america,cbba0a6f8f26e7d7262fd6d3df821086df82216dfc4791c3c40d63f71b42e814,7d294f03c039c1a6b18531d3c84ef98fe67b6817bed989c8d3f98b492e28c98e,iowa_lottery_lotto_america,https://www.ialottery.com/Pages/Games-Online/LottoAmericaWin.aspx,f0342d8fa2e08f02f73bcc97986662b5b66224a6b697d276208ebed5c095cc63,5036bb4d92119e08ff25a4004d4fb914cc5eb30900d7503d898f780be8a8f634
lotto_america,2022-02-16,musl_lotto_america,https://www.powerball.com/draw-result?date=2022-02-16&gc=lotto-america,e76b7a7e81f3ec7bad3013d83c5f7569ddd701b3cdf08831377a9a1d9e1102da,27e586506dc222d5cb1550482b5048ffcc6405d751f68a29746f2d86a0c596b5,iowa_lottery_lotto_america,https://www.ialottery.com/Pages/Games-Online/LottoAmericaWin.aspx,28b342663503feed1a91daadc23bee2b056c2c54402b723c7422723f76d1ead8,5036bb4d92119e08ff25a4004d4fb914cc5eb30900d7503d898f780be8a8f634
lotto_america,2022-02-19,musl_lotto_america,https://www.powerball.com/draw-result?date=2022-02-19&gc=lotto-america,7e16995d59ed7f907a0d66a4d0474f3bb2a0b0337f6cfa6771d291d2ab220f09,3dedef23295df2dcca66cbe1459561847bdcc80bdb746cfcac48a305a7e9faab,iowa_lottery_lotto_america,https://www.ialottery.com/Pages/Games-Online/LottoAmericaWin.aspx,0ff15c9e650bb4d0df867ba820e2b5e21a908b17b842ebdcb1493059ee3c6f35,5036bb4d92119e08ff25a4004d4fb914cc5eb30900d7503d898f780be8a8f634
lotto_america,2022-02-23,musl_lotto_america,https://www.powerball.com/draw-result?date=2022-02-23&gc=lotto-america,7218c7068087754c96ee4b1861f7a901b751bde4795205ac69619ac365cd9c2d,eb3fa58cdf48119e88681fb65749aad92f4fc46ab2bf659219f12df7252a4c1e,iowa_lottery_lotto_america,https://www.ialottery.com/Pages/Games-Online/LottoAmericaWin.aspx,e8f6d00bdf8e8cf446594536eab8fbea60b40d511fd7f0edfc3220fb7dbdfdb3,5036bb4d92119e08ff25a4004d4fb914cc5eb30900d7503d898f780be8a8f634
lotto_america,2022-02-26,musl_lotto_america,https://www.powerball.com/draw-result?date=2022-02-26&gc=lotto-america,d05229cb64d83452f6164338583266a92baab06b13eb8463daaa7928644d8754,1549406d408a1c12b774b504ffd31f8374ad77c53aa2d0f9ce0f9c4aa51f9d6d,iowa_lottery_lotto_america,https://www.ialottery.com/Pages/Games-Online/LottoAmericaWin.aspx,7ea102b62421e05f89f039128003b3a0a206651f0a5374041ad4daf4c2c2bde9,5036bb4d92119e08ff25a4004d4fb914cc5eb30900d7503d898f780be8a8f634
lotto_america,2022-03-02,musl_lotto_america,https://www.powerball.com/draw-result?date=2022-03-02&gc=lotto-america,f27160d826517ed7e78b91f9729a9339b1d0979f3eda88d47fda799a57b7c121,871899859e880cbe25afd3f140668e48c32a0f4567cf19dd25147d411c87c5b3,iowa_lottery_lotto_america,https://www.ialottery.com/Pages/Games-Online/LottoAmericaWin.aspx,7b31374da08792b8ae3a68a313a42b24c2f3a464e6f62c4ffea56af45575e011,5036bb4d92119e08ff25a4004d4fb914cc5eb30900d7503d898f780be8a8f634
lotto_america,2022-03-05,musl_lotto_america,https://www.powerball.com/draw-result?date=2022-03-05&gc=lotto-america,31660ee08fd5fa3cb32eb986103dd01a4028b61e50582b8313a8f8624b0f979f,acef6a42a466e098c28a0c78dc042c44d775cc68e320acbd6039fd7d2cd479c0,iowa_lottery_lotto_america,https://www.ialottery.com/Pages/Games-Online/LottoAmericaWin.aspx,ec645fbe142de1814e53fd33c6913b3c7266d18f62524b6fca8ee1f673c9b9c1,e761b4f2a98dfab3908e3c4834c578e3fbc9eab8bd9f161d9268056edee4a76d
lotto_america,2022-03-09,musl_lotto_america,https://www.powerball.com/draw-result?date=2022-03-09&gc=lotto-america,9ea65689df074d632e8e572ba87fafca2f6638b89e5effb8b1d738b5ab0d26da,c4f87e9c6af2a8da0608a08489284d67955cf68098ded695f687862a130252ef,iowa_lottery_lotto_america,https://www.ialottery.com/Pages/Games-Online/LottoAmericaWin.aspx,255c632569d85a1ddb9e252c1417ef14f679c612e0eb8a65cd9ffb2aac229e66,e761b4f2a98dfab3908e3c4834c578e3fbc9eab8bd9f161d9268056edee4a76d
lotto_america,2022-03-12,musl_lotto_america,https://www.powerball.com/draw-result?date=2022-03-12&gc=lotto-america,44e6a1baa442580bd572cff4c5cf9cc0e49e1b659c077756e549cc5bb6daa620,c8d24dfa596ae99e57da4e17667c856bb062a00df053b7a08126804dc228b28d,iowa_lottery_lotto_america,https://www.ialottery.com/Pages/Games-Online/LottoAmericaWin.aspx,7b369a5a636e813281bc00c5199ede77a1f87cba7032b34de0cb96505e0e016e,e761b4f2a98dfab3908e3c4834c578e3fbc9eab8bd9f161d9268056edee4a76d
lotto_america,2022-03-16,musl_lotto_america,https://www.powerball.com/draw-result?date=2022-03-16&gc=lotto-america,a005841a39e9ad9882e376c05800f8fbe2fd5b226c3414a6d12189dd8d00c57d,298f7b9cf0a64ac8aad8ed186431cdd84e0065c2c4b96daeeabe6a22d1fe2265,iowa_lottery_lotto_america,https://www.ialottery.com/Pages/Games-Online/LottoAmericaWin.aspx,41bfe9504ec6b9b75874677169d90a0092ba5abcf51653d6a20625f02bb81235,e761b4f2a98dfab3908e3c4834c578e3fbc9eab8bd9f161d9268056edee4a76d
lotto_america,2022-03-19,musl_lotto_america,https://www.powerball.com/draw-result?date=2022-03-19&gc=lotto-america,0d6b5f8013b5ef444f9e04a35a562cba674ad3df633961f521eb4dff8cd65bce,8ce281d16a98711fc987109fe13232f22d5a01e57aef1dd72e9b2b2558cc69d4,iowa_lottery_lotto_america,https://www.ialottery.com/Pages/Games-Online/LottoAmericaWin.aspx,e095733002c9a6fb397ed95d2f62be1bdcdeb21e9e6dfdbfa46a5f82cc047998,e761b4f2a98dfab3908e3c4834c578e3fbc9eab8bd9f161d9268056edee4a76d
lotto_america,2022-03-23,musl_lotto_america,https://www.powerball.com/draw-result?date=2022-03-23&gc=lotto-america,b9f0278025dbb93eeb3fd687d50694cdec63df75327714a1b8ed072d0529960c,e9610769f395e00b9044248775440f5038843dea7c7f7c5febf9ae0a55b92b91,iowa_lottery_lotto_america,https://www.ialottery.com/Pages/Games-Online/LottoAmericaWin.aspx,7918489382e39141310bdd8d6ce38324b21218652d353efab0a075bf9fc4825e,e761b4f2a98dfab3908e3c4834c578e3fbc9eab8bd9f161d9268056edee4a76d
lotto_america,2022-03-26,musl_lotto_america,https://www.powerball.com/draw-result?date=2022-03-26&gc=lotto-america,88ec641c900eb3b156eb960f59000222f54a35a173925af80d4d625fd536c5e9,86bf7b318e1ac53acb13805c0d3e0955ad289bb66066aa6f556141a057314ce4,iowa_lottery_lotto_america,https://www.ialottery.com/Pages/Games-Online/LottoAmericaWin.aspx,04f3aaa18b21d7eff8a8c6d0ed33ea4dd8d8ae495ad975beb72199d6458adaa0,e761b4f2a98dfab3908e3c4834c578e3fbc9eab8bd9f161d9268056edee4a76d
lotto_america,2022-03-30,musl_lotto_america,https://www.powerball.com/draw-result?date=2022-03-30&gc=lotto-america,43b4c7942739ee9129c10eb4a687e543485f0a5cc51e478decadbd0c36a98280,e265695182d8a3994d26d121f8421dbf7a8eb417580c0281f3572704bd8dfd61,iowa_lottery_lotto_america,https://www.ialottery.com/Pages/Games-Online/LottoAmericaWin.aspx,71aa0d91afb2476f1d2df5d0fadf31fe4c66cbd4570e3b41d0af06f81dac45cb,e761b4f2a98dfab3908e3c4834c578e3fbc9eab8bd9f161d9268056edee4a76d
lotto_america,2022-04-02,musl_lotto_america,https://www.powerball.com/draw-result?date=2022-04-02&gc=lotto-america,99e92748392ec87f9a6bc264694b444c797d1afbc2ed70af0d1fec36c2c6e4e6,341d0c155741b816c66dd5a3546ebc4b766af75f95b2ee01d4e0a4aa02834823,iowa_lottery_lotto_america,https://www.ialottery.com/Pages/Games-Online/LottoAmericaWin.aspx,d3b46d8d284382e8231b8f57ff1c5ca5eee49436787a71919e0e81bc88f396ff,e761b4f2a98dfab3908e3c4834c578e3fbc9eab8bd9f161d9268056edee4a76d
lotto_america,2022-04-06,musl_lotto_america,https://www.powerball.com/draw-result?date=2022-04-06&gc=lotto-america,542caef7bbc75149aa181cb7d304e8f92f7609268ebc30e25fdb0cef0adefab3,7220e6a846d3ac9917ed4020122a0e69d4cf568d0f39803d9233479d017f916b,iowa_lottery_lotto_america,https://www.ialottery.com/Pages/Games-Online/LottoAmericaWin.aspx,b5d4f40e2a3c69dd7f00b1ee6f5de2fa974df1f97b11ad5e43174960e11e7462,f6b68d9a953effdaf62fb73aa5a08951e5e286ba1aa5d625419c34f1bb7cd5d0
lotto_america,2022-04-09,musl_lotto_america,https://www.powerball.com/draw-result?date=2022-04-09&gc=lotto-america,bed49a3c6bf99fa1b3f8ed7d06ff523b534f2518dee09e7daffc6108ca2d9094,eef086a02fd85edc24d3d1ed5fcd276c8cdc1ef9b12c2e498695d97c5dae0ea9,iowa_lottery_lotto_america,https://www.ialottery.com/Pages/Games-Online/LottoAmericaWin.aspx,c7d6611b69356a37cb4987ed0d895473fb12b8b516270bfe23ac68aa996f52ce,f6b68d9a953effdaf62fb73aa5a08951e5e286ba1aa5d625419c34f1bb7cd5d0
lotto_america,2022-04-13,musl_lotto_america,https://www.powerball.com/draw-result?date=2022-04-13&gc=lotto-america,72fd77c7b3a4cada23e3568cb69387855cb9e02c4d923a859d8d93e49cc14e30,bd22a17c32b35614cabb1427b9b3afc8118e39dac76c2a3277547ecb9567a11a,iowa_lottery_lotto_america,https://www.ialottery.com/Pages/Games-Online/LottoAmericaWin.aspx,007ae7eac8a052baa819a60575abcd66262fa1a2929afda09839bb075df3651a,f6b68d9a953effdaf62fb73aa5a08951e5e286ba1aa5d625419c34f1bb7cd5d0
lotto_america,2022-04-16,musl_lotto_america,https://www.powerball.com/draw-result?date=2022-04-16&gc=lotto-america,7fb7d3577cd36a96989874d0517611603df181339fac4346b1164a1f3bbcfa71,fb3c666e0cd29cb0c13f463e4490b62d0199358f77bbdb6f4b48810c7d47ebd6,iowa_lottery_lotto_america,https://www.ialottery.com/Pages/Games-Online/LottoAmericaWin.aspx,b1b725b7f14e4cdc2252266f19f92ae719e43cd8abbf516530a238cdb0c63157,f6b68d9a953effdaf62fb73aa5a08951e5e286ba1aa5d625419c34f1bb7cd5d0
lotto_america,2022-04-20,musl_lotto_america,https://www.powerball.com/draw-result?date=2022-04-20&gc=lotto-america,406e4fdf3f39012cdf9378bdf2ae3459f4ec0bfa530a5f9ede04efedb3847b8c,d137f8ac2c789c60f55f390eb8e94a9f8c2244fc782eb9809d7129dadc53cfff,iowa_lottery_lotto_america,https://www.ialottery.com/Pages/Games-Online/LottoAmericaWin.aspx,8aa912373ea796d787bda0933d3b3680317e6b6524a872ed9683fa44943e4c09,f6b68d9a953effdaf62fb73aa5a08951e5e286ba1aa5d625419c34f1bb7cd5d0
lotto_america,2022-04-23,musl_lotto_america,https://www.powerball.com/draw-result?date=2022-04-23&gc=lotto-america,c7405bb2ef37998b3d020b980635822333b194db78afb25972f4e8408f9c0429,425dfeae2e3d3af6b19b60379187259a6b96e3d962bcc67f7475c7cd289d755d,iowa_lottery_lotto_america,https://www.ialottery.com/Pages/Games-Online/LottoAmericaWin.aspx,efd21359b269fb05b88c7b7124e6300ac15a6b99069f87eccb119ea6cf600b2d,f6b68d9a953effdaf62fb73aa5a08951e5e286ba1aa5d625419c34f1bb7cd5d0
lotto_america,2022-04-27,musl_lotto_america,https://www.powerball.com/draw-result?date=2022-04-27&gc=lotto-america,38468ee6d1ba590d0cfb257d5fd39a048d8147671203e98a20c30372eab49fa4,edd762bec563d53383ee49bedeabb0696ea8a5b4b711125a16b6ddc02860eded,iowa_lottery_lotto_america,https://www.ialottery.com/Pages/Games-Online/LottoAmericaWin.aspx,a6322c6438b15f138a01e708aa1f70818323fa270d217cc6dcc851d0ed6ad01b,f6b68d9a953effdaf62fb73aa5a08951e5e286ba1aa5d625419c34f1bb7cd5d0
lotto_america,2022-04-30,musl_lotto_america,https://www.powerball.com/draw-result?date=2022-04-30&gc=lotto-america,874e0fe9c850fddb56227ae918028bd599145e607b0bb46e63d68a04a6ae0a91,30debb82a886c4c318f26ac9b8d442edc6260026c5bafb8d61dff14a897d6a2a,iowa_lottery_lotto_america,https://www.ialottery.com/Pages/Games-Online/LottoAmericaWin.aspx,c217985ea6bc00beb2ec6694161a8d50f15cdb186e61d05f268ba4972a0e12f1,f6b68d9a953effdaf62fb73aa5a08951e5e286ba1aa5d625419c34f1bb7cd5d0
lotto_america,2022-05-04,musl_lotto_america,https://www.powerball.com/draw-result?date=2022-05-04&gc=lotto-america,8d1171b00991c3367808a8efdda0aeb0bfe2aee7227e291434da360fa6e9c294,94e9c498598af22399e47bfffdb44060813c9d27fc145934fad74b110df4e312,iowa_lottery_lotto_america,https://www.ialottery.com/Pages/Games-Online/LottoAmericaWin.aspx,e49fa866562c23848500b4839a2bc1b043004391ab2c37a9c9a07a3579fed65f,4429c6dd99096f6b77e581c82604e5a7338a54bd12fcd2a50b21c9907d8e5c62
lotto_america,2022-05-07,musl_lotto_america,https://www.powerball.com/draw-result?date=2022-05-07&gc=lotto-america,e0b765a07f49fd6021bb9bbd2594933b7fdb3d875cd150aa0df2f473a6b67fec,bcb871b7ba0d69b1955e99debc2c5d56130880f7608c4ada4f2cb12a41bb6047,iowa_lottery_lotto_america,https://www.ialottery.com/Pages/Games-Online/LottoAmericaWin.aspx,0214dffb99bafd09080f65984317a3cfd95c77dbfe5a4747a87d84123501c77a,4429c6dd99096f6b77e581c82604e5a7338a54bd12fcd2a50b21c9907d8e5c62
lotto_america,2022-05-11,musl_lotto_america,https://www.powerball.com/draw-result?date=2022-05-11&gc=lotto-america,3a607069e6464addf7d3b64ce1b5b9d1757febb51e6ee6d276ba64d6c7e4dd73,190282cd276c06c3cccbea9e793094daf58e891c747ca39122018c65d9914b2d,iowa_lottery_lotto_america,https://www.ialottery.com/Pages/Games-Online/LottoAmericaWin.aspx,8215b66e708525c031e33b772d6d2204d9f8d6a799881296404266d1d43ec97f,4429c6dd99096f6b77e581c82604e5a7338a54bd12fcd2a50b21c9907d8e5c62
lotto_america,2022-05-14,musl_lotto_america,https://www.powerball.com/draw-result?date=2022-05-14&gc=lotto-america,b9a2ea301c3c497cb830160b018f7e436a16fe11169818ebb0cb2e553da04ce4,9ca75e9e35bd6c34df978679cf1b37930fcb46c8c784a1223c16507218fde084,iowa_lottery_lotto_america,https://www.ialottery.com/Pages/Games-Online/LottoAmericaWin.aspx,88fe7b9eb1e5360800cf9e910c16e26b33c9c193a2dfa7a70a099c8d759c5b19,4429c6dd99096f6b77e581c82604e5a7338a54bd12fcd2a50b21c9907d8e5c62
lotto_america,2022-05-18,musl_lotto_america,https://www.powerball.com/draw-result?date=2022-05-18&gc=lotto-america,4731bf3969e995bcf6f826abf01dd145648b66a1f32e90484f10f1159b2b7fa9,063173732fed9e6d42eee86c5358caea34b60f6b7a9e14e29426bea1d3d8d351,iowa_lottery_lotto_america,https://www.ialottery.com/Pages/Games-Online/LottoAmericaWin.aspx,b00eb9f28d9245ce62e9a45b46b8d9ead83685a73938a3eaed07c8939b5c0156,4429c6dd99096f6b77e581c82604e5a7338a54bd12fcd2a50b21c9907d8e5c62
lotto_america,2022-05-21,musl_lotto_america,https://www.powerball.com/draw-result?date=2022-05-21&gc=lotto-america,a87e7b86a4ab54075249bedbd0cdd60691d607ada3423231e2e56145a0ca76aa,07d37e9448b4abc426fc213d77f3628d368e2bf4e281255631ce7b92fdc92e12,iowa_lottery_lotto_america,https://www.ialottery.com/Pages/Games-Online/LottoAmericaWin.aspx,2aeccada6fa29e854e38e9d72fb7afd5ff801f37bdadbdafea1ed699780268c0,4429c6dd99096f6b77e581c82604e5a7338a54bd12fcd2a50b21c9907d8e5c62
lotto_america,2022-05-25,musl_lotto_america,https://www.powerball.com/draw-result?date=2022-05-25&gc=lotto-america,3f05f655f4a658bec050abcf1305966f6a0b2ecc0191449812328718b1e6c19d,7e9a90734803f8e94e805d0119ed92632383afaab137773fd091262fad561522,iowa_lottery_lotto_america,https://www.ialottery.com/Pages/Games-Online/LottoAmericaWin.aspx,32347fcbc801e73222d5be3a6ff6cec791188d132b8a1a299d793f94c79fbb47,4429c6dd99096f6b77e581c82604e5a7338a54bd12fcd2a50b21c9907d8e5c62
lotto_america,2022-05-28,musl_lotto_america,https://www.powerball.com/draw-result?date=2022-05-28&gc=lotto-america,ccc22e4703a2e20faa06e8d8185b314462ca0ce4cd5a1e324c128f8bde351a37,e547b8f39bc28b71cac6e13758f0374870cc8b5e4697359fb8f4c47787c97c53,iowa_lottery_lotto_america,https://www.ialottery.com/Pages/Games-Online/LottoAmericaWin.aspx,0ac8aefd34a22113ac6e232cc7f231244cd7ff85bfef093ad94d3c6e8d99fa1b,4429c6dd99096f6b77e581c82604e5a7338a54bd12fcd2a50b21c9907d8e5c62
lotto_america,2022-06-01,musl_lotto_america,https://www.powerball.com/draw-result?date=2022-06-01&gc=lotto-america,313bd864cf3033adf3e1dd53e076a5e997c2d6af7cbac4ff7470908759e2b47e,5b8a260a53c5a5747a41ffa6d10eb0f9214aa1ac9cb19e9f06244da7065b1ace,iowa_lottery_lotto_america,https://www.ialottery.com/Pages/Games-Online/LottoAmericaWin.aspx,84190f1132338429aaee1eccfba69651fa763f34ed0074389a1ba6d406df3509,4429c6dd99096f6b77e581c82604e5a7338a54bd12fcd2a50b21c9907d8e5c62
lotto_america,2022-06-04,musl_lotto_america,https://www.powerball.com/draw-result?date=2022-06-04&gc=lotto-america,1be9ca984f4b0813bf00c8e901b0e8b07e80956732329eec26d8111de6604fb2,6074e68597bcec98d400909a57cfdc580071df4ed2b5d7cfa9c0ac33db9d6ae7,iowa_lottery_lotto_america,https://www.ialottery.com/Pages/Games-Online/LottoAmericaWin.aspx,a3717115b91ed614a0d92bb2b69936e920f708abcc80b8f75ffe5e14b817cf0a,88846702a7ba985614f8857c409b2e1620e23e14a9e0d8430574a07957e95357
lotto_america,2022-06-08,musl_lotto_america,https://www.powerball.com/draw-result?date=2022-06-08&gc=lotto-america,c2bdaadd8762d687342d146fb69eb978cffe567de6097cf357378c021ed8d603,68fcff11a54cb190241403168474e92c54b680d76f1a66efc77443a728996fe0,iowa_lottery_lotto_america,https://www.ialottery.com/Pages/Games-Online/LottoAmericaWin.aspx,277a9db1e34bc10089dc6f9a916c86b3d8f9962f48dafd6b307587051b94831a,88846702a7ba985614f8857c409b2e1620e23e14a9e0d8430574a07957e95357
lotto_america,2022-06-11,musl_lotto_america,https://www.powerball.com/draw-result?date=2022-06-11&gc=lotto-america,dd746b8d8220ee8603e38db26b1e2d9152f0d8f3ee3f4b82704a1fec8832cdb1,6b35bfbc8aad2b288b4767a6186b5eb9d741e10bdf722c228af4285cba31af5c,iowa_lottery_lotto_america,https://www.ialottery.com/Pages/Games-Online/LottoAmericaWin.aspx,347ebdb39c7ad5659eebb38f1a198fb98a12239853b099655ab4c5f807ad75eb,88846702a7ba985614f8857c409b2e1620e23e14a9e0d8430574a07957e95357
lotto_america,2022-06-15,musl_lotto_america,https://www.powerball.com/draw-result?date=2022-06-15&gc=lotto-america,05d3259ce25ed668c4640457c8cc8a6a8c6eb0314f2a9c42a2a0406ecb30ced9,d3e06f73ed77e26cb07d5b2addb4c6e0d797d4a5f83b2195669fa1cbc051af34,iowa_lottery_lotto_america,https://www.ialottery.com/Pages/Games-Online/LottoAmericaWin.aspx,4df532e179207ba654439af27e5fe18c97caa43737efd9ea988702863bafe0f1,88846702a7ba985614f8857c409b2e1620e23e14a9e0d8430574a07957e95357
lotto_america,2022-06-18,musl_lotto_america,https://www.powerball.com/draw-result?date=2022-06-18&gc=lotto-america,6d1d3144f3461aa677ad3e2e1be63caff13aa3e14a7069e1cfdcbfdb0d69550f,e2e03c5ec5bad1ed3175899541a1a4d69eb66c7d1c09374d2ae963874ec0f31c,iowa_lottery_lotto_america,https://www.ialottery.com/Pages/Games-Online/LottoAmericaWin.aspx,adada18d4e20fcbcd2b45ba002e7c8a98ee7b04dab04621bb39818028bcc32e2,88846702a7ba985614f8857c409b2e1620e23e14a9e0d8430574a07957e95357
lotto_america,2022-06-22,musl_lotto_america,https://www.powerball.com/draw-result?date=2022-06-22&gc=lotto-america,b53228de80b7700d9a61377459f52ca35f6ada6e59a2aa8a304fd380db957064,ab4239b3c393770699d89be2dc70986ec0798f67e6691810d0f376f78e9c5c01,iowa_lottery_lotto_america,https://www.ialottery.com/Pages/Games-Online/LottoAmericaWin.aspx,f6dd7ae39dd28ba9050982f65de740e71b7b8f35d69774d57eb4aee2e3eacfa9,88846702a7ba985614f8857c409b2e1620e23e14a9e0d8430574a07957e95357
lotto_america,2022-06-25,musl_lotto_america,https://www.powerball.com/draw-result?date=2022-06-25&gc=lotto-america,030df95be79e0f56e83d36da54c7633f2fee5724f9e468d88e1cebad53b21fa6,2ceb9e8975575e2e585ed34753f3feb50de64845280be8e1af39ab99d6a1f4f8,iowa_lottery_lotto_america,https://www.ialottery.com/Pages/Games-Online/LottoAmericaWin.aspx,d2e9e8319f5f7b128c26c97bf9fc0c11ea817bfe44c73f4dd258287a8fad18ac,88846702a7ba985614f8857c409b2e1620e23e14a9e0d8430574a07957e95357
lotto_america,2022-06-29,musl_lotto_america,https://www.powerball.com/draw-result?date=2022-06-29&gc=lotto-america,663eee8f8ba43442aef33cb8dd52f3a012ed36067b61ea52784a4760a4339342,ad1ab4a6f22e7c5f00a1f82d3a944958d1536dfb9bee6d0e7eb35e2db1c55f85,iowa_lottery_lotto_america,https://www.ialottery.com/Pages/Games-Online/LottoAmericaWin.aspx,4eaeab7e7067938fee866989ea6a0b2885560cf531e946d527f7a44f783d89c3,88846702a7ba985614f8857c409b2e1620e23e14a9e0d8430574a07957e95357
lotto_america,2022-07-02,musl_lotto_america,https://www.powerball.com/draw-result?date=2022-07-02&gc=lotto-america,19b6ce9fff4ff2b8d102b8a7e796f91ff73f04107b089fdabf45e883e4f812b5,961217f821bf2e96de41550f51279b290187dd484e4b91bae661a48bb025a55e,iowa_lottery_lotto_america,https://www.ialottery.com/Pages/Games-Online/LottoAmericaWin.aspx,19b6e7472e116b7ec3026e87cd9a8c2999097f6447760dc3889ece20121838f6,88846702a7ba985614f8857c409b2e1620e23e14a9e0d8430574a07957e95357
lotto_america,2022-07-06,musl_lotto_america,https://www.powerball.com/draw-result?date=2022-07-06&gc=lotto-america,4306b67d7635ee89cb62e3a55139219262b6c1f706b1159b06326e0ba86c9be2,617f46dc4a75671044d5a3f05422250f82edd8116c2d777cff0fb75c0df8cbe3,iowa_lottery_lotto_america,https://www.ialottery.com/Pages/Games-Online/LottoAmericaWin.aspx,3ff326e697b236d31e4e417db21988e19243b4ab054a828b149f40c219765d60,0de27ed05be0159e50b9437b718b7efe098e7d8b84de68accb46068e6149058d
lotto_america,2022-07-09,musl_lotto_america,https://www.powerball.com/draw-result?date=2022-07-09&gc=lotto-america,da6b1d683b7ddeec5de238e6807820b0cb055a2ba027e7eda07997ebc98e215a,97c915aca5907408477583f1f99142ef4cf631e42773308504d780126940f1d4,iowa_lottery_lotto_america,https://www.ialottery.com/Pages/Games-Online/LottoAmericaWin.aspx,420ed22dc810c462113cb8aee88d94d98c365efcf97ce2af8dafd27f359c3e3b,0de27ed05be0159e50b9437b718b7efe098e7d8b84de68accb46068e6149058d
lotto_america,2022-07-13,musl_lotto_america,https://www.powerball.com/draw-result?date=2022-07-13&gc=lotto-america,8eba9e0a386761427d93ddeab647281705625509436f469e1ba4788e70d390e7,6a3034a7c95b09ac3c75abeca0565a5062544ce94b9a4e4610bec053cf584da1,iowa_lottery_lotto_america,https://www.ialottery.com/Pages/Games-Online/LottoAmericaWin.aspx,0ca4b9ac57d3b4a2f2fa77541f0df91fb2ba678465c5cf9b346f833612d7ba91,0de27ed05be0159e50b9437b718b7efe098e7d8b84de68accb46068e6149058d
lotto_america,2022-07-16,musl_lotto_america,https://www.powerball.com/draw-result?date=2022-07-16&gc=lotto-america,978f07b1cc26b230f742ce9631a858fbd0a7ca6b07044f47ec3ef2a8ca52d46c,330f4a197db97130f7ff1aa9d7b3c7510874bee7d3858b14f5a26c80b113ac41,iowa_lottery_lotto_america,https://www.ialottery.com/Pages/Games-Online/LottoAmericaWin.aspx,322cd6c768fab833e67bc299ec8a1adb14662d68c1cb45612b85e555232d7757,0de27ed05be0159e50b9437b718b7efe098e7d8b84de68accb46068e6149058d
lotto_america,2022-07-18,musl_lotto_america,https://www.powerball.com/draw-result?date=2022-07-18&gc=lotto-america,1e56cf45fffeef770affb24c76f79c6db585ee70633d41727f8654c1867d8920,dafb30ca90a1ad1cc6bb5af7afa1e7d7697696780c80a2e0b1631aa17379944f,iowa_lottery_lotto_america,https://www.ialottery.com/Pages/Games-Online/LottoAmericaWin.aspx,dcdf5b087765511b66e4713e6819c0146375c9522c681b54499d51d2f857fa2e,0de27ed05be0159e50b9437b718b7efe098e7d8b84de68accb46068e6149058d
lotto_america,2022-07-20,musl_lotto_america,https://www.powerball.com/draw-result?date=2022-07-20&gc=lotto-america,4bb70d548b2a56af60fbdc4cb1d64e01ea8e441618bfac4b821bc1c7d2cc181b,3a11af28ffa2eb893b71d09c1f4f72fd315cfd266ad02b711bd8b0aa2792a3e8,iowa_lottery_lotto_america,https://www.ialottery.com/Pages/Games-Online/LottoAmericaWin.aspx,baf26b307cc7b0cf768dfc9bafb40d52628f37625386cba2b4b0a682cff480e6,0de27ed05be0159e50b9437b718b7efe098e7d8b84de68accb46068e6149058d
lotto_america,2022-07-23,musl_lotto_america,https://www.powerball.com/draw-result?date=2022-07-23&gc=lotto-america,6791ac582bd7ecf3c6d9d2ce8632cb1f504cc6258c750babb17a6ffdda524e93,09b01ae08b3906f62b24938fa3a24a5ed61c257f21535437c03637d71fa6a0db,iowa_lottery_lotto_america,https://www.ialottery.com/Pages/Games-Online/LottoAmericaWin.aspx,968997abcebcd727d69bd00d2e9deb503e857583c3ab077bb4eab6219f7800e5,0de27ed05be0159e50b9437b718b7efe098e7d8b84de68accb46068e6149058d
lotto_america,2022-07-25,musl_lotto_america,https://www.powerball.com/draw-result?date=2022-07-25&gc=lotto-america,d05a22277ba9c8866fe96f3b4d0d52e44ff31c15033ee274ec90f2ed377cabf9,2551eb20bd50f4d0451d3a5296bd91c2124aa1d9da1557c25b1b4fe18e4f5b3c,iowa_lottery_lotto_america,https://www.ialottery.com/Pages/Games-Online/LottoAmericaWin.aspx,04d66d17a5f1c3b3ad38535e3834aed525f801c8f8b5206f9e9019672ad70315,0de27ed05be0159e50b9437b718b7efe098e7d8b84de68accb46068e6149058d
lotto_america,2022-07-27,musl_lotto_america,https://www.powerball.com/draw-result?date=2022-07-27&gc=lotto-america,c1949c2da9fbdd86304bacbce45758f99325b6fa399701d5616dbaedbf4d1693,5e0631f81797c792880a0cf79824843d87c8ae1a5984fe9b682add5bfccb8243,iowa_lottery_lotto_america,https://www.ialottery.com/Pages/Games-Online/LottoAmericaWin.aspx,cd8b601e2b31863e3fa7e444f6bc09cd780ab1cb6ef9f2848d6f809f80b76138,0de27ed05be0159e50b9437b718b7efe098e7d8b84de68accb46068e6149058d
lotto_america,2022-07-30,musl_lotto_america,https://www.powerball.com/draw-result?date=2022-07-30&gc=lotto-america,a836607581c322a20f6c5a302e32f106ae733e5bde8b6c605d355d514a0eef9a,ac2cbaa916512507fe3861ad2ce11b7eac54d0163dd8c84b8111150b36b65af6,iowa_lottery_lotto_america,https://www.ialottery.com/Pages/Games-Online/LottoAmericaWin.aspx,8cf1fc051cc8bc645c882c219abaf4d4fa5ee5fb3fc9a546a4b230e09158ebf6,0de27ed05be0159e50b9437b718b7efe098e7d8b84de68accb46068e6149058d
lotto_america,2022-08-01,musl_lotto_america,https://www.powerball.com/draw-result?date=2022-08-01&gc=lotto-america,cfb07985b644a5dcf9232e8dd28316768ae822c6fbd3f319008611120e7c4e7f,9dfc2eebbea4d739dfa506802cc26700f59126777b86e66e2dbc21f45e108c34,iowa_lottery_lotto_america,https://www.ialottery.com/Pages/Games-Online/LottoAmericaWin.aspx,c0de1b9b01287913b35ab587eeeaac838641c7744518ff4c2d74c50a6e0d4332,0de27ed05be0159e50b9437b718b7efe098e7d8b84de68accb46068e6149058d
lotto_america,2022-08-03,musl_lotto_america,https://www.powerball.com/draw-result?date=2022-08-03&gc=lotto-america,1ab105f46872faedf88ab9964a12034298b4f4eab5c08e24ac7359ba6b3ba0c6,8b51c71cbda8ac5bf63176d80f37a2d2728b294867269a9f1cc83f373cdabbe9,iowa_lottery_lotto_america,https://www.ialottery.com/Pages/Games-Online/LottoAmericaWin.aspx,0f7446e00f8c6fc4f69979a107acfd045665b707ffadf08e86d2e36b5a6d76cf,0de27ed05be0159e50b9437b718b7efe098e7d8b84de68accb46068e6149058d
lotto_america,2022-08-06,musl_lotto_america,https://www.powerball.com/draw-result?date=2022-08-06&gc=lotto-america,47eb2f70ebd414e80793f12429196049edfe33c7f20f2e37b4d75a1989626a7e,c9a7ee4ec4cccb5da1235610fabb1634239883026d5c28df7c7a05db2e44641c,iowa_lottery_lotto_america,https://www.ialottery.com/Pages/Games-Online/LottoAmericaWin.aspx,8b8efbe681d1a53d6c98de7efd508eca651711d4af7859069a3e2acd5f71a2c4,b5bc022c76c839d526233dd51d835ca9a136909c42373dfb6f5011bf77b0200d
lotto_america,2022-08-08,musl_lotto_america,https://www.powerball.com/draw-result?date=2022-08-08&gc=lotto-america,e258be8845e140280d9d8ca38c456732b7669dc756182b8119359ef5a18bd84c,3daf706a61cc06caf46c899f5acef37020bebf953475370765c6c2c06ba4c946,iowa_lottery_lotto_america,https://www.ialottery.com/Pages/Games-Online/LottoAmericaWin.aspx,01df0924b578d4d0d355415dd753eb1a57703d7ff8ab52d5fb61841f6087de56,b5bc022c76c839d526233dd51d835ca9a136909c42373dfb6f5011bf77b0200d
lotto_america,2022-08-10,musl_lotto_america,https://www.powerball.com/draw-result?date=2022-08-10&gc=lotto-america,87bbfcdfff131348614e37954dfd61c34e345f2a57ad3c3b39e8ee3276cc2be2,503492d17a76a1e370877c1d1585521ca64fb4d49035921ae59a679af94cf0ed,iowa_lottery_lotto_america,https://www.ialottery.com/Pages/Games-Online/LottoAmericaWin.aspx,03511a2eda6cd1b58d6f994ca1d330a5cbf9a003d13889a0fa4157f68ac3ef26,b5bc022c76c839d526233dd51d835ca9a136909c42373dfb6f5011bf77b0200d
lotto_america,2022-08-13,musl_lotto_america,https://www.powerball.com/draw-result?date=2022-08-13&gc=lotto-america,2630068fcfb964e36d4ba53cdfa0e4c642330d4ec26645d910836c985cf9f83e,9d9ab7eb06b9a1e455e01a66b1e23566d163404f0203d1832e5c4029b4c2f061,iowa_lottery_lotto_america,https://www.ialottery.com/Pages/Games-Online/LottoAmericaWin.aspx,521bad31560e713a6edcd7ab09aab475509da578d7f4c526539891a83d65b489,b5bc022c76c839d526233dd51d835ca9a136909c42373dfb6f5011bf77b0200d
lotto_america,2022-08-15,musl_lotto_america,https://www.powerball.com/draw-result?date=2022-08-15&gc=lotto-america,9ff4e5e0fb1b389f2379d8984203eab22928d3430f0f1646dd15c33d3056a4a3,a4da3da6a2c084f13ae2f0c4c565b53b2dc9037cf6132a0d3cffd44d50896354,iowa_lottery_lotto_america,https://www.ialottery.com/Pages/Games-Online/LottoAmericaWin.aspx,2a229c00a1cb39d0df88490b0bc9b3f05d9ba223685488acb7bf18fc798d73ec,b5bc022c76c839d526233dd51d835ca9a136909c42373dfb6f5011bf77b0200d
lotto_america,2022-08-17,musl_lotto_america,https://www.powerball.com/draw-result?date=2022-08-17&gc=lotto-america,130de1d726ea594db5c9adb622de15e37c3975d0a90695c244f1e56cf0f00dd4,5a64352aac45aa35b9829840aed12cb87195b1f9359d5adafce09b6113f580a1,iowa_lottery_lotto_america,https://www.ialottery.com/Pages/Games-Online/LottoAmericaWin.aspx,0e8843643a641b7ccfcf3706ceeb755305d629f4c778b4720f978239776d4a18,b5bc022c76c839d526233dd51d835ca9a136909c42373dfb6f5011bf77b0200d
lotto_america,2022-08-20,musl_lotto_america,https://www.powerball.com/draw-result?date=2022-08-20&gc=lotto-america,2a923ec4a60e25688eea5d90a794df32566c26d0dcb1775f7ae3c3b43194841f,dcd93a14422e289d5c4a11048490bde9117532d691ae99cd937aa9ad2de40cb8,iowa_lottery_lotto_america,https://www.ialottery.com/Pages/Games-Online/LottoAmericaWin.aspx,111f2036262dc12ce56c7d222f36ce2887d716d312b5c1a1a6afdaa0b20f4ff3,b5bc022c76c839d526233dd51d835ca9a136909c42373dfb6f5011bf77b0200d
lotto_america,2022-08-22,musl_lotto_america,https://www.powerball.com/draw-result?date=2022-08-22&gc=lotto-america,c0315488e97da98074b8e8b3e51d42bf93875bdeac90151045a72bf9a833db13,d4f7cd5423c35d321ded1bcb8069e670b0d973acf17862a5e6f72be25cb02306,iowa_lottery_lotto_america,https://www.ialottery.com/Pages/Games-Online/LottoAmericaWin.aspx,b38eca7f8cb2fb8a9ba3d642d81f24d8cea2572c7c52e83548d8f84bce0f527b,b5bc022c76c839d526233dd51d835ca9a136909c42373dfb6f5011bf77b0200d
lotto_america,2022-08-24,musl_lotto_america,https://www.powerball.com/draw-result?date=2022-08-24&gc=lotto-america,fdf8ec7ae64921dc3515dd2a9fc5824919fd0df42ec29dbf6c01901ba7c755d8,a8dc17a60ac99de4c61e3740cd9374877a2ee5454c116f4fdad731b365c91ec6,iowa_lottery_lotto_america,https://www.ialottery.com/Pages/Games-Online/LottoAmericaWin.aspx,e9cb196edb85cb062c27ef88b36acdc77a29cf6b11801d35da4adbac4c20767c,b5bc022c76c839d526233dd51d835ca9a136909c42373dfb6f5011bf77b0200d
lotto_america,2022-08-27,musl_lotto_america,https://www.powerball.com/draw-result?date=2022-08-27&gc=lotto-america,1f657c8f13deffa83efe3d61adfbbdd6e3d01a81703e6e228846fb03e75de5a3,bd7490c78fe4b822208574cfda45029819dee7ff6ad36aa75ffda5a29728d3cc,iowa_lottery_lotto_america,https://www.ialottery.com/Pages/Games-Online/LottoAmericaWin.aspx,da3aeb651fc8a2adae12fbb46eb8aa844e65d9a64ab8f07e57af05b6387f6089,b5bc022c76c839d526233dd51d835ca9a136909c42373dfb6f5011bf77b0200d
lotto_america,2022-08-29,musl_lotto_america,https://www.powerball.com/draw-result?date=2022-08-29&gc=lotto-america,5f7abc5a72a10ba026fa611994d7e9ea3e565bff671d8094beb9b0e09c740605,bfd0d43b451b267f2c5045ce01798b8f75049a62a066792e7f9c0f2662584a1a,iowa_lottery_lotto_america,https://www.ialottery.com/Pages/Games-Online/LottoAmericaWin.aspx,4916653b6fce19fb1d1202e5a8d32e3b6b842d0858b92069b0aef401ca534ec0,b5bc022c76c839d526233dd51d835ca9a136909c42373dfb6f5011bf77b0200d
lotto_america,2022-08-31,musl_lotto_america,https://www.powerball.com/draw-result?date=2022-08-31&gc=lotto-america,4263518b50288a6a1a24b3bfce47f6e5ed4b3c80bf0df912fea6b1f5899c38fc,c0980cd26080cada41894a3133734ceca6487bea6fdb1f0b86221fd34febd108,iowa_lottery_lotto_america,https://www.ialottery.com/Pages/Games-Online/LottoAmericaWin.aspx,8563a4e630962adbf67c89d3110420642a38461572c7d309ee9a134665051b93,b5bc022c76c839d526233dd51d835ca9a136909c42373dfb6f5011bf77b0200d
lotto_america,2022-09-03,musl_lotto_america,https://www.powerball.com/draw-result?date=2022-09-03&gc=lotto-america,f7a3a9d8d462890875457d18fe7a7c4a659e73d4396c60d7ec9cdcbcb47b6c3d,9cde70e735c16465e0eae40921b90eea7730e38099647f5d3131d51894a31854,iowa_lottery_lotto_america,https://www.ialottery.com/Pages/Games-Online/LottoAmericaWin.aspx,3b61582bc7eb1a13e0290982d63508a8d5faf3c73f8e36ea7edee967647d30cb,2e72ee7289e5c1cd5335a8c40e002d5f5c4aea7b433cbff062afa82eff321387
lotto_america,2022-09-05,musl_lotto_america,https://www.powerball.com/draw-result?date=2022-09-05&gc=lotto-america,7fed317c50e364a8f63f6a2da04ed09e1a23623068e2492fc7a03fc92ff1f531,0c6c0868a0e308fd81cc00489aec6a3feadfe4a73bbf5463eb7dedeae3fec4c6,iowa_lottery_lotto_america,https://www.ialottery.com/Pages/Games-Online/LottoAmericaWin.aspx,7a4cf2ae16b5d301fd14e5b59602266070c6d6fd5edb99dc7af6c46bc7b90be2,93393762db5e4f0a633ddc35d07efea295b2ecbf87d73c1c801dba85922f65a2
lotto_america,2022-09-07,musl_lotto_america,https://www.powerball.com/draw-result?date=2022-09-07&gc=lotto-america,1374117461230d3c8f1d9fef066f115ab635b2c8ab47c5a57a375ef8c34030b8,c744f146259d0c4f8d55b1f1225ed2fb83217ae7294c3e25863810d4afdc2ddc,iowa_lottery_lotto_america,https://www.ialottery.com/Pages/Games-Online/LottoAmericaWin.aspx,d9068bce436769e1e82c5b570c7e664f66194d1957c2f7e8f2d5afd39abafd07,93393762db5e4f0a633ddc35d07efea295b2ecbf87d73c1c801dba85922f65a2
lotto_america,2022-09-10,musl_lotto_america,https://www.powerball.com/draw-result?date=2022-09-10&gc=lotto-america,c7d6d21d839ddb8dc36079ba87fa721278144de88c7748ad3677cd99359aa668,7ae3926ffc8c24d3fd1241676c76a25b337ace01afc707d595a80b137a4a66bc,iowa_lottery_lotto_america,https://www.ialottery.com/Pages/Games-Online/LottoAmericaWin.aspx,15aea11a2caca5605e2d8115715669e6eae9401fec932bea53ad562a2bd001e0,93393762db5e4f0a633ddc35d07efea295b2ecbf87d73c1c801dba85922f65a2
lotto_america,2022-09-12,musl_lotto_america,https://www.powerball.com/draw-result?date=2022-09-12&gc=lotto-america,b2149d50eaf6c1aae4cd6874a785084e0ac9eb8ba59548c7540ef71c8a7ba036,322f74b8722b5de2e8006e5ced86d4d6a038bb08ed75ff981c66436b858bbbc9,iowa_lottery_lotto_america,https://www.ialottery.com/Pages/Games-Online/LottoAmericaWin.aspx,31d993d6bd34ea5313f65ff95174d33ca9e90cf260441c9bcfee55355b7806f0,93393762db5e4f0a633ddc35d07efea295b2ecbf87d73c1c801dba85922f65a2
lotto_america,2022-09-14,musl_lotto_america,https://www.powerball.com/draw-result?date=2022-09-14&gc=lotto-america,1807a21a7b4897a54072203028608958085f17e739a662632a768b5715ba7063,12353af2133ca5d8dcb26be3cffbab25064fb7f1f689bbf3b148f225c108f1a1,iowa_lottery_lotto_america,https://www.ialottery.com/Pages/Games-Online/LottoAmericaWin.aspx,ef396a01c45865dac33a086ea5619a82f1bcdb9217a925be084728127f86a9de,93393762db5e4f0a633ddc35d07efea295b2ecbf87d73c1c801dba85922f65a2
lotto_america,2022-09-17,musl_lotto_america,https://www.powerball.com/draw-result?date=2022-09-17&gc=lotto-america,eaf96042a6680d7737f2396e8e8bf0cc0bd1f7cfc952b390dec0cc515094620f,cf8ea94fcc6da226925b12f5eed90a4c743380fe4106f41d22565dd2fef325e8,iowa_lottery_lotto_america,https://www.ialottery.com/Pages/Games-Online/LottoAmericaWin.aspx,8748849b0a043e7474f240a7e5a018f9b46b4b0e1105caa31346d7b6b1212293,93393762db5e4f0a633ddc35d07efea295b2ecbf87d73c1c801dba85922f65a2
lotto_america,2022-09-19,musl_lotto_america,https://www.powerball.com/draw-result?date=2022-09-19&gc=lotto-america,fcffcd68cb60df2c13c5e48d96279eb3c76544b35c1dbfae8bd65db437635158,8f97f701ad7df3353f056f2518180ce7c2982322e007b6fa78e21802eefbf470,iowa_lottery_lotto_america,https://www.ialottery.com/Pages/Games-Online/LottoAmericaWin.aspx,46cf00702465f8d61fad5a802fad4a64941d9b3603079cf0900a5ee613783424,93393762db5e4f0a633ddc35d07efea295b2ecbf87d73c1c801dba85922f65a2
lotto_america,2022-09-21,musl_lotto_america,https://www.powerball.com/draw-result?date=2022-09-21&gc=lotto-america,aec03b52501b68222883f598ab4bcc98f24c46126a2d6e7b21911827c67801ec,866bac16573b4a8c25957cdb7dce7e58960a39f3ff97f59726a1cbafec1f51aa,iowa_lottery_lotto_america,https://www.ialottery.com/Pages/Games-Online/LottoAmericaWin.aspx,73369729d46c5eb11c01ba3fc86691843534c377223c4d32a8444697fdc8bdd8,93393762db5e4f0a633ddc35d07efea295b2ecbf87d73c1c801dba85922f65a2
lotto_america,2022-09-24,musl_lotto_america,https://www.powerball.com/draw-result?date=2022-09-24&gc=lotto-america,a16f83c6959b55f277e5474166a9e1435af96c4f627668d1ca783694ce1885bf,33e216c871ada32fd0dcf4fba1e68a9a334f1446dba84d52c6778a051394a95f,iowa_lottery_lotto_america,https://www.ialottery.com/Pages/Games-Online/LottoAmericaWin.aspx,9d53a67a8b44179980fc2e9e91e96b5be121888fc09916b732a728a50876ebea,93393762db5e4f0a633ddc35d07efea295b2ecbf87d73c1c801dba85922f65a2
lotto_america,2022-09-26,musl_lotto_america,https://www.powerball.com/draw-result?date=2022-09-26&gc=lotto-america,ca59ecdf337cd25ff473c2a2285f85a7c83a74fa7752bde80ba898e9eac7257c,c7380aa24770fe65f79a9fcf975394db0779378b121057cfac9ea27cdcd0482b,iowa_lottery_lotto_america,https://www.ialottery.com/Pages/Games-Online/LottoAmericaWin.aspx,653e335a291bb1ff379df819a818379869703a05e4daa2c7a9f41bfa57a55ed4,93393762db5e4f0a633ddc35d07efea295b2ecbf87d73c1c801dba85922f65a2
lotto_america,2022-09-28,musl_lotto_america,https://www.powerball.com/draw-result?date=2022-09-28&gc=lotto-america,0ca4be76951ade0bae97f2380b33aef847795a435e175ebfd3ab382b2e8d0410,0555ed00edc0f3e81b21db7ba7c76db768a2831a258787cff5a864d922d8aeb5,iowa_lottery_lotto_america,https://www.ialottery.com/Pages/Games-Online/LottoAmericaWin.aspx,b0a857de982cdb6da56861c0dac5e63bf7aa2959d849ad57d5637809e2b2fe50,93393762db5e4f0a633ddc35d07efea295b2ecbf87d73c1c801dba85922f65a2
lotto_america,2022-10-01,musl_lotto_america,https://www.powerball.com/draw-result?date=2022-10-01&gc=lotto-america,c742147c126dcab5125bde243b40bbddf09ae0eacb631b38fc38f415975ea63a,788c64091faaff9f5ca501a7062b4f3d5cd1ab0afd7431091a06c0c4d3a44a83,iowa_lottery_lotto_america,https://www.ialottery.com/Pages/Games-Online/LottoAmericaWin.aspx,6411b057605b3874d009607314996c4f288aacd9ab8853b9c0e3336da1a9ff51,93393762db5e4f0a633ddc35d07efea295b2ecbf87d73c1c801dba85922f65a2
lotto_america,2022-10-03,musl_lotto_america,https://www.powerball.com/draw-result?date=2022-10-03&gc=lotto-america,c90214f10412260832fced3a33b57288feccffcf21c538d845fba5cf07e62526,171679fb53e7cf99fa4235b0717c79c1501016af41798b0cad66a57293a40e0f,iowa_lottery_lotto_america,https://www.ialottery.com/Pages/Games-Online/LottoAmericaWin.aspx,4ab092f96ec61ca7a779ad80fb32810d8d2b948e69498f2e6cbbde957ad5c0a9,93393762db5e4f0a633ddc35d07efea295b2ecbf87d73c1c801dba85922f65a2
lotto_america,2022-10-05,musl_lotto_america,https://www.powerball.com/draw-result?date=2022-10-05&gc=lotto-america,8a6da7507e1f1a259fa518d9fa3b3dab97ffb69baccad5d9f8f15f38a89aec61,79f14a1a74630cc722019cbd4acff0098f29fe1d7235cfa87c5a30eb6d437abb,iowa_lottery_lotto_america,https://www.ialottery.com/Pages/Games-Online/LottoAmericaWin.aspx,60835d525ceab947ba399667f1ff0152719900602ba4e45f383d1da688cd9e90,08c5005214cd8d3f8467c016df3ec603689797537f4315102e875bd74901ec59
lotto_america,2022-10-08,musl_lotto_america,https://www.powerball.com/draw-result?date=2022-10-08&gc=lotto-america,4c5c829dbbc530f4f9068485f24ccf17974d8fcc5b34873ff93abaf49bdc9876,09eb934e6d15695e40b455468668c34044535d2890e559cb7f9ccea4b57e4d7a,iowa_lottery_lotto_america,https://www.ialottery.com/Pages/Games-Online/LottoAmericaWin.aspx,51fb4576787dd552ae43bb28b47cc62ce5d2f93855a48fce9ac5d18c8b2f13c9,08c5005214cd8d3f8467c016df3ec603689797537f4315102e875bd74901ec59
lotto_america,2022-10-10,musl_lotto_america,https://www.powerball.com/draw-result?date=2022-10-10&gc=lotto-america,c2e82f8cbc2064b6fae277dffe73ec8df92068a71d2b6d07ff301fe720397266,5b52bd80afa2804e704070d3af09c5e2e94d81fac0cc6eba5d1d18e67858f983,iowa_lottery_lotto_america,https://www.ialottery.com/Pages/Games-Online/LottoAmericaWin.aspx,e4fa546fcae242474a09b1fd85774c3fc68b7f37b2c2811a18fefaa97fe1aebc,08c5005214cd8d3f8467c016df3ec603689797537f4315102e875bd74901ec59
lotto_america,2022-10-12,musl_lotto_america,https://www.powerball.com/draw-result?date=2022-10-12&gc=lotto-america,8c670857ac9d8a0b3931f6a64d3390abdc9483b75d2895efec1ade5ae044a249,5c84e636c83b70e66373a97e0c8bd7bf40c314ed619dd58e544dac2bc45e27e4,iowa_lottery_lotto_america,https://www.ialottery.com/Pages/Games-Online/LottoAmericaWin.aspx,8b0502554dcb0a633f4cedfe628de9f6280fa8092f576d92d01d331c6b4f81f8,08c5005214cd8d3f8467c016df3ec603689797537f4315102e875bd74901ec59
lotto_america,2022-10-15,musl_lotto_america,https://www.powerball.com/draw-result?date=2022-10-15&gc=lotto-america,1bc8306a15eb484976e3887b297d20033e12d321fef7f87b2b9a0d3991914013,30cda18903d2c2e14a9811644b4576374c92b226232f4d7e78f3ad5742781889,iowa_lottery_lotto_america,https://www.ialottery.com/Pages/Games-Online/LottoAmericaWin.aspx,28ffbbc6fa52a16749726b38e484876819f9e62aa1f24e56d4f7086808759fbc,08c5005214cd8d3f8467c016df3ec603689797537f4315102e875bd74901ec59
lotto_america,2022-10-17,musl_lotto_america,https://www.powerball.com/draw-result?date=2022-10-17&gc=lotto-america,81e051f2548e60564f989e98dacc089f31c6287f3fc60b1ae12830fc4e31610d,c44e6e775dbb383266d6b9833ca713036df4363a5986ca5ec1da98e61e034d71,iowa_lottery_lotto_america,https://www.ialottery.com/Pages/Games-Online/LottoAmericaWin.aspx,a6595ec82e37da80404f94e9b7c4b95e74c01e1186000a12dc63aeb8cf7664ca,08c5005214cd8d3f8467c016df3ec603689797537f4315102e875bd74901ec59
lotto_america,2022-10-19,musl_lotto_america,https://www.powerball.com/draw-result?date=2022-10-19&gc=lotto-america,de71f07ae0975d03124907894d74a213e344f8beb5421b653fb35f76ed7964dd,415b4a51a9d74cf75c73a8bf8b365da2ac14034fa8ad0a52494a9a9343f4f445,iowa_lottery_lotto_america,https://www.ialottery.com/Pages/Games-Online/LottoAmericaWin.aspx,d749ecbc28622c47610ed796ffaea3af8c2baa9b5e3c6efcd4e97b15a4cabc16,08c5005214cd8d3f8467c016df3ec603689797537f4315102e875bd74901ec59
lotto_america,2022-10-22,musl_lotto_america,https://www.powerball.com/draw-result?date=2022-10-22&gc=lotto-america,6a0392f5cd7e0860a53fc67837bf7fdeb3494efe8b71d1685a002b984a3dc907,9778a96f1b56e2075258871af9cb90a340342692fbf4ee326fe570ba4de5276a,iowa_lottery_lotto_america,https://www.ialottery.com/Pages/Games-Online/LottoAmericaWin.aspx,f578558e50696f6bdc63e554dcdca5b437f55d5a01807ae90dcdfef60d260d5f,08c5005214cd8d3f8467c016df3ec603689797537f4315102e875bd74901ec59
lotto_america,2022-10-24,musl_lotto_america,https://www.powerball.com/draw-result?date=2022-10-24&gc=lotto-america,679df849a0fc51c3201878439d8d68fab58978e927eae80968b2251b6045ba6a,cec9bcf176af3808c37458defe3e36b1d01369dd08b6b3de253c76a0bab05543,iowa_lottery_lotto_america,https://www.ialottery.com/Pages/Games-Online/LottoAmericaWin.aspx,acf2af4d00c9340d95092d963627c420cf95f32c6b98015533b8d9f4349fb91f,08c5005214cd8d3f8467c016df3ec603689797537f4315102e875bd74901ec59
lotto_america,2022-10-26,musl_lotto_america,https://www.powerball.com/draw-result?date=2022-10-26&gc=lotto-america,48ec3077a017a7ad8e43edea96431b0d67c83714b51653e0351a9bd5e033227e,2dc1b3544f5d03b47457832f56b7c62e193295b21055b94c4db643d2bab8420e,iowa_lottery_lotto_america,https://www.ialottery.com/Pages/Games-Online/LottoAmericaWin.aspx,fb1d02eb4a322e45bee095aa54d5f44d77e163563315dc3c0ae5007d583eec8d,08c5005214cd8d3f8467c016df3ec603689797537f4315102e875bd74901ec59
lotto_america,2022-10-29,musl_lotto_america,https://www.powerball.com/draw-result?date=2022-10-29&gc=lotto-america,b448ffbe6413d1aaf06a371f556085691cd59faf13c8d65ee4a169af8bd0fb64,718c8305a1150ff5073c6d0056948667a95b074519e01b6da2dbe3461bdfee6e,iowa_lottery_lotto_america,https://www.ialottery.com/Pages/Games-Online/LottoAmericaWin.aspx,4585edc9a6455742bbc3ae101f9fe7f100150223b58b8fffc0d9a015b57503b9,08c5005214cd8d3f8467c016df3ec603689797537f4315102e875bd74901ec59
lotto_america,2022-10-31,musl_lotto_america,https://www.powerball.com/draw-result?date=2022-10-31&gc=lotto-america,c1d286493c57aa2b0d44f9c6de91ed5d3338930b773d31723e23a3609a92195b,19a2de3e456ae106f544cb25a0aafd0dee7abef440f15bc950449d8d28b5f447,iowa_lottery_lotto_america,https://www.ialottery.com/Pages/Games-Online/LottoAmericaWin.aspx,f1db47e12f76ebdfa729e2c523315268bdccbc98d24513acf88d26afff0b258f,08c5005214cd8d3f8467c016df3ec603689797537f4315102e875bd74901ec59
lotto_america,2022-11-02,musl_lotto_america,https://www.powerball.com/draw-result?date=2022-11-02&gc=lotto-america,8782821be871b3254a586c3b7353c8f6474fe80837e6fd1b07b128a828df56bb,88556daf28d868d89190f66bf03d74dbcc1df8e363431cd45baccaadf283b003,iowa_lottery_lotto_america,https://www.ialottery.com/Pages/Games-Online/LottoAmericaWin.aspx,8370320522f2f9f46c41d691ed27f809bef31eb3ac8902b587bd2cb6442bc5e3,08c5005214cd8d3f8467c016df3ec603689797537f4315102e875bd74901ec59
lotto_america,2022-11-05,musl_lotto_america,https://www.powerball.com/draw-result?date=2022-11-05&gc=lotto-america,7449ac12fd6cb006868b380f13b5768655cd05a9caec316db9d28eae6c6d9951,053fe8245d5e4583fc58e96b9ec0366ba829ed49bee9083c2470a5d59bc9710f,iowa_lottery_lotto_america,https://www.ialottery.com/Pages/Games-Online/LottoAmericaWin.aspx,48458f43d0635ce0d50b74bd3dac95ebbd9a2b622441c4ee490a148f6ce35a26,2f5419ddf8b680fb192e7ca691d144a1b07a5104ad253ae2c3832592be622051
lotto_america,2022-11-07,musl_lotto_america,https://www.powerball.com/draw-result?date=2022-11-07&gc=lotto-america,063f1a89b35e857a37a7a7dbce3dcba16c09b27216d86be4b71d77cc461c1f2d,f6e273c0c60a9a44e6340fa3d50ecc5f60699d3e6251b5e03904ef24242de414,iowa_lottery_lotto_america,https://www.ialottery.com/Pages/Games-Online/LottoAmericaWin.aspx,e75a2ef6eaeddcc6524460a2c23d2b0eece1acc7af0a4291a84734749617db0e,2f5419ddf8b680fb192e7ca691d144a1b07a5104ad253ae2c3832592be622051
lotto_america,2022-11-09,musl_lotto_america,https://www.powerball.com/draw-result?date=2022-11-09&gc=lotto-america,904508a9ffc38a7a4c6cbd5412ce8e143003fed38147b92f2cced5758b2ee840,4de4fdd088877a61500be83acc927965f3817c64471dfabbf4e8d64a95224a09,iowa_lottery_lotto_america,https://www.ialottery.com/Pages/Games-Online/LottoAmericaWin.aspx,18c6f27dd234231e51fb210a12bf464e3cb0b7bd994ff32512305bcb19049d81,2f5419ddf8b680fb192e7ca691d144a1b07a5104ad253ae2c3832592be622051
lotto_america,2022-11-12,musl_lotto_america,https://www.powerball.com/draw-result?date=2022-11-12&gc=lotto-america,5f3e90614f95b30c00a935f6721f156e6afcb9064ad9eaa906ce03d561f591bd,b31fb063538430e955fc2feca950e00672f2da0b83264329c1e2b75d1e73b67c,iowa_lottery_lotto_america,https://www.ialottery.com/Pages/Games-Online/LottoAmericaWin.aspx,392b9367c80c351d3d03ea36ae7e3b389924fdd84ac0380c34c019ddcf360f87,2f5419ddf8b680fb192e7ca691d144a1b07a5104ad253ae2c3832592be622051
lotto_america,2022-11-14,musl_lotto_america,https://www.powerball.com/draw-result?date=2022-11-14&gc=lotto-america,0400cd9866472d4187956ef85896df7cb6d593fcc2c5773abbeb2d9d07534932,835473a1c7fcaa1953a21a8c1f5a49a792990e175678d08134fca05fd919b5a2,iowa_lottery_lotto_america,https://www.ialottery.com/Pages/Games-Online/LottoAmericaWin.aspx,105cbfb6959737b3358f664193c795cef596cf7b3ecc3fbd61b41b8074d33617,2f5419ddf8b680fb192e7ca691d144a1b07a5104ad253ae2c3832592be622051
lotto_america,2022-11-16,musl_lotto_america,https://www.powerball.com/draw-result?date=2022-11-16&gc=lotto-america,66fd4f639cf4117be7951ac0cd2f5b4b50034f827abff913eada08ef55ed1a1b,768b75c108e149c693a46ce84d1f24ba1c0d38b2de2edf0027dc826421d3068e,iowa_lottery_lotto_america,https://www.ialottery.com/Pages/Games-Online/LottoAmericaWin.aspx,5b89af170418b18753569cab834ba4163daf79108133f87cc980a183da6c48be,2f5419ddf8b680fb192e7ca691d144a1b07a5104ad253ae2c3832592be622051
lotto_america,2022-11-19,musl_lotto_america,https://www.powerball.com/draw-result?date=2022-11-19&gc=lotto-america,2b2be4d2c3b6e5a2b02248c75ebc6526e5a98fed1cecd8acad6683443f092dee,d48f9414991d540c53de566311d483dbd03c45df1a47d9b87cd3e1e4b98d415f,iowa_lottery_lotto_america,https://www.ialottery.com/Pages/Games-Online/LottoAmericaWin.aspx,f21031f4b2fa422efd4584cecbfb61f77d6fbec1885d4dc7d349fd44552b72b8,2f5419ddf8b680fb192e7ca691d144a1b07a5104ad253ae2c3832592be622051
lotto_america,2022-11-21,musl_lotto_america,https://www.powerball.com/draw-result?date=2022-11-21&gc=lotto-america,8886b20da04ee9da5bb48f8cfb163e1c39e4e3ebf6b57d0d60e802e60d89fec5,652ae1202b55a2ac805c6b74c8f09edb65e5c933f9218b469e4645bfff1eceb4,iowa_lottery_lotto_america,https://www.ialottery.com/Pages/Games-Online/LottoAmericaWin.aspx,3355d7715b5af561709b1fc9fd1fb67e9c8ee13aac7a273df7ff31ae204fb1db,2f5419ddf8b680fb192e7ca691d144a1b07a5104ad253ae2c3832592be622051
lotto_america,2022-11-23,musl_lotto_america,https://www.powerball.com/draw-result?date=2022-11-23&gc=lotto-america,7010c01fa7b73b3eaa28401721654d6728bbc91183f7268012374a447569c33a,ba3f42ee46b6a214cdacf1ab63431f122707a330595c4eb667709a4a502200da,iowa_lottery_lotto_america,https://www.ialottery.com/Pages/Games-Online/LottoAmericaWin.aspx,614f71316b3bb7654a0248ea7c9a018e2ec3999c0dc6d0c32e900399a5aae448,2f5419ddf8b680fb192e7ca691d144a1b07a5104ad253ae2c3832592be622051
lotto_america,2022-11-26,musl_lotto_america,https://www.powerball.com/draw-result?date=2022-11-26&gc=lotto-america,7bbc48deb08fc42283fa41c0f618bb64be257180c7272e60c0d6c357ace8d313,8f842d75bd51af7769ad5a7068bcfa9881b008da627b98c85e05263956560fe6,iowa_lottery_lotto_america,https://www.ialottery.com/Pages/Games-Online/LottoAmericaWin.aspx,abc58c237a1584f7488c3020b0bbe1eb71497297b07ea44421cdaa844b67d014,2f5419ddf8b680fb192e7ca691d144a1b07a5104ad253ae2c3832592be622051
lotto_america,2022-11-28,musl_lotto_america,https://www.powerball.com/draw-result?date=2022-11-28&gc=lotto-america,6c0261127ea1736b86d27c887aec1858bb699ff4b40b0c2803004e99716fa6e8,679f601f884a4e1a04a48e90b99d50a3ce3b9da1ecbdde453d9a95dcefabc544,iowa_lottery_lotto_america,https://www.ialottery.com/Pages/Games-Online/LottoAmericaWin.aspx,6d6632316f7c3afa64a77566da18a5000090babce9fd21e20a56bef6aa466c36,2f5419ddf8b680fb192e7ca691d144a1b07a5104ad253ae2c3832592be622051
lotto_america,2022-11-30,musl_lotto_america,https://www.powerball.com/draw-result?date=2022-11-30&gc=lotto-america,0c214a5127dfc71e6cd8a34e1bf73a011c310a0007da80c8ca8dbd0fe1f19e67,474215ad3874ca28650c65804884de2b41df80755598a3964e580345a3d3785e,iowa_lottery_lotto_america,https://www.ialottery.com/Pages/Games-Online/LottoAmericaWin.aspx,ecf6daa20de39b69e3965ca205b773e7f3682c6bd8d7a0afbf4a77cf0ae4b80d,2f5419ddf8b680fb192e7ca691d144a1b07a5104ad253ae2c3832592be622051
lotto_america,2022-12-03,musl_lotto_america,https://www.powerball.com/draw-result?date=2022-12-03&gc=lotto-america,8f31ab4a9358c7bc5bf6e1b9bcadb803796876bf6aa8893457529f6514e7a32e,b4bc849579fc5c2ebb734d53ea263939f3423ab1cc912223d5ba872abafbab10,iowa_lottery_lotto_america,https://www.ialottery.com/Pages/Games-Online/LottoAmericaWin.aspx,4e6c700f1e42a79df2378db965f94b96e138ad67d28632b3fa6defb5e9c75ae5,2f5419ddf8b680fb192e7ca691d144a1b07a5104ad253ae2c3832592be622051
lotto_america,2022-12-05,musl_lotto_america,https://www.powerball.com/draw-result?date=2022-12-05&gc=lotto-america,3f2f46664663a448735be7f27dafb7f0f587f0d2eb93e2264d90b4f5019293b3,3c6d1cfc076e5702d5157e3a947aa95d9cac0afe4e5d65332f17499031ce928d,iowa_lottery_lotto_america,https://www.ialottery.com/Pages/Games-Online/LottoAmericaWin.aspx,cbd74bd848b736c713269bf8bf1bb216f72656161867b11ac06372cf7c3ca35f,5b63933ade3950c2c631f135fa19a6f79b648a57aaa6f5b6424af3e3f7fbc7ab
lotto_america,2022-12-07,musl_lotto_america,https://www.powerball.com/draw-result?date=2022-12-07&gc=lotto-america,74c25849f374cfbddfba694ef459e1e50bd8af062d647fa7d586f79296a495a6,4110c50bb56f6ba20dcd277ce4f91a646067aa2afbfda722ba1777c6191648ab,iowa_lottery_lotto_america,https://www.ialottery.com/Pages/Games-Online/LottoAmericaWin.aspx,ce6a3fef9ce5d863dcc9f82792f748e6ef9e190f819826495be862fc821627ef,5b63933ade3950c2c631f135fa19a6f79b648a57aaa6f5b6424af3e3f7fbc7ab
lotto_america,2022-12-10,musl_lotto_america,https://www.powerball.com/draw-result?date=2022-12-10&gc=lotto-america,368d9356ace799d00efe3f89db68f28ec16ed99d964f4c9a9a255028d00a3bc6,6a650eee9de89eed610f28dddb10078043cf0912db6b8903cddbcc48313e035f,iowa_lottery_lotto_america,https://www.ialottery.com/Pages/Games-Online/LottoAmericaWin.aspx,1d413f4c9edaff8e6eeefcf07ff7ddbdf64252590458af42aeed0ff33aa5614d,5b63933ade3950c2c631f135fa19a6f79b648a57aaa6f5b6424af3e3f7fbc7ab
lotto_america,2022-12-12,musl_lotto_america,https://www.powerball.com/draw-result?date=2022-12-12&gc=lotto-america,7c77e8b785f893da6c3048bc1427dae346db58ca82bc858065aea335e76a8b55,b54874a8ddca4419201de347a3e62f2d94021d5e7f34943a3209f5323f8bf6fb,iowa_lottery_lotto_america,https://www.ialottery.com/Pages/Games-Online/LottoAmericaWin.aspx,e98bed707cb13fdf7a16ba4a971e6fb8bfd6829ae82e2e65a7d69fca5c8f2888,5b63933ade3950c2c631f135fa19a6f79b648a57aaa6f5b6424af3e3f7fbc7ab
lotto_america,2022-12-14,musl_lotto_america,https://www.powerball.com/draw-result?date=2022-12-14&gc=lotto-america,b72879d10a7cda2880fbe862fb8a80b03338e63c6839780111829b7e6d180d26,9cc330f8d4429c55268594b55574c40021078f1de460e047a11bc3c09afe987d,iowa_lottery_lotto_america,https://www.ialottery.com/Pages/Games-Online/LottoAmericaWin.aspx,427d6e32460a14c015c617d20c581c7fab4a857e17049d62e782447715847d86,5b63933ade3950c2c631f135fa19a6f79b648a57aaa6f5b6424af3e3f7fbc7ab
lotto_america,2022-12-17,musl_lotto_america,https://www.powerball.com/draw-result?date=2022-12-17&gc=lotto-america,3efe3f5690c277dde9bbaaf9779eb65a44ab52106b47f05a86f357c9a9aa55e4,94fb483fba89dccd8a684d9551949f709c11dcc7439fc5e9f09e79dcafc6b27e,iowa_lottery_lotto_america,https://www.ialottery.com/Pages/Games-Online/LottoAmericaWin.aspx,b52a2df5116e96f1a65dd940401603e1c24ac6f5e9c33fb4c7d4834956318014,5b63933ade3950c2c631f135fa19a6f79b648a57aaa6f5b6424af3e3f7fbc7ab
lotto_america,2022-12-19,musl_lotto_america,https://www.powerball.com/draw-result?date=2022-12-19&gc=lotto-america,87ad297d938b8dd7c87a186bbb6a50f3ef2a0531b64967d4d7f42e6142adba20,1b4dcb99cf08576e357a8fa847c73638700529f511e2de2ba2b272150456a86d,iowa_lottery_lotto_america,https://www.ialottery.com/Pages/Games-Online/LottoAmericaWin.aspx,e476210c8af6c1cda2e19a8be19c78c07cb05c68418b737606c93e1bfba80bd8,5b63933ade3950c2c631f135fa19a6f79b648a57aaa6f5b6424af3e3f7fbc7ab
lotto_america,2022-12-21,musl_lotto_america,https://www.powerball.com/draw-result?date=2022-12-21&gc=lotto-america,ec23889f02a3ac63543e434457a53ba11ca0441556ce18961121623d7c12773b,6a258d8e278f9509c85fd0e5032c8154148e365f64a4dda8513200d8765d0ffa,iowa_lottery_lotto_america,https://www.ialottery.com/Pages/Games-Online/LottoAmericaWin.aspx,a92f18ff9671d2068a8eb489cd9763f1ab60a2daa59eb22816c101c1f7acb207,5b63933ade3950c2c631f135fa19a6f79b648a57aaa6f5b6424af3e3f7fbc7ab
lotto_america,2022-12-24,musl_lotto_america,https://www.powerball.com/draw-result?date=2022-12-24&gc=lotto-america,28b382fdd33689344a1568b88d8450cedb092f06e10d166423a2da27c22036c6,83be8b01e82a38137a63867ec227f0f14df8627d3373e005cf4f6035348a6273,iowa_lottery_lotto_america,https://www.ialottery.com/Pages/Games-Online/LottoAmericaWin.aspx,dab92d12002be62f8dda7e85a5fd0087eddba6cce48fab4d517170486f74ed7a,5b63933ade3950c2c631f135fa19a6f79b648a57aaa6f5b6424af3e3f7fbc7ab
lotto_america,2022-12-26,musl_lotto_america,https://www.powerball.com/draw-result?date=2022-12-26&gc=lotto-america,895fcc3fc2b72887173781436c9c1d7fb36384f7ed9ca187786832943440e447,efff756c27db8296b8f9f66d8b07e8f52477ae71b9c9e46b5de91913d8c6ac21,iowa_lottery_lotto_america,https://www.ialottery.com/Pages/Games-Online/LottoAmericaWin.aspx,b64f46bfe8c99a1d21a5b1f46a7931e789231d4d3bf5816bf03fa029ee12fb66,5b63933ade3950c2c631f135fa19a6f79b648a57aaa6f5b6424af3e3f7fbc7ab
lotto_america,2022-12-28,musl_lotto_america,https://www.powerball.com/draw-result?date=2022-12-28&gc=lotto-america,4251b8f16bf914b6443421bcb0b7b071ce4377dd1d63229ee238b0022782789b,9ee8220431ad1829bf8813dc31fefd924a41b77dc077e633a184baf96c9abeff,iowa_lottery_lotto_america,https://www.ialottery.com/Pages/Games-Online/LottoAmericaWin.aspx,12275b3f94178a0209c7a30407db5f2bd6b15cf2ed56855f298b58d609fdfe7f,5b63933ade3950c2c631f135fa19a6f79b648a57aaa6f5b6424af3e3f7fbc7ab
lotto_america,2022-12-31,musl_lotto_america,https://www.powerball.com/draw-result?date=2022-12-31&gc=lotto-america,08bb64beab4cfde29b91f89abba834033e350f0018189e9a2cab05f8d3e1ae2b,9c1d0f781da22c0dcf9e3e47b156cd8d2e2f0edc4a92fdea9d5c953b5510d43c,iowa_lottery_lotto_america,https://www.ialottery.com/Pages/Games-Online/LottoAmericaWin.aspx,7305bbffe81f70a56278144e1705ab0c7801a8b202769a887a645a04a7945679,5b63933ade3950c2c631f135fa19a6f79b648a57aaa6f5b6424af3e3f7fbc7ab
lotto_america,2023-01-02,musl_lotto_america,https://www.powerball.com/draw-result?date=2023-01-02&gc=lotto-america,e46ad88432a537911b9f19a2b8546ad571e3e20a73c28db45d2eff0adcfc791d,6e3e436446790598151e527f276ace970a9d9a0d3bbc9942c5933072b1d7b2b8,iowa_lottery_lotto_america,https://www.ialottery.com/Pages/Games-Online/LottoAmericaWin.aspx,9418006c64f85e44b0a2d96cd9ade5c937d60dbb6a3faf6bd29395f27d60ed8a,5b63933ade3950c2c631f135fa19a6f79b648a57aaa6f5b6424af3e3f7fbc7ab
lotto_america,2023-01-04,musl_lotto_america,https://www.powerball.com/draw-result?date=2023-01-04&gc=lotto-america,f1f58ec39521ede3a79453d9a534ccd01280b6de9dd9a1625dc85a99d8a6e4d7,1013d1e415501abbd28c35bbb85fcb9fa2f31fa66c3c4ac260e5f5a5ace02ed7,iowa_lottery_lotto_america,https://www.ialottery.com/Pages/Games-Online/LottoAmericaWin.aspx,15ae0413377dc3e47f2943c62cd962268103103159b635c855008b7fa2c0344f,b389b2fe57eeb5f5a53e0ae98b26acfbb1084a5a94013189a1d875e5c92fbe39
lotto_america,2023-01-07,musl_lotto_america,https://www.powerball.com/draw-result?date=2023-01-07&gc=lotto-america,64588e05125c6e8e0502c85b76b6abc614ba605fde9769fb2c2a78502e6dc84a,fa19df7b1c9d0585b1e051bcf5580f1a23fcb5e50d7b563081a4b7b2d34aa1e1,iowa_lottery_lotto_america,https://www.ialottery.com/Pages/Games-Online/LottoAmericaWin.aspx,a1762e64834543822afc205e3636c1076806bd93b87540089c13998877851ec6,b389b2fe57eeb5f5a53e0ae98b26acfbb1084a5a94013189a1d875e5c92fbe39
lotto_america,2023-01-09,musl_lotto_america,https://www.powerball.com/draw-result?date=2023-01-09&gc=lotto-america,7f594aec50a2ca10ef47ed96ab3bfc20002ffeba924075d886cc49bd524e634a,f6cc951d69036cac17e8a2653c0c50f6d53bb52d59a00d447e3d1f82ee64ed56,iowa_lottery_lotto_america,https://www.ialottery.com/Pages/Games-Online/LottoAmericaWin.aspx,d0a6e44ee079da3aad850e3c91403746f841cfde1459242d4cd0c1fc03dee1c9,b389b2fe57eeb5f5a53e0ae98b26acfbb1084a5a94013189a1d875e5c92fbe39
lotto_america,2023-01-11,musl_lotto_america,https://www.powerball.com/draw-result?date=2023-01-11&gc=lotto-america,68a18900dc06175b2cf8757040e03d67efe98c8a73dfb088db20ceaec4980ab1,bcd6c0e7c149b579b01de0ad3505e64c6d10c4689a3f491c38a7b92034645473,iowa_lottery_lotto_america,https://www.ialottery.com/Pages/Games-Online/LottoAmericaWin.aspx,c2a2562b10bfcb392ff813dc95f2b797ae6ffe068238ecc297f96c8ce6c48d76,b389b2fe57eeb5f5a53e0ae98b26acfbb1084a5a94013189a1d875e5c92fbe39
lotto_america,2023-01-14,musl_lotto_america,https://www.powerball.com/draw-result?date=2023-01-14&gc=lotto-america,f80a856ca449f9930d3da327092eab93f3aeefdac87196039952a8b0538df795,d282b4a0a94df1ee79285b5fc2a256d332958be5af98f92b2a9dc0d1f8d1a286,iowa_lottery_lotto_america,https://www.ialottery.com/Pages/Games-Online/LottoAmericaWin.aspx,c7764d42e996e19adb60047e4857306c08fa5b7a849351fb0f39306b523513ad,b389b2fe57eeb5f5a53e0ae98b26acfbb1084a5a94013189a1d875e5c92fbe39
lotto_america,2023-01-16,musl_lotto_america,https://www.powerball.com/draw-result?date=2023-01-16&gc=lotto-america,b5b6ade5e14854d0a9d0442a8e1b6852dafb1edf856f208eef1d4af419a8646e,162f5feb416e0031b51dde49785a9f265c07224981f1f50c87f41521e2761f18,iowa_lottery_lotto_america,https://www.ialottery.com/Pages/Games-Online/LottoAmericaWin.aspx,48b1cd24631a2c9085c3bee59a0a8ea677cb52c207c3b666715de116d24b1b62,b389b2fe57eeb5f5a53e0ae98b26acfbb1084a5a94013189a1d875e5c92fbe39
lotto_america,2023-01-18,musl_lotto_america,https://www.powerball.com/draw-result?date=2023-01-18&gc=lotto-america,c6954d0502fe129fa3bb10eba00bf19fce86695900224ef19da0c03b1aba7c0b,f9a903396deeff8671f2bc05009c5dcf938021e07cc4b49aadf41e876e0078dc,iowa_lottery_lotto_america,https://www.ialottery.com/Pages/Games-Online/LottoAmericaWin.aspx,b94d2718d7f9ceccfe239d33165888ac73ee59f7155f4aa16eff23545dda6b9c,b389b2fe57eeb5f5a53e0ae98b26acfbb1084a5a94013189a1d875e5c92fbe39
lotto_america,2023-01-21,musl_lotto_america,https://www.powerball.com/draw-result?date=2023-01-21&gc=lotto-america,5c5ebbeabf87e2f569779fe5de48fec5f8b139339b3077678d15e0b18933caef,9d7a31eeb133d1bc6778c7bfc6be204c7326fefecb2c8e40f2835c019627d374,iowa_lottery_lotto_america,https://www.ialottery.com/Pages/Games-Online/LottoAmericaWin.aspx,64c5d80d48d07684688d1c3c57905d833ace960e3ca1e3b92bc181919be7e666,b389b2fe57eeb5f5a53e0ae98b26acfbb1084a5a94013189a1d875e5c92fbe39
lotto_america,2023-01-23,musl_lotto_america,https://www.powerball.com/draw-result?date=2023-01-23&gc=lotto-america,3517f1a135dee94cdbf2a8b7ece5abe5b91a06860bce0d7074f0a6476b6a60ea,688c40490e31eec7a80dd7e93c32f37744fb30d273ae2a322d3264499dce7aba,iowa_lottery_lotto_america,https://www.ialottery.com/Pages/Games-Online/LottoAmericaWin.aspx,50fc79a1c971ffd5d5c624b09fcaaf41de58a9ac5da7329484bb00c18e503ebd,b389b2fe57eeb5f5a53e0ae98b26acfbb1084a5a94013189a1d875e5c92fbe39
lotto_america,2023-01-25,musl_lotto_america,https://www.powerball.com/draw-result?date=2023-01-25&gc=lotto-america,edd35237204f82945f7fca3006d2060ca05ddb1131cb264ea3ba68c3293208d6,fc9eea7ea40eb7e7c6d62bb2cbbc817a77f66b76419d2d722d8bd0b3f51efb4f,iowa_lottery_lotto_america,https://www.ialottery.com/Pages/Games-Online/LottoAmericaWin.aspx,b60dd50fbdb95f039e86f81b3d272a6171e9b60b58ea0ce37d9783a28d8ad411,b389b2fe57eeb5f5a53e0ae98b26acfbb1084a5a94013189a1d875e5c92fbe39
lotto_america,2023-01-28,musl_lotto_america,https://www.powerball.com/draw-result?date=2023-01-28&gc=lotto-america,4cb5f97c10bb9ad86da712bd13b84722a61f16ec50a55011c54fb87bb41a4d30,1c90419d1135308c10790cf2f2f6142cc46f08c94a63e54c8d191211ae2d5859,iowa_lottery_lotto_america,https://www.ialottery.com/Pages/Games-Online/LottoAmericaWin.aspx,5bd1aaaccc2ea23f6b4e79191a1c723666f4cc631694e3466d74dbb017550dc9,b389b2fe57eeb5f5a53e0ae98b26acfbb1084a5a94013189a1d875e5c92fbe39
lotto_america,2023-01-30,musl_lotto_america,https://www.powerball.com/draw-result?date=2023-01-30&gc=lotto-america,33050379cc30f98c3d49133d3efae0153539f424ff355a1e36c4e95cfe9127bc,85604f18f327e298dedf9d72616c439b81b3dc9849b070f2aaff39ad147ebbad,iowa_lottery_lotto_america,https://www.ialottery.com/Pages/Games-Online/LottoAmericaWin.aspx,dad361e8e4ed42f0f12b68354b17894fc3373725bb1afa119ae70f328511e984,b389b2fe57eeb5f5a53e0ae98b26acfbb1084a5a94013189a1d875e5c92fbe39
lotto_america,2023-02-01,musl_lotto_america,https://www.powerball.com/draw-result?date=2023-02-01&gc=lotto-america,28df6fdee73bc1d4a1ff3526afc4f1f63871f1e69641f2abf71e8221e00ba6f3,b13f568d37b8b610f1e8f1889a12ed5822f197115ceb4d60d9778ea07a0b5ced,iowa_lottery_lotto_america,https://www.ialottery.com/Pages/Games-Online/LottoAmericaWin.aspx,e407d03c79d682fd65501474793804327d0c614455cfeb51727821ad4ab90224,4bf011df3431edf20b018865305191703731566e168a2758c8bc95ab4c381766
lotto_america,2023-02-04,musl_lotto_america,https://www.powerball.com/draw-result?date=2023-02-04&gc=lotto-america,9978a78c8157f68e648ff879339b1836b8f1fd34e32b9949e199d74623a90854,52f9ed3464da35972495a418a3a9796108b718e40435446df86299e792c96958,iowa_lottery_lotto_america,https://www.ialottery.com/Pages/Games-Online/LottoAmericaWin.aspx,a52010101552bad19b7d8c39a831407629307f089ab42579296e8d60fa708378,4bf011df3431edf20b018865305191703731566e168a2758c8bc95ab4c381766
lotto_america,2023-02-06,musl_lotto_america,https://www.powerball.com/draw-result?date=2023-02-06&gc=lotto-america,48415fa3d7e3eab7656aad8a3b9cbeb9c70630c10c6b4f65ec774ec850077641,d6b32b2ff5e800579efe9643a362467a90b9c9bb5701eadba23e754c954775c7,iowa_lottery_lotto_america,https://www.ialottery.com/Pages/Games-Online/LottoAmericaWin.aspx,e762bc53a9150d8cb10e60c8338ca4cc29212dd1aa04d4fe7f7168129e9e7eaa,4bf011df3431edf20b018865305191703731566e168a2758c8bc95ab4c381766
lotto_america,2023-02-08,musl_lotto_america,https://www.powerball.com/draw-result?date=2023-02-08&gc=lotto-america,ac86863b7af437c92a6fe8b7dc0dc96f6b9f9a441848722443eaac2b98c9b0ba,aeac46057145f56455ca27cbc0d9ad20c21ff80382ae581381e15a493e00ad45,iowa_lottery_lotto_america,https://www.ialottery.com/Pages/Games-Online/LottoAmericaWin.aspx,618aa79eeeee6488f0116be54021b6ba6a02e7ffbde0f1d99b2268bf53a05b06,4bf011df3431edf20b018865305191703731566e168a2758c8bc95ab4c381766
lotto_america,2023-02-11,musl_lotto_america,https://www.powerball.com/draw-result?date=2023-02-11&gc=lotto-america,7d8622e3b4dfb75d106d4241998a4993ebb4b3d99f76d4723936932f3388529e,d62bee2803b88377ab85a0f0eab0824cd805e73eb05ae02b033c3f3964ec4117,iowa_lottery_lotto_america,https://www.ialottery.com/Pages/Games-Online/LottoAmericaWin.aspx,6fd3cf1d8181eb1b7cd549d52710a52307583fb3befd5e02fff7529c7375d0c4,4bf011df3431edf20b018865305191703731566e168a2758c8bc95ab4c381766
lotto_america,2023-02-13,musl_lotto_america,https://www.powerball.com/draw-result?date=2023-02-13&gc=lotto-america,2eb2d5544f49b7582cc9d52b3ea403233a3badc9a54b913b0817d86b77040842,61edde49c353f0ce8bbc80a21059d0cc0a5a6340c92840aaf4e15477c64e0866,iowa_lottery_lotto_america,https://www.ialottery.com/Pages/Games-Online/LottoAmericaWin.aspx,20f931245c32832ae3a2dccca8eda0dd1edbad6b93bcf7e414ee7c67f9dad23b,4bf011df3431edf20b018865305191703731566e168a2758c8bc95ab4c381766
lotto_america,2023-02-15,musl_lotto_america,https://www.powerball.com/draw-result?date=2023-02-15&gc=lotto-america,136061dff1f9d1497b80598265c8580bdce1cc743e851f8fa5563c596cc7b7d8,d1ee968bf6b4ea1fb97da50fa76c8b91a3ac9b31ffb647aa07585939c12dc3a2,iowa_lottery_lotto_america,https://www.ialottery.com/Pages/Games-Online/LottoAmericaWin.aspx,49c83a8c30d08a79f5a5522633d160a79c3864f4bbe56a530e95ba67b93eca98,4bf011df3431edf20b018865305191703731566e168a2758c8bc95ab4c381766
lotto_america,2023-02-18,musl_lotto_america,https://www.powerball.com/draw-result?date=2023-02-18&gc=lotto-america,6085b4b6b09041d67cfe7b0d602f80a9c6dffdf4c347da829768afd876833fc3,befc4f0cb1a6ea1b08852c24e75d20676be8dbd39cd779023934154250a6cfda,iowa_lottery_lotto_america,https://www.ialottery.com/Pages/Games-Online/LottoAmericaWin.aspx,4d9d9a52399be7b4eb692def11df15dd9a90c92d1f728efe78b84faf3b85ac3e,4bf011df3431edf20b018865305191703731566e168a2758c8bc95ab4c381766
lotto_america,2023-02-20,musl_lotto_america,https://www.powerball.com/draw-result?date=2023-02-20&gc=lotto-america,55f3903815ff37d4a617f312942ae8fc9689ed3c66dc8b4d340a21e7d0923cc1,4d68b997e18e58a70245a22bb464e668786e3f247cb4fa5b6db726c676545426,iowa_lottery_lotto_america,https://www.ialottery.com/Pages/Games-Online/LottoAmericaWin.aspx,a2a36cf7481effcb215c27ae0fca92ece3cac985d9736639db27688f32e6e918,4bf011df3431edf20b018865305191703731566e168a2758c8bc95ab4c381766
lotto_america,2023-02-22,musl_lotto_america,https://www.powerball.com/draw-result?date=2023-02-22&gc=lotto-america,a5cbf007c6ac15c0ade7b76bd8cc0d32136ca943be7f6004e6671145b7484917,8549a0a4b617eb2cdda01d181c20f263b66e86340c7ebfb5f2a229bece68db16,iowa_lottery_lotto_america,https://www.ialottery.com/Pages/Games-Online/LottoAmericaWin.aspx,f05bf730d405f5ae3ebe5115611b7ddf605c327262cbdcaf0b59f5d094e93f90,4bf011df3431edf20b018865305191703731566e168a2758c8bc95ab4c381766
lotto_america,2023-02-25,musl_lotto_america,https://www.powerball.com/draw-result?date=2023-02-25&gc=lotto-america,f9dd9a95006e910caf6dd2b7c78dd1cb26328f00ff6aaadef06424a04042e5ac,ad20a19ef52e6f0f1b0e63fc91eed09089f9304bcb7a39b5a9cf25e9a0bfd53f,iowa_lottery_lotto_america,https://www.ialottery.com/Pages/Games-Online/LottoAmericaWin.aspx,59465d124b82e57d61d01af5828f8a82108d3bb3450164bd70ca36071446060e,4bf011df3431edf20b018865305191703731566e168a2758c8bc95ab4c381766
lotto_america,2023-02-27,musl_lotto_america,https://www.powerball.com/draw-result?date=2023-02-27&gc=lotto-america,52f48023b2542b388991bc80982de0d5eb7db17dc45bbe0abe220a755c2151a1,f71e71afe62841edcb9904452873cd8e6cc0a4734eb89c664c93c544a9dff3c2,iowa_lottery_lotto_america,https://www.ialottery.com/Pages/Games-Online/LottoAmericaWin.aspx,be058ef3bb874c29a7ed7e27a1c0b19b06b070cddb392bb7f4bd1c052464d22a,4bf011df3431edf20b018865305191703731566e168a2758c8bc95ab4c381766
lotto_america,2023-03-01,musl_lotto_america,https://www.powerball.com/draw-result?date=2023-03-01&gc=lotto-america,cd5d6457ce3e8a117cdacf6fea69f978fb523d460ba21639320e5224ada4b54c,75e627f9b715a8ae349914a6bf8ba3e029e16fd7f41e7affe3421084358d9407,iowa_lottery_lotto_america,https://www.ialottery.com/Pages/Games-Online/LottoAmericaWin.aspx,6fb453d68b8f4e270d965031ed6e50edeadbe3228e11c02ddb9528151d30612d,4bf011df3431edf20b018865305191703731566e168a2758c8bc95ab4c381766
lotto_america,2023-03-04,musl_lotto_america,https://www.powerball.com/draw-result?date=2023-03-04&gc=lotto-america,1d52bf16cc317f4d7778d8c59f61f40184ccca677fdd6999187dd9c47a44d9cc,69bd5c9b9fdbc1797e139ebb942163e9c3f92c561a72037a497a828cb69f7d3e,iowa_lottery_lotto_america,https://www.ialottery.com/Pages/Games-Online/LottoAmericaWin.aspx,636c57f88348b6c5d6eae669be6dc63f65a295ef99a314f4076c97eb3ddc9d60,f1d839d8085bce9c753a53d003746ead28062f278dc0a8355f2323463b5c8ec6
lotto_america,2023-03-06,musl_lotto_america,https://www.powerball.com/draw-result?date=2023-03-06&gc=lotto-america,959b365f6638e5fd72fb7e62591ca859618c0f4651e35cbe67e8f86e0761034e,ba59c89e248d0ffa13cc76427af4c28ca76f38a0bba25a3c937d7f2f32d387e2,iowa_lottery_lotto_america,https://www.ialottery.com/Pages/Games-Online/LottoAmericaWin.aspx,0e97489692c5a4c78162cf5323bed0ba568d47c63ba6d23b7c48c871b6242b41,f1d839d8085bce9c753a53d003746ead28062f278dc0a8355f2323463b5c8ec6
lotto_america,2023-03-08,musl_lotto_america,https://www.powerball.com/draw-result?date=2023-03-08&gc=lotto-america,0ea27415770ee21e56e5efd892240eeea4c8388c9b6fcfbd385341eba1362ec7,95b5f7b40a0540644fe1c7a7d671ca787d9ad1c2fa63a8b3cc7173c5cad0d38c,iowa_lottery_lotto_america,https://www.ialottery.com/Pages/Games-Online/LottoAmericaWin.aspx,f41b154cd25a6fadb5d619e4636f83b1d9ddb7e86675c9320446ba728e129061,f1d839d8085bce9c753a53d003746ead28062f278dc0a8355f2323463b5c8ec6
lotto_america,2023-03-11,musl_lotto_america,https://www.powerball.com/draw-result?date=2023-03-11&gc=lotto-america,de2f617831d4987890c68a08bbd547cd159073b2657c1cb450193f25b3fbde58,05749dc9e8c315f83c5567055e4b281852606eb5a3ebf71ab9c1fcd328ade533,iowa_lottery_lotto_america,https://www.ialottery.com/Pages/Games-Online/LottoAmericaWin.aspx,0f9ea4dd61f3adcb17974cb109a819ad06d18e20116f03e610373ced1f654a40,f1d839d8085bce9c753a53d003746ead28062f278dc0a8355f2323463b5c8ec6
lotto_america,2023-03-13,musl_lotto_america,https://www.powerball.com/draw-result?date=2023-03-13&gc=lotto-america,c3673fbbc1fccfdf9bd0f01c2763b313354c5eae0b3d4a17ae70a6de85982106,0d52900312593299cb4bb682f77f4983a81fe21ca794b547b43353fbce39e453,iowa_lottery_lotto_america,https://www.ialottery.com/Pages/Games-Online/LottoAmericaWin.aspx,5959d216a737e3b8fd6d280f225b5d3612f2ab1269eb6ec73a58187a73388100,f1d839d8085bce9c753a53d003746ead28062f278dc0a8355f2323463b5c8ec6
lotto_america,2023-03-15,musl_lotto_america,https://www.powerball.com/draw-result?date=2023-03-15&gc=lotto-america,a20dce56d569fe6b40614fc803074615cef4eca56379aec86f61d383146e18b9,4eb2234e1f129a639b74ef1f1264d23956a3c1115a66bd9013a5ceb7c9ee7eee,iowa_lottery_lotto_america,https://www.ialottery.com/Pages/Games-Online/LottoAmericaWin.aspx,1260bd929016e9c1093cecb67d1ad2968f5640f1920dace20630e6319d219c4c,f1d839d8085bce9c753a53d003746ead28062f278dc0a8355f2323463b5c8ec6
lotto_america,2023-03-18,musl_lotto_america,https://www.powerball.com/draw-result?date=2023-03-18&gc=lotto-america,8feeb211efa5b67a748d0991d474535eb45091e85f900a86996641ffcfde6db2,855dc6d7a7d0b3dd0ab8593b756afa6f9f00e5541ab10e2be8ef7176def594e6,iowa_lottery_lotto_america,https://www.ialottery.com/Pages/Games-Online/LottoAmericaWin.aspx,bbe00e46435d014dd9d8b60fe90a79f50afbaf991d84382ed0307b8c2ad25024,f1d839d8085bce9c753a53d003746ead28062f278dc0a8355f2323463b5c8ec6
lotto_america,2023-03-20,musl_lotto_america,https://www.powerball.com/draw-result?date=2023-03-20&gc=lotto-america,696a19c7a9c254ea53888b507b9635c5fe4ccaa25b20ab9e109d9523ca324870,1248288773f540e7e212bdb39b13144784b10c40cfb98cdac8bc2881423113ec,iowa_lottery_lotto_america,https://www.ialottery.com/Pages/Games-Online/LottoAmericaWin.aspx,3d5c30d2576b3b60cb0291bfc0dfa142a07581395f6522521e010aee08b05ed9,f1d839d8085bce9c753a53d003746ead28062f278dc0a8355f2323463b5c8ec6
lotto_america,2023-03-22,musl_lotto_america,https://www.powerball.com/draw-result?date=2023-03-22&gc=lotto-america,6d03554ea7044d5a85d10cb9ba1414197cda9d288ce9f7720a53cefdb0ed68ec,842d0845c63e0f5581194d9d4eff97f4f5639fa3df3266516d83d3736f3183ad,iowa_lottery_lotto_america,https://www.ialottery.com/Pages/Games-Online/LottoAmericaWin.aspx,cd4e571f8d648e59852f39b209cb010d12b3139b5c57b172e5e7635072714cec,f1d839d8085bce9c753a53d003746ead28062f278dc0a8355f2323463b5c8ec6
lotto_america,2023-03-25,musl_lotto_america,https://www.powerball.com/draw-result?date=2023-03-25&gc=lotto-america,c6c15825875de147b4b50113011a28320a7f80211568f3aa6a27e6e5cc2d20e5,59ccfdddc23813ac4abc6ecfcd449850feb2c5272809d7bd191aab2fb7313d4c,iowa_lottery_lotto_america,https://www.ialottery.com/Pages/Games-Online/LottoAmericaWin.aspx,dc693276703f68bc85dd1d94482029ded495d4e0aa1511e22a55c39a9c079b2b,f1d839d8085bce9c753a53d003746ead28062f278dc0a8355f2323463b5c8ec6
lotto_america,2023-03-27,musl_lotto_america,https://www.powerball.com/draw-result?date=2023-03-27&gc=lotto-america,1a63bcacafe2da2e7bdd6df098df1505f7afad240730a823831f7ee58a949aac,d686f0f43b14b9bb5d1ff69dde8f0d5d52baee64894801a48845482e65bfa140,iowa_lottery_lotto_america,https://www.ialottery.com/Pages/Games-Online/LottoAmericaWin.aspx,5775f3b8315a70bdd2c43c4303637e51dc10eef5a0612ec7f71cb988ac18926c,f1d839d8085bce9c753a53d003746ead28062f278dc0a8355f2323463b5c8ec6
lotto_america,2023-03-29,musl_lotto_america,https://www.powerball.com/draw-result?date=2023-03-29&gc=lotto-america,625d4d5de2637922187d512e710b741571da009eb0de704983e1bce078a65b23,86d67e2a622b6f36f7c0d32d74169535e7d2feaee7dec239c88b7c618158bcac,iowa_lottery_lotto_america,https://www.ialottery.com/Pages/Games-Online/LottoAmericaWin.aspx,7c9684a5e4eefa3b640654972a0530bb402e14485674337a233447d1a0580974,f1d839d8085bce9c753a53d003746ead28062f278dc0a8355f2323463b5c8ec6
lotto_america,2023-04-01,musl_lotto_america,https://www.powerball.com/draw-result?date=2023-04-01&gc=lotto-america,faee2f45a6f10aa9a6000f76fa4984bbc5e7b8974ed89cc74f7595cd9e78a301,231b43db4a704db18c0f665fcfd55cd68a9a7a99f9947df9cc6a3704f2343372,iowa_lottery_lotto_america,https://www.ialottery.com/Pages/Games-Online/LottoAmericaWin.aspx,795e2d8d3b41e0e16a97329466a0d76bfefdf1588a8c4eabf6691c8a1a6bd7d1,f1d839d8085bce9c753a53d003746ead28062f278dc0a8355f2323463b5c8ec6
lotto_america,2023-04-03,musl_lotto_america,https://www.powerball.com/draw-result?date=2023-04-03&gc=lotto-america,a56a53bc20a2b1d599bfaae6b3a3effbc23d35aeb716cc6f26d5335b7a0615f2,9733641647fb5f42062a8cf97fbe0b14f5d6e4b11421ce0443dc2ac3df6738c8,iowa_lottery_lotto_america,https://www.ialottery.com/Pages/Games-Online/LottoAmericaWin.aspx,62f2c6da6c2889b19ec93720353de256dea035a16eb37fbacfe5654c752e95fe,5abe0925efcef482e071152253ba4cb5e2ff3811d090679b409c5bebf6a4d50d
lotto_america,2023-04-05,musl_lotto_america,https://www.powerball.com/draw-result?date=2023-04-05&gc=lotto-america,22021719832b8a8ff0115b2f4f71d6074678c715561dd707cfd978c93fc92685,6af6bc58f706b22216aa2f7ba2b94a4824b43dc3a42bcf8d1b1342b66053c1b4,iowa_lottery_lotto_america,https://www.ialottery.com/Pages/Games-Online/LottoAmericaWin.aspx,ddf8030961381dbad888af0f93d65f9cec6143afb7f0564d3b6608f6b940a85b,dfdc1e1db9d70d7f4cd2b7bd07547c8d63639e2160703b3b2db358d211662c7b
lotto_america,2023-04-08,musl_lotto_america,https://www.powerball.com/draw-result?date=2023-04-08&gc=lotto-america,74175a22b0df8d1c0b3fb9961dd9ce1a9fcaa293d4e56fdac58035a3f0d89ac5,69ab5a2ccdc639bb83665a2c512132b76ed720ca7d75966f70c70f707130868b,iowa_lottery_lotto_america,https://www.ialottery.com/Pages/Games-Online/LottoAmericaWin.aspx,84c1ecfbd501d0b7772e0c2df2a3ec15c9f34a4ee723b0bdba707faae66fd162,dfdc1e1db9d70d7f4cd2b7bd07547c8d63639e2160703b3b2db358d211662c7b
lotto_america,2023-04-10,musl_lotto_america,https://www.powerball.com/draw-result?date=2023-04-10&gc=lotto-america,2acca7b961817ae1f21884700a1eb79c5c8e6700fa30dd45761bafb81e541c28,d67735afaf4682a83af61194893feadc33d67f07154ec2c087939f750447f354,iowa_lottery_lotto_america,https://www.ialottery.com/Pages/Games-Online/LottoAmericaWin.aspx,c291afa2fa04ab7d447090b3215f9ac1255cacf64723f11a09e6bb990ff522ad,dfdc1e1db9d70d7f4cd2b7bd07547c8d63639e2160703b3b2db358d211662c7b
lotto_america,2023-04-12,musl_lotto_america,https://www.powerball.com/draw-result?date=2023-04-12&gc=lotto-america,7db37f95470843edd640b94c7ffc5df1f9b25b6dee7a6aed305fe6879afaed5f,4d3afeb20bc16007412e65f504b41159b6951ab6ed49ca6f30b11eb777f23393,iowa_lottery_lotto_america,https://www.ialottery.com/Pages/Games-Online/LottoAmericaWin.aspx,c52bea739c25117fadf2bfddf3890c750a16c6202ef340c1cfce1f9cd9669139,dfdc1e1db9d70d7f4cd2b7bd07547c8d63639e2160703b3b2db358d211662c7b
lotto_america,2023-04-15,musl_lotto_america,https://www.powerball.com/draw-result?date=2023-04-15&gc=lotto-america,8e5ee87da713a3072d202bea533858d3b389e26df2535985dc154d0a2d26771b,9d8997097cd3e5391b3f15470bb9b2ba3c45860416eab448880653f9edbec6ca,iowa_lottery_lotto_america,https://www.ialottery.com/Pages/Games-Online/LottoAmericaWin.aspx,eadc025301ff918ff63186dbeb554a10f4fb3ea6008b2d333861e009609d2a8c,dfdc1e1db9d70d7f4cd2b7bd07547c8d63639e2160703b3b2db358d211662c7b
lotto_america,2023-04-17,musl_lotto_america,https://www.powerball.com/draw-result?date=2023-04-17&gc=lotto-america,6f93f4a41bc0269a66bbaa44b93e7dad56107465049c4b4a2d5f7503e27d425e,9fb8a3b38fd8378846cb6a0b6d575cf048607a2c8ad91f7f8a96737f892f2330,iowa_lottery_lotto_america,https://www.ialottery.com/Pages/Games-Online/LottoAmericaWin.aspx,c732e7c85de179288444536ba355908ffa1c8e12bacd532510ea2684eb7741cc,dfdc1e1db9d70d7f4cd2b7bd07547c8d63639e2160703b3b2db358d211662c7b
lotto_america,2023-04-19,musl_lotto_america,https://www.powerball.com/draw-result?date=2023-04-19&gc=lotto-america,96b994309ac02bcee645087669b9b0085d6e7f3cd4e8266e3cdb26dca6254ad1,8b913152ce2cb8e7a2db3f0682a899614deb05e40aa5a1c69ee24650b3ec713c,iowa_lottery_lotto_america,https://www.ialottery.com/Pages/Games-Online/LottoAmericaWin.aspx,f755451b46394921634eb701fd8fdbd3394e7e33a1bf3f0eb75693f2a914e0ff,dfdc1e1db9d70d7f4cd2b7bd07547c8d63639e2160703b3b2db358d211662c7b
lotto_america,2023-04-22,musl_lotto_america,https://www.powerball.com/draw-result?date=2023-04-22&gc=lotto-america,e3adbedac5afa62568f564e6cd46e89907f53c91ce70ca58add2d5f01ba9f542,17bf883b57b18c8f66c171ab9c30472e42dddafb3cbcf53404592ebe71c39537,iowa_lottery_lotto_america,https://www.ialottery.com/Pages/Games-Online/LottoAmericaWin.aspx,a00a22da70b1a2f4501a06ad7341ad457287daa74641c851da76aea6c5dafac4,dfdc1e1db9d70d7f4cd2b7bd07547c8d63639e2160703b3b2db358d211662c7b
lotto_america,2023-04-24,musl_lotto_america,https://www.powerball.com/draw-result?date=2023-04-24&gc=lotto-america,4da997707ba3040b2365e1760287480b1996e269e20a1ff053bcdd73276f31b8,bcbd4d7275cf893fa5c9883e4bdcf47d0ad7b14ee879c55b1cf4f2798ec0111c,iowa_lottery_lotto_america,https://www.ialottery.com/Pages/Games-Online/LottoAmericaWin.aspx,708fd2559685ec059a0d4235ca0ce4bd34784c7bfa043e58d31c20de08d2e05c,dfdc1e1db9d70d7f4cd2b7bd07547c8d63639e2160703b3b2db358d211662c7b
lotto_america,2023-04-26,musl_lotto_america,https://www.powerball.com/draw-result?date=2023-04-26&gc=lotto-america,c77178eb551c9abeb1e4594eea03f4e21ff8e889e371d934c98f81c453ccb4be,66e5f0133fbf51583f4818d10f98c7d2936178a0ea334e65cdce273cc55c7436,iowa_lottery_lotto_america,https://www.ialottery.com/Pages/Games-Online/LottoAmericaWin.aspx,51029f848f950c2733f9bda63a9541eab911ed9bc328b5790f135f56575493ea,dfdc1e1db9d70d7f4cd2b7bd07547c8d63639e2160703b3b2db358d211662c7b
lotto_america,2023-04-29,musl_lotto_america,https://www.powerball.com/draw-result?date=2023-04-29&gc=lotto-america,f8bb081b36e20b3bf85e6082af886e4c1ba5f1e9913df4abad1564a744ec1ad5,51bd11e41a3ffc554f88b910567a023f79977dc0b8fae73083978607355ee72f,iowa_lottery_lotto_america,https://www.ialottery.com/Pages/Games-Online/LottoAmericaWin.aspx,13349bc0d0da5c8e943acf0d68fcacccf145f952ecb43248bf2a2cb70f3c32d5,dfdc1e1db9d70d7f4cd2b7bd07547c8d63639e2160703b3b2db358d211662c7b
lotto_america,2023-05-01,musl_lotto_america,https://www.powerball.com/draw-result?date=2023-05-01&gc=lotto-america,1dc477d06cd35cc2d8aab617d61c75ff0937c85620c861ec9051d6affe40515a,09a10fa151b21d232b5a6542f8413775079591ae0d17aea3e91eedd1d5b8c2e5,iowa_lottery_lotto_america,https://www.ialottery.com/Pages/Games-Online/LottoAmericaWin.aspx,914fd355be5a67212f552afa6ba129fa4d751c1fd3bd7a10f8b4ac892e0fb50f,dfdc1e1db9d70d7f4cd2b7bd07547c8d63639e2160703b3b2db358d211662c7b
lotto_america,2023-05-03,musl_lotto_america,https://www.powerball.com/draw-result?date=2023-05-03&gc=lotto-america,1e88af3daeff31033aee41186104dbcd3346e7c1b07954ef438bce1d2b7cf1a7,d532bd15b743c54bd1d0a042561a78a4a2b1b918b84815439f9916c817971f12,iowa_lottery_lotto_america,https://www.ialottery.com/Pages/Games-Online/LottoAmericaWin.aspx,5c933fd8fa7df0258eff3e6f35662f0986a8b45a2dc6c3e8128393b1e0a95074,dfdc1e1db9d70d7f4cd2b7bd07547c8d63639e2160703b3b2db358d211662c7b
lotto_america,2023-05-06,musl_lotto_america,https://www.powerball.com/draw-result?date=2023-05-06&gc=lotto-america,1cbaecbf9bda86e3d9426d55d7967ff7c46c5afef3e56988943ef30f3a8d2e12,83fc666454e0c2acfc0e46234fca328394b44123aa218011b0849099d3a22b61,iowa_lottery_lotto_america,https://www.ialottery.com/Pages/Games-Online/LottoAmericaWin.aspx,d74ceff2da798c36cad1d61f6b08ec78c530f0d381e1f1fe253041e30d425e45,551bc54f6cbebd5f42747a03d090f68ec8e26612e7e3c153156dcf76edd27c68
lotto_america,2023-05-08,musl_lotto_america,https://www.powerball.com/draw-result?date=2023-05-08&gc=lotto-america,973cf2ec27ad1943ee089a83fc663b42041bbebcafb8863fb2ba14712eff589f,0c477aeb926a5968ec06ce69058c54a753798075405028c8a4b83839fe822cf9,iowa_lottery_lotto_america,https://www.ialottery.com/Pages/Games-Online/LottoAmericaWin.aspx,38a0b2d75781e8150bedfb9c5361e7b88c20950a6c5807021cfa61b93a0c8975,551bc54f6cbebd5f42747a03d090f68ec8e26612e7e3c153156dcf76edd27c68
lotto_america,2023-05-10,musl_lotto_america,https://www.powerball.com/draw-result?date=2023-05-10&gc=lotto-america,0bb6a34ec51d7b41268e24f1e93aa270f665f2faa7bc701551eab8ef9c4b599a,0b31d8875cfd5629413c65d00713f490fa10c84751938862304ed8faec84abf5,iowa_lottery_lotto_america,https://www.ialottery.com/Pages/Games-Online/LottoAmericaWin.aspx,5ededec04a53a04c0d68efcb15b79cb633b25fe0b70818806411b6664a449cb7,551bc54f6cbebd5f42747a03d090f68ec8e26612e7e3c153156dcf76edd27c68
lotto_america,2023-05-13,musl_lotto_america,https://www.powerball.com/draw-result?date=2023-05-13&gc=lotto-america,a1d2e36052e9d9391b17909f99a2d7f14d32076a557e93abaaf72f1a8361e0e1,f0471c376e2b39d60ab268622d01eff63fb915369aa389bf103b430ef12d1337,iowa_lottery_lotto_america,https://www.ialottery.com/Pages/Games-Online/LottoAmericaWin.aspx,8819b10a4b64b4dde86ed44d2d094c0cacbf04922a59bf2fdbe7e889b9dbb4d6,551bc54f6cbebd5f42747a03d090f68ec8e26612e7e3c153156dcf76edd27c68
lotto_america,2023-05-15,musl_lotto_america,https://www.powerball.com/draw-result?date=2023-05-15&gc=lotto-america,923fa781c80aca2f707d0b3489e4a8469be4475d414e0e7df1474389557bf2a6,6190e82584fdc82e1134e28610109e69b4feaae6bf9bb31b4f568e68de3b235f,iowa_lottery_lotto_america,https://www.ialottery.com/Pages/Games-Online/LottoAmericaWin.aspx,a0beddc599f4512fd10a412486878cc1cda03c3e4972d4a470592b73b0bd7877,551bc54f6cbebd5f42747a03d090f68ec8e26612e7e3c153156dcf76edd27c68
lotto_america,2023-05-17,musl_lotto_america,https://www.powerball.com/draw-result?date=2023-05-17&gc=lotto-america,38ea9c6223e51089f8afd07c490cc4c583ba8a9637a3dd0b4c53982d161698e3,3b4f4a437bf4a7575fdba92e98332c19719231e234870f6876dfe1d079583a5f,iowa_lottery_lotto_america,https://www.ialottery.com/Pages/Games-Online/LottoAmericaWin.aspx,aa34ea95e54a515416fa39f51ad259ecef1a95a1c16f9fbe1ef3d8be6e829be3,551bc54f6cbebd5f42747a03d090f68ec8e26612e7e3c153156dcf76edd27c68
lotto_america,2023-05-20,musl_lotto_america,https://www.powerball.com/draw-result?date=2023-05-20&gc=lotto-america,ff6cfda173891355d4ad24f20e6793ee46968edcdfc4b81f177c380561630758,c31980172cc791b47287cfceff92c25720785a2fa3b4f1ff5e694470cab66437,iowa_lottery_lotto_america,https://www.ialottery.com/Pages/Games-Online/LottoAmericaWin.aspx,85acabcdc06bfc00ab3408cc702d7263bb7ceba8063d408ae8cd27332a52b8e0,551bc54f6cbebd5f42747a03d090f68ec8e26612e7e3c153156dcf76edd27c68
lotto_america,2023-05-22,musl_lotto_america,https://www.powerball.com/draw-result?date=2023-05-22&gc=lotto-america,fa1fbcdec6c85816def5fc299b9ff54b6af01776ab4b514bb816f8255712dcc4,65d18e43d25e25ebc6007ba85550fabb934a357cf7a11dfb1ea18b8e49bdb8fc,iowa_lottery_lotto_america,https://www.ialottery.com/Pages/Games-Online/LottoAmericaWin.aspx,0a21f4bcdf49df1df993312673be1579a97102a81378ac99e6b2885e0afeaa4e,551bc54f6cbebd5f42747a03d090f68ec8e26612e7e3c153156dcf76edd27c68
lotto_america,2023-05-24,musl_lotto_america,https://www.powerball.com/draw-result?date=2023-05-24&gc=lotto-america,938d1e001066b31262bfd167234c40bc0d706bffbd705001d07154ecfe4a493f,d15a4a694b8cb2cbba530f0d358de41c22ac8494fad9ad753f6e64208eb5a2e2,iowa_lottery_lotto_america,https://www.ialottery.com/Pages/Games-Online/LottoAmericaWin.aspx,2f68ded261461ebdc7839b5c1cde85ed89c7cf835d5bf2196aaf41a4a7fc0a99,551bc54f6cbebd5f42747a03d090f68ec8e26612e7e3c153156dcf76edd27c68
lotto_america,2023-05-27,musl_lotto_america,https://www.powerball.com/draw-result?date=2023-05-27&gc=lotto-america,deddf5b946747f5dcb1b472c13f22f6ad4468c556e6c9fd7cfc6d1cc357f1fa6,d5867d728c66be290d449cc3c86be497e9b51617b31487be628713e68b6d0f4a,iowa_lottery_lotto_america,https://www.ialottery.com/Pages/Games-Online/LottoAmericaWin.aspx,d15b5df0835ee862fd633a6ea70a7eec63b2d1cf95763c2c8608022036d4252e,551bc54f6cbebd5f42747a03d090f68ec8e26612e7e3c153156dcf76edd27c68
lotto_america,2023-05-29,musl_lotto_america,https://www.powerball.com/draw-result?date=2023-05-29&gc=lotto-america,d2476205bef3782e223fbfd486e26b89c2dad8045c92039ce5811c7d4f7c7333,272c6117654376d4a2c5cb6cd8510082e2af5acf32ea10665bbda416e519e0c9,iowa_lottery_lotto_america,https://www.ialottery.com/Pages/Games-Online/LottoAmericaWin.aspx,04953561448ea142b55f9b0305ab7b1af18e99718bc1daa029fd6fcce5dfec90,551bc54f6cbebd5f42747a03d090f68ec8e26612e7e3c153156dcf76edd27c68
lotto_america,2023-05-31,musl_lotto_america,https://www.powerball.com/draw-result?date=2023-05-31&gc=lotto-america,8fa9d33a148f161a6b4fff52b98a3258747b2d8e362d196805810752404879e1,e83ad2c7c5dddc0c63d02cbb1d82e1a52ba6fb8c8f0ee3203fc86619afe8d703,iowa_lottery_lotto_america,https://www.ialottery.com/Pages/Games-Online/LottoAmericaWin.aspx,1cb38773ebc198eee0bb5d7e545f83333a7d7c32763c2ffefa2136168951474f,551bc54f6cbebd5f42747a03d090f68ec8e26612e7e3c153156dcf76edd27c68
lotto_america,2023-06-03,musl_lotto_america,https://www.powerball.com/draw-result?date=2023-06-03&gc=lotto-america,b299aacae97aa715094760a38412d200c8b1d9a3c91623cc65ebefe23847a574,2f05ad616ee9161b7c7d3a3cc5d9733ac7f5ab917541a75c4595689ca0e2f9a1,iowa_lottery_lotto_america,https://www.ialottery.com/Pages/Games-Online/LottoAmericaWin.aspx,11f85eee35d304b0b06ec54008b3fc1dbe983c7b7647623cfcb89afea26df3de,2202282af51138df9d2fe43c77a91b1d4b226fd0fe6792ff6ad1723b7ac71367
lotto_america,2023-06-05,musl_lotto_america,https://www.powerball.com/draw-result?date=2023-06-05&gc=lotto-america,09099583c769a46f5837111865c90fa4fbe44f041af48cba64f3baf03dd886d0,015d825dee989c3b78ff1e02143bcc352231d9bb4bbdace96195f6a87207ebb9,iowa_lottery_lotto_america,https://www.ialottery.com/Pages/Games-Online/LottoAmericaWin.aspx,79dc5a40b020a6d6f5074dd955f8c911efdf6c09fd5f983e77e358c9f9377020,c6f1cc41d50457c360bd930e0f126b936694f6a17748e22a2eb46822d6611dff
lotto_america,2023-06-07,musl_lotto_america,https://www.powerball.com/draw-result?date=2023-06-07&gc=lotto-america,8883c95b8093be0050903f8b3bf4293e848f063f06bbe80ef6fa006864f663a5,99f1cc91bc575b67882603e564c50194d0dad1d9c683a7f8afbe6900de4d9c62,iowa_lottery_lotto_america,https://www.ialottery.com/Pages/Games-Online/LottoAmericaWin.aspx,afcb2401f86725e60885dfca52acf15bd7376b7587579845792a6f3a40112633,c6f1cc41d50457c360bd930e0f126b936694f6a17748e22a2eb46822d6611dff
lotto_america,2023-06-10,musl_lotto_america,https://www.powerball.com/draw-result?date=2023-06-10&gc=lotto-america,3ee95c47c2fec1fec56dd3aafce69d94cd658c0cab172f16a384022e1cd0058b,364b5e4f84435f34b4104fd24936d7e086ebbdd69e5a4888b59b6f9b571ff242,iowa_lottery_lotto_america,https://www.ialottery.com/Pages/Games-Online/LottoAmericaWin.aspx,da1ca5cbbd4ac437e5c459108ade9ad7f8e34f0f46c5f605e4bc58983355a9a0,c6f1cc41d50457c360bd930e0f126b936694f6a17748e22a2eb46822d6611dff
lotto_america,2023-06-12,musl_lotto_america,https://www.powerball.com/draw-result?date=2023-06-12&gc=lotto-america,8611bac891e81527879d41be0f570a40a4ccec9de3ebbcb0f4a90583a7a88b63,8be6527b1918d610dc9fc9161b6de5fbc789a14ab614ad3157b2a9eaca47a3cf,iowa_lottery_lotto_america,https://www.ialottery.com/Pages/Games-Online/LottoAmericaWin.aspx,da471fcc0ef40737819db0f5ab1404667931047e77ecf2657141fa08c196c650,c6f1cc41d50457c360bd930e0f126b936694f6a17748e22a2eb46822d6611dff
lotto_america,2023-06-14,musl_lotto_america,https://www.powerball.com/draw-result?date=2023-06-14&gc=lotto-america,4fe1da36233e15a3d38ae5dfd81c0f37b141303a1a0c8befd820ace915822432,ac39f1f176eddae9d7b87b48638879ea84cc3378be93cd20c61cbcc21db42db8,iowa_lottery_lotto_america,https://www.ialottery.com/Pages/Games-Online/LottoAmericaWin.aspx,d57829b959b0907e8088e9101a643b7e1cd64ab92c6e43377e02c85f5d480db7,c6f1cc41d50457c360bd930e0f126b936694f6a17748e22a2eb46822d6611dff
lotto_america,2023-06-17,musl_lotto_america,https://www.powerball.com/draw-result?date=2023-06-17&gc=lotto-america,1bf9f9cbc2c352773cc8cb21fdcb45930e017c4cba88541573cc7806fcebc059,59a3eeea6f3412e8a80e743797254cbdfe0d033941fa308c91f115cfc0c6e7e0,iowa_lottery_lotto_america,https://www.ialottery.com/Pages/Games-Online/LottoAmericaWin.aspx,14e3b55d07f778d5f698093a1d4b94b9b937c5dc3f1a18f562b27b2d713f0d96,c6f1cc41d50457c360bd930e0f126b936694f6a17748e22a2eb46822d6611dff
lotto_america,2023-06-19,musl_lotto_america,https://www.powerball.com/draw-result?date=2023-06-19&gc=lotto-america,0451ba4f0885c779122aca4824b899f453e40f5fc938774e3796eae8195e5b12,ffd2b97a2529b5f7d9f9a34138c6763cc41fa1086e4b60a705bc6b4076a4afdd,iowa_lottery_lotto_america,https://www.ialottery.com/Pages/Games-Online/LottoAmericaWin.aspx,dec32abb1916dce4f2ea47e5da6fa033766f54557bcca55ce5dccc7d9b8e9aa3,c6f1cc41d50457c360bd930e0f126b936694f6a17748e22a2eb46822d6611dff
lotto_america,2023-06-21,musl_lotto_america,https://www.powerball.com/draw-result?date=2023-06-21&gc=lotto-america,b144d0ddb889a990d1c9a31a6318e07ddf06c3677211695cbc9d7466931bc0b8,2c4af5ab1e245199497fc2f539d61aebd706ad7f7c0258ca9b450d51aacf535d,iowa_lottery_lotto_america,https://www.ialottery.com/Pages/Games-Online/LottoAmericaWin.aspx,0aa62f4b352924e1ffd5914bcb0f199b126507b306e3a4ecb88a7971cdd52c2e,c6f1cc41d50457c360bd930e0f126b936694f6a17748e22a2eb46822d6611dff
lotto_america,2023-06-24,musl_lotto_america,https://www.powerball.com/draw-result?date=2023-06-24&gc=lotto-america,c21d13960429fe935e64ff2028d3ca46697f140632cbd9724485464f8860ff5d,163b1db2561c4f714dc4c801f83ce3d3de85f1b11436da235e7ece81caf94a14,iowa_lottery_lotto_america,https://www.ialottery.com/Pages/Games-Online/LottoAmericaWin.aspx,b41cb02594aeba65c9d9a56aae73e8be4c393d606f64374a6e27c58989fc7295,c6f1cc41d50457c360bd930e0f126b936694f6a17748e22a2eb46822d6611dff
lotto_america,2023-06-26,musl_lotto_america,https://www.powerball.com/draw-result?date=2023-06-26&gc=lotto-america,fe210d9c442306f740d8cdeb22910cd0c751ef004aecc5ac3234681ba86f15d7,a80616771af2ff351dce91870e7b237a705aa996cebde5f9d48a9f5199207ae5,iowa_lottery_lotto_america,https://www.ialottery.com/Pages/Games-Online/LottoAmericaWin.aspx,b374a2990be9dbbf321088f5f231f2de8776f06a8c38ae06c4b6d8ea49e54121,c6f1cc41d50457c360bd930e0f126b936694f6a17748e22a2eb46822d6611dff
lotto_america,2023-06-28,musl_lotto_america,https://www.powerball.com/draw-result?date=2023-06-28&gc=lotto-america,b1def0be15036da2b58009913264f823d7a72aa30029b84444b58dbc4b4cf809,f9157676d8fdf99d4af721de4a540ef392fe36a2256384c092e1eb9e2db25b56,iowa_lottery_lotto_america,https://www.ialottery.com/Pages/Games-Online/LottoAmericaWin.aspx,c833ccaced6517c52c97e17d4fab831f2a4f0378823ccbbf5a7fbae0df9a99d7,c6f1cc41d50457c360bd930e0f126b936694f6a17748e22a2eb46822d6611dff
lotto_america,2023-07-01,musl_lotto_america,https://www.powerball.com/draw-result?date=2023-07-01&gc=lotto-america,939f5a349205d59be5fdb27e6ca5c38532d8c2179bb1be9a733ad9b5ae203cda,8d3954d6891fd95f32923c87012213ea643a257b6054e708ae7cb8520788041d,iowa_lottery_lotto_america,https://www.ialottery.com/Pages/Games-Online/LottoAmericaWin.aspx,a73c2d7cd6a950ccc16a997a5c103b688824793aeb75dc0ea3bb7b28f027f7c8,c6f1cc41d50457c360bd930e0f126b936694f6a17748e22a2eb46822d6611dff
lotto_america,2023-07-03,musl_lotto_america,https://www.powerball.com/draw-result?date=2023-07-03&gc=lotto-america,132b20be168c9bbad6d8e8b91efdc3675ff03caf0fc759e23a355d7f5a02fb9c,325fc2c9b52d2a86b15a2584a33f60618349b1ff2ababfe3ec9c89f90492230e,iowa_lottery_lotto_america,https://www.ialottery.com/Pages/Games-Online/LottoAmericaWin.aspx,fc7861096b16a28d7a7ccfcd0cb30c0cf54aa7e6e9cae868fa51a2d11b8dc6a2,c6f1cc41d50457c360bd930e0f126b936694f6a17748e22a2eb46822d6611dff
lotto_america,2023-07-05,musl_lotto_america,https://www.powerball.com/draw-result?date=2023-07-05&gc=lotto-america,ca5f9030c35e8d3193d71ea815686c303004244274ea29817d1fcdc42def159a,49f9871fe4ff32c36e98c3e55f74f69ac1cb3d6ae5b95b774bcec1b17c5addf8,iowa_lottery_lotto_america,https://www.ialottery.com/Pages/Games-Online/LottoAmericaWin.aspx,142f722f41be08e397c2c55e52b7ce7bddc899614192f63b8492e1533b174134,83c29078602d6777eed7dc627373e8de5b79d77fb51905184b5ea657abd02ccc
lotto_america,2023-07-08,musl_lotto_america,https://www.powerball.com/draw-result?date=2023-07-08&gc=lotto-america,8128c7312f5377195771398df017b32f6a57f3e64b896d8ecac8a18652842001,9380024618b72878d1102714285e4367b6f04bc5db41553e4f7a0d48d55b9ccf,iowa_lottery_lotto_america,https://www.ialottery.com/Pages/Games-Online/LottoAmericaWin.aspx,6dd486a8575fd2baeabc75756e75a9be98dc73dd77b020c542ad967cca1b530a,83c29078602d6777eed7dc627373e8de5b79d77fb51905184b5ea657abd02ccc
lotto_america,2023-07-10,musl_lotto_america,https://www.powerball.com/draw-result?date=2023-07-10&gc=lotto-america,fd18b907f8398359777646fd0030e9ea354f2e90d06793a3c3ce18ec300c0f81,82e32d599072d0f6eab39badc90532e84c7649b45dd8844b4fc7008f1b268692,iowa_lottery_lotto_america,https://www.ialottery.com/Pages/Games-Online/LottoAmericaWin.aspx,0bf26dd12275544cdfe339649d5e622fd20ab69be965ef61f54569ccdbbbecd3,83c29078602d6777eed7dc627373e8de5b79d77fb51905184b5ea657abd02ccc
lotto_america,2023-07-12,musl_lotto_america,https://www.powerball.com/draw-result?date=2023-07-12&gc=lotto-america,9076ee23527876d22526457e4c945bdc5548f2e51bc58f71ab86ad853291796d,b2dbd8ee12b9cd32e34721eb3f7911a509e9be3a1255759a7b097a556b8a0740,iowa_lottery_lotto_america,https://www.ialottery.com/Pages/Games-Online/LottoAmericaWin.aspx,0d1bb635ae5a58c1a65e9e7112095c5020e012990994fcf1509a619bb837321e,83c29078602d6777eed7dc627373e8de5b79d77fb51905184b5ea657abd02ccc
lotto_america,2023-07-15,musl_lotto_america,https://www.powerball.com/draw-result?date=2023-07-15&gc=lotto-america,b8dadbd69a5d09f52cb3de6fa962378a1808a54487250850b0781ed480d9fef9,7fc957beace530d20998be5ef09a2b4fa9d28a6978c1dd6b8a1b928438595546,iowa_lottery_lotto_america,https://www.ialottery.com/Pages/Games-Online/LottoAmericaWin.aspx,0bee5fab1649002e7264bf3ff764e25590f5047291df9c267af836c3b8b37a9a,83c29078602d6777eed7dc627373e8de5b79d77fb51905184b5ea657abd02ccc
lotto_america,2023-07-17,musl_lotto_america,https://www.powerball.com/draw-result?date=2023-07-17&gc=lotto-america,67909980e81a494c1200b1791e5017ae88cf5b34451fd07b8f9ba715d0b69f94,aaad9e4de215111a85560c0139463e48962dc85137337658903230c135bcbdc9,iowa_lottery_lotto_america,https://www.ialottery.com/Pages/Games-Online/LottoAmericaWin.aspx,13127cb2dc522e05102a194cd48540f4e15609bb1995ec939d738df11d5057b5,83c29078602d6777eed7dc627373e8de5b79d77fb51905184b5ea657abd02ccc
lotto_america,2023-07-19,musl_lotto_america,https://www.powerball.com/draw-result?date=2023-07-19&gc=lotto-america,e8d3bed88eea5ba67e10f2940de088669402ee6457fbf8654eb136f96cc09c19,6ad3eb9e24d99627c91c2416964d1e2354bbede8d88cf6e9858bd177627e4dfd,iowa_lottery_lotto_america,https://www.ialottery.com/Pages/Games-Online/LottoAmericaWin.aspx,0e4197f1bab2fa3ec23982feb50c71ac9f9a81d3adf2319588af9517c7fc0510,83c29078602d6777eed7dc627373e8de5b79d77fb51905184b5ea657abd02ccc
lotto_america,2023-07-22,musl_lotto_america,https://www.powerball.com/draw-result?date=2023-07-22&gc=lotto-america,7851ca0048b4377cf0dd0d12add431ae45d1395e8891929e34aa4421984ff83e,6a885c9d2e9cfb966949e5883adad1f5ea981b9b732c647ff719cb6439159f53,iowa_lottery_lotto_america,https://www.ialottery.com/Pages/Games-Online/LottoAmericaWin.aspx,bc05454e4df500313fe4ff62bb5e96331bf65823ae4852e748cd5a441cd77a58,83c29078602d6777eed7dc627373e8de5b79d77fb51905184b5ea657abd02ccc
lotto_america,2023-07-24,musl_lotto_america,https://www.powerball.com/draw-result?date=2023-07-24&gc=lotto-america,ecb0e445c652b49406c307939b73928c3b829f9ac955c03e52cde6f9df2522d6,77205bcbb2446b6f0ffa528396067e851e5a3af7770b9f17f1597a847ebf3d27,iowa_lottery_lotto_america,https://www.ialottery.com/Pages/Games-Online/LottoAmericaWin.aspx,bba907d7390e8307b768a5e92763464a12e3c081dbdc7cf39a46dd1705c05952,83c29078602d6777eed7dc627373e8de5b79d77fb51905184b5ea657abd02ccc
lotto_america,2023-07-26,musl_lotto_america,https://www.powerball.com/draw-result?date=2023-07-26&gc=lotto-america,f17961ed7afd63e2a82f26f092ba67808800c5a1b9ad69fb795793c0151de140,5a22d7a162b29c4fdf6891c4f7655e13d23d1c505e965b1cfb3c6b97b6c07453,iowa_lottery_lotto_america,https://www.ialottery.com/Pages/Games-Online/LottoAmericaWin.aspx,f405859a653f9cab74f5cb45baeb96dbc859a3b97357fd9e182f6f3fabe2cbab,83c29078602d6777eed7dc627373e8de5b79d77fb51905184b5ea657abd02ccc
lotto_america,2023-07-29,musl_lotto_america,https://www.powerball.com/draw-result?date=2023-07-29&gc=lotto-america,f892d4362ef6563aad47e2e5986679a89a88021d3afdea63228437ed29f01c04,548c15df1b78622156afc56fda510a1e3f084d75db47b83f2a2606deb9eb4c34,iowa_lottery_lotto_america,https://www.ialottery.com/Pages/Games-Online/LottoAmericaWin.aspx,dc445027929ea26f8589558b20c9157b7e5256140da24c2badd9352620d7aef0,83c29078602d6777eed7dc627373e8de5b79d77fb51905184b5ea657abd02ccc
lotto_america,2023-07-31,musl_lotto_america,https://www.powerball.com/draw-result?date=2023-07-31&gc=lotto-america,25abe152e184acfb458f502a1f658f971cb6f8ab35490e4bd7d3516831b88f42,27645ee2b02c2c29c980f6d6970789be4af89b94df577c2a7dbd9ad579decd65,iowa_lottery_lotto_america,https://www.ialottery.com/Pages/Games-Online/LottoAmericaWin.aspx,247eaf32f1609df243ba6f553cd9e710c2ecbb4da4c0ffae67853443f441244a,83c29078602d6777eed7dc627373e8de5b79d77fb51905184b5ea657abd02ccc
lotto_america,2023-08-02,musl_lotto_america,https://www.powerball.com/draw-result?date=2023-08-02&gc=lotto-america,3cb4ac6f25b94a5c03f33ae456aa58ed12791a8a1d019ef91ae901cafbb2487b,d85702fbec536211aaf81e93ed6b20945c602b666f1ee6a4e80943631d822664,iowa_lottery_lotto_america,https://www.ialottery.com/Pages/Games-Online/LottoAmericaWin.aspx,1524cfc8785f9db55f1fd5dcf2378f872b4406b1611b19e0443b76c35616c531,83c29078602d6777eed7dc627373e8de5b79d77fb51905184b5ea657abd02ccc
lotto_america,2023-08-05,musl_lotto_america,https://www.powerball.com/draw-result?date=2023-08-05&gc=lotto-america,7333a4845d62b038fcc6906bcadf723f712329eb068f35856c31ac7c9d03b267,c4ae69c55e1ed07e20e2765bc3e6f8cbc71101ba7146175784aa5808758aff33,iowa_lottery_lotto_america,https://www.ialottery.com/Pages/Games-Online/LottoAmericaWin.aspx,3cab5efc4ab5a653bcde40d682b1dc6905f6b07af795feb03931b49562499eb6,39e93b5a8eb89c8a749b2caddb317aa2dcb6a1b8cfd80c8ec18c22b6d7137a8f
lotto_america,2023-08-07,musl_lotto_america,https://www.powerball.com/draw-result?date=2023-08-07&gc=lotto-america,a3ad09f4a193a9022cb867bfc2a1cc7a2e1daffdc386daad32b6f47238d014c8,35015b60c4bbe5d4f6fe8c439d41af13534fe73177f10d17660bc35728ffc60f,iowa_lottery_lotto_america,https://www.ialottery.com/Pages/Games-Online/LottoAmericaWin.aspx,a8fdbb7aaae88932cd8a8f0807d7e1b8f74ec136e23b14d2c318775466bdcac1,39e93b5a8eb89c8a749b2caddb317aa2dcb6a1b8cfd80c8ec18c22b6d7137a8f
lotto_america,2023-08-09,musl_lotto_america,https://www.powerball.com/draw-result?date=2023-08-09&gc=lotto-america,2ab86b70c508b30518c414a4ce88ff35991b8937d4611af1e4090f067ae1f66e,24439c21caec380aa0ce7d372170dcdb8a77acfe93626f9225b2ba0bfa5258b6,iowa_lottery_lotto_america,https://www.ialottery.com/Pages/Games-Online/LottoAmericaWin.aspx,75697aa039dd252817c281b6ade249ea07bf27ab11eeb069eb878ec02a75e358,39e93b5a8eb89c8a749b2caddb317aa2dcb6a1b8cfd80c8ec18c22b6d7137a8f
lotto_america,2023-08-12,musl_lotto_america,https://www.powerball.com/draw-result?date=2023-08-12&gc=lotto-america,8f3b365db686f43a38ba38539889df65fb9f772d060662b74964786179591d30,c5f80822fa69313340fdc7b33bc42b95b9bf7ef6ae1f181ecfebddf938ce44e7,iowa_lottery_lotto_america,https://www.ialottery.com/Pages/Games-Online/LottoAmericaWin.aspx,ec92e6c18e9b74a28abc10df89ec33eaeddfcc85d78337555c0c650d42debe91,39e93b5a8eb89c8a749b2caddb317aa2dcb6a1b8cfd80c8ec18c22b6d7137a8f
lotto_america,2023-08-14,musl_lotto_america,https://www.powerball.com/draw-result?date=2023-08-14&gc=lotto-america,746fad696a17612aba861b93b0ba6a78a95efde5f6fa945fac75b21e2c81a986,9e41433e0048fe68f443cb549deec37d609fe3769ff8a1f4860783733cdd7930,iowa_lottery_lotto_america,https://www.ialottery.com/Pages/Games-Online/LottoAmericaWin.aspx,4b4f41fee752338ab164f7e571d06b3731a0225ae27f123ed6d7b16c9e0a21b0,39e93b5a8eb89c8a749b2caddb317aa2dcb6a1b8cfd80c8ec18c22b6d7137a8f
lotto_america,2023-08-16,musl_lotto_america,https://www.powerball.com/draw-result?date=2023-08-16&gc=lotto-america,9c731fb34fdea9789cfaf42293453853b3bb2e435ed8a6255b5c27cc16bbbbb2,e8d82aa3b207ea75005e13012f0b8288dd7a4f1c0e372ae9e42f210438ffc28c,iowa_lottery_lotto_america,https://www.ialottery.com/Pages/Games-Online/LottoAmericaWin.aspx,c689b1667baed0cf8b258e8bce8a0b6622cfbe5916c42b3d579b1e1d3dcd5599,39e93b5a8eb89c8a749b2caddb317aa2dcb6a1b8cfd80c8ec18c22b6d7137a8f
lotto_america,2023-08-19,musl_lotto_america,https://www.powerball.com/draw-result?date=2023-08-19&gc=lotto-america,6f79a1ed5cad213ed4a5ef680b1e850060ae43ef948e8bd635fb8d83a8d109b5,f2f5c21294b42019c2d5bcf6435befb85978934d747d7fa0b5b4394dbce11b4c,iowa_lottery_lotto_america,https://www.ialottery.com/Pages/Games-Online/LottoAmericaWin.aspx,4bc639733174454e9ee88c39afef406e08d3d82ddefac434e65943873b8a56b2,39e93b5a8eb89c8a749b2caddb317aa2dcb6a1b8cfd80c8ec18c22b6d7137a8f
lotto_america,2023-08-21,musl_lotto_america,https://www.powerball.com/draw-result?date=2023-08-21&gc=lotto-america,4842e939e25d198163b6d35e4f076dcb4fd8d61eae9f73a8a493de3411e648a4,710cfc1ab9ece1c47861cfd26c7c94efb63700e6c3ef7c9eabb80ef28e2aeea2,iowa_lottery_lotto_america,https://www.ialottery.com/Pages/Games-Online/LottoAmericaWin.aspx,942ecab47b801cdb968a132ea3e40d9b4f010e62ddf6405cd3af98640ecbdb43,39e93b5a8eb89c8a749b2caddb317aa2dcb6a1b8cfd80c8ec18c22b6d7137a8f
lotto_america,2023-08-23,musl_lotto_america,https://www.powerball.com/draw-result?date=2023-08-23&gc=lotto-america,85431f373504242ce19317b2696b62d540d49d9cc534669538d9b22680d170ae,985e1f9d579057654d2be179227a9f5603023a697b216ac7d76edb88583741a6,iowa_lottery_lotto_america,https://www.ialottery.com/Pages/Games-Online/LottoAmericaWin.aspx,6a219a852a4515ed0e3d5e05aa1d625b30e18d650e213e44286ff08589df08a6,39e93b5a8eb89c8a749b2caddb317aa2dcb6a1b8cfd80c8ec18c22b6d7137a8f
lotto_america,2023-08-26,musl_lotto_america,https://www.powerball.com/draw-result?date=2023-08-26&gc=lotto-america,1ac7ca92c8e79df80d7429fbc332bf50e73d0b58373f3a0a15bf4e4a46e518db,8ba8eba9bf599b1515bd8c8f0aa28cad2c4488308538fd8e7d42f8a99dc6a500,iowa_lottery_lotto_america,https://www.ialottery.com/Pages/Games-Online/LottoAmericaWin.aspx,403056e8bd395d160ff67caead0253248f9ba7f2eea3b72626afec650476a31a,39e93b5a8eb89c8a749b2caddb317aa2dcb6a1b8cfd80c8ec18c22b6d7137a8f
lotto_america,2023-08-28,musl_lotto_america,https://www.powerball.com/draw-result?date=2023-08-28&gc=lotto-america,ccc903a39934ef5c09b077a60537695122eb26bc97046f32f1563388c8ec6ed7,019f245a67e7f7fb68703512289ab82b75f6e08975312ec85252720710ea9baa,iowa_lottery_lotto_america,https://www.ialottery.com/Pages/Games-Online/LottoAmericaWin.aspx,4eb3129184e8e068525d9c13970431a98495afa22518b183fc42e9826d61922d,39e93b5a8eb89c8a749b2caddb317aa2dcb6a1b8cfd80c8ec18c22b6d7137a8f
lotto_america,2023-08-30,musl_lotto_america,https://www.powerball.com/draw-result?date=2023-08-30&gc=lotto-america,72a4a30cfff594647019e140123fbef26c209a7a7393ad4c1643a71b13dfc3f2,afee5ab0d9d132e89cd9689411a21c76934313ee8e3a40c85bd79b20d2ba3efb,iowa_lottery_lotto_america,https://www.ialottery.com/Pages/Games-Online/LottoAmericaWin.aspx,913e38beea5ee849c5d861d812fa2ffc44501d396f3b84dcf5ada606af8e31f2,39e93b5a8eb89c8a749b2caddb317aa2dcb6a1b8cfd80c8ec18c22b6d7137a8f
lotto_america,2023-09-02,musl_lotto_america,https://www.powerball.com/draw-result?date=2023-09-02&gc=lotto-america,49cc9ce2ff92c3f17643528c21b058b777349ad0f68391d5ff3f3d193e125de1,13718b9673408c8194b08ca0a33e368bd0a1b6d8685b2245e6b4d29aaffde212,iowa_lottery_lotto_america,https://www.ialottery.com/Pages/Games-Online/LottoAmericaWin.aspx,2b01d29792b714cb88364317c2137d2bcd0219b52f9e4d8873ea0e0f56b6b95d,39e93b5a8eb89c8a749b2caddb317aa2dcb6a1b8cfd80c8ec18c22b6d7137a8f
lotto_america,2023-09-04,musl_lotto_america,https://www.powerball.com/draw-result?date=2023-09-04&gc=lotto-america,1eda1e1f41833f30cd942ebe8353c5af21fbe598d61dbe577a85d027619cf3bf,45e96c3855c031fe8434a2a1a9b87336137063fdb7e98b1eccc7636500fbcae6,iowa_lottery_lotto_america,https://www.ialottery.com/Pages/Games-Online/LottoAmericaWin.aspx,edb1579fe57f8352f715d5353a7259aa5bdd67b4753dfb1d4fb265289dc379b6,c3eab4a1f00f07da363cc2fc8167559c21350dcc78cd7b60db38dc9962d37a9a
lotto_america,2023-09-06,musl_lotto_america,https://www.powerball.com/draw-result?date=2023-09-06&gc=lotto-america,d51518e62818a56f8808122f895588d5e5344d1f1a06778a29f3a5e824166797,7f64cb2c2e5c715b9dca9c63d424e23451490e797ea4c04e38512893047c0c64,iowa_lottery_lotto_america,https://www.ialottery.com/Pages/Games-Online/LottoAmericaWin.aspx,9074a8651733fa02f426ed135f7a1e4b643ce57cb4be6eb2b833065a9a9f6380,c3eab4a1f00f07da363cc2fc8167559c21350dcc78cd7b60db38dc9962d37a9a
lotto_america,2023-09-09,musl_lotto_america,https://www.powerball.com/draw-result?date=2023-09-09&gc=lotto-america,4cdf145c04b5f4c7f90b775179c666717f2a6ee84dd6c4f90a63b5492fba352a,83696d2367bfec35b643e0867c7bc2e068cfa9ada68cd5e2c84678a40a8d30d6,iowa_lottery_lotto_america,https://www.ialottery.com/Pages/Games-Online/LottoAmericaWin.aspx,677463ebcc67cededc4cb2eaf85d25e25eaa9ad3f82386a2096f2246480c1ce5,c3eab4a1f00f07da363cc2fc8167559c21350dcc78cd7b60db38dc9962d37a9a
lotto_america,2023-09-11,musl_lotto_america,https://www.powerball.com/draw-result?date=2023-09-11&gc=lotto-america,a5d0f45c0333e80051c46f353507ae7f84f8ee1549da075384ad281808e88c41,1d61a2c371a8f80d31ca7ec24689743d7b330aba17b17cf76cd8d1f4addb573a,iowa_lottery_lotto_america,https://www.ialottery.com/Pages/Games-Online/LottoAmericaWin.aspx,aad299309a96d623ddc282260d85aceafc8fc80725fdd5e0ffd5f5c077586f95,c3eab4a1f00f07da363cc2fc8167559c21350dcc78cd7b60db38dc9962d37a9a
lotto_america,2023-09-13,musl_lotto_america,https://www.powerball.com/draw-result?date=2023-09-13&gc=lotto-america,f19c1ad6c642a9e8ebf0064e8605a66215692d17c806ceea94f9e7e030fe34e8,c91191a5495012b81b03b3bcf0acdbddb15245e4341b79bb50df2f51ed3d2bc5,iowa_lottery_lotto_america,https://www.ialottery.com/Pages/Games-Online/LottoAmericaWin.aspx,8cae7ed625464d0fad41a31034c9a095142a8e34519530feb4773957791e5c0c,c3eab4a1f00f07da363cc2fc8167559c21350dcc78cd7b60db38dc9962d37a9a
lotto_america,2023-09-16,musl_lotto_america,https://www.powerball.com/draw-result?date=2023-09-16&gc=lotto-america,9231cbbeec2b96aba71fc9620da3f749703ec45b82ded7f73f0051f0b3cb1e6e,06466421540ac0e6433bb8a6b92ce9a70650dade1a14e1c01fd87c4a29c9fec2,iowa_lottery_lotto_america,https://www.ialottery.com/Pages/Games-Online/LottoAmericaWin.aspx,f9528a4aefdcf4bff3a77900984d7033fc80e85d18f88cde243ab48691e19bf4,c3eab4a1f00f07da363cc2fc8167559c21350dcc78cd7b60db38dc9962d37a9a
lotto_america,2023-09-18,musl_lotto_america,https://www.powerball.com/draw-result?date=2023-09-18&gc=lotto-america,395d8fa9c1a7db1445f1a907e4f2b59ac839393ab3583462984de20aa353de50,c37296757cd8439d0206add00716fb7e9078790183fb1083e9fca7403caa1856,iowa_lottery_lotto_america,https://www.ialottery.com/Pages/Games-Online/LottoAmericaWin.aspx,b8b573edf92117ef8a1d56678e968dc99dd5dff3dc6e13847129c367fc91b867,c3eab4a1f00f07da363cc2fc8167559c21350dcc78cd7b60db38dc9962d37a9a
lotto_america,2023-09-20,musl_lotto_america,https://www.powerball.com/draw-result?date=2023-09-20&gc=lotto-america,4446ba08a67bbba849cc49340988542f2758e7855ed8b4c5a82ac420e68d2230,bf4261a87061e415098b940b1c571fa60c2f6c3cedc94064e839f7a71c379467,iowa_lottery_lotto_america,https://www.ialottery.com/Pages/Games-Online/LottoAmericaWin.aspx,796f06b518ade465eaf688b6ad66dcffbf0f98014e2cbf7efcd4e8d45af4bac1,c3eab4a1f00f07da363cc2fc8167559c21350dcc78cd7b60db38dc9962d37a9a
lotto_america,2023-09-23,musl_lotto_america,https://www.powerball.com/draw-result?date=2023-09-23&gc=lotto-america,1106bef807331a7aeb4f91af1b89344d17059762175eb48a6d107996cff117f3,037fc72b02f217916eeeb3457847bfee979e77fef01166d3fae82fb4199cc339,iowa_lottery_lotto_america,https://www.ialottery.com/Pages/Games-Online/LottoAmericaWin.aspx,0f60ed48d534fb521c61028bf024e7f26e4c03c2088df36b2ba64c372afbad72,c3eab4a1f00f07da363cc2fc8167559c21350dcc78cd7b60db38dc9962d37a9a
lotto_america,2023-09-25,musl_lotto_america,https://www.powerball.com/draw-result?date=2023-09-25&gc=lotto-america,ff81405dedce53d5ddfb0cde37ec61583c722f550ded80d3a78a844b5fee1c69,90fa510314f33cd4b1a0777a76cbde4e8c51744d7280f308e72cf7bf25796f99,iowa_lottery_lotto_america,https://www.ialottery.com/Pages/Games-Online/LottoAmericaWin.aspx,12a456d4948fd5d75d376d531dcf75c0d4a22c32952ccbcbb893a5abf1137f3d,c3eab4a1f00f07da363cc2fc8167559c21350dcc78cd7b60db38dc9962d37a9a
lotto_america,2023-09-27,musl_lotto_america,https://www.powerball.com/draw-result?date=2023-09-27&gc=lotto-america,4d82c2825887dd820f54efc4f4ad070930bae54aff2704aa49ef8d1577313525,383a03e25ed91980e809984ffa7be9db074f184eb6b24f9501d00e60ecd73e92,iowa_lottery_lotto_america,https://www.ialottery.com/Pages/Games-Online/LottoAmericaWin.aspx,038bc847d1fdf9278de82d625e3508b50f48e6bf6e06a11477f745bd8c49c935,c3eab4a1f00f07da363cc2fc8167559c21350dcc78cd7b60db38dc9962d37a9a
lotto_america,2023-09-30,musl_lotto_america,https://www.powerball.com/draw-result?date=2023-09-30&gc=lotto-america,0658e306bbde591feadfae16241274e1a18b8cba7b699429470b26edf5444bb3,598fe303013a0e917834d5a76739f0bbe4949138cc99cc9f5392df9efee08cb6,iowa_lottery_lotto_america,https://www.ialottery.com/Pages/Games-Online/LottoAmericaWin.aspx,96925112c80e2889cbc27a118693b36a0beae48eab5e226cb994ea0edb02d72b,c3eab4a1f00f07da363cc2fc8167559c21350dcc78cd7b60db38dc9962d37a9a
lotto_america,2023-10-02,musl_lotto_america,https://www.powerball.com/draw-result?date=2023-10-02&gc=lotto-america,1d5add1307bb839ade02ed994377a56b46c65ffe11d560e07b0b48240cad4ba5,d1fcf248e33fe7018908d911f5c09673b2dcdac0bf0af3bd716e631a2e74bdb8,iowa_lottery_lotto_america,https://www.ialottery.com/Pages/Games-Online/LottoAmericaWin.aspx,cd40dd060412e2391f6204e89fd8bc1d15306200dacaa1d11036097e61aeec43,c3eab4a1f00f07da363cc2fc8167559c21350dcc78cd7b60db38dc9962d37a9a
lotto_america,2023-10-04,musl_lotto_america,https://www.powerball.com/draw-result?date=2023-10-04&gc=lotto-america,458a699599bc2f03d7438bc7756f84d92023a78920d1a24d71164c9ce7081447,4800405d089e9da56de14fff0f43ae8371fb5932d6d4f8148e15b031aa121345,iowa_lottery_lotto_america,https://www.ialottery.com/Pages/Games-Online/LottoAmericaWin.aspx,8452f1d69dac96ebca67844a6a49c3f60fbead723eacd7f3e68df3c6c65a6890,d67b7d14b72fefe14cc18c2f89b3a3feef28b7cd1bfaa30c25c39e98a7af3929
lotto_america,2023-10-07,musl_lotto_america,https://www.powerball.com/draw-result?date=2023-10-07&gc=lotto-america,dfbbf508275e367093c700a0406a641d27d9bbadbc1cbcb0c3eea387b3adf51d,983ac1409e79a2b9f2557050d193178755e04d964d36ce96fbac5bcbdd857683,iowa_lottery_lotto_america,https://www.ialottery.com/Pages/Games-Online/LottoAmericaWin.aspx,7230092a3bbe0a93fbbe5cc45079bb889649e4771186f25d00b585e65cc9fd9d,d67b7d14b72fefe14cc18c2f89b3a3feef28b7cd1bfaa30c25c39e98a7af3929
lotto_america,2023-10-09,musl_lotto_america,https://www.powerball.com/draw-result?date=2023-10-09&gc=lotto-america,89fba0f19c9bf358464e8357e585461064f584abf6cd287c9cbaeae9f488b904,940268e98547c4d496d0a9ab9d02edd24e47a0f14ab15e46e11f1f67f6a0cfc9,iowa_lottery_lotto_america,https://www.ialottery.com/Pages/Games-Online/LottoAmericaWin.aspx,f61c87809d6b0113f615add97ca7a4a5507cf518afb06aba3cf230038466f939,d67b7d14b72fefe14cc18c2f89b3a3feef28b7cd1bfaa30c25c39e98a7af3929
lotto_america,2023-10-11,musl_lotto_america,https://www.powerball.com/draw-result?date=2023-10-11&gc=lotto-america,e7b024e9313dcef8b246467a3161332339cef2cfb2cc18825315c19e7dd93d50,964fb5f495ca248dee5a18830c4b2ba4bdffa73509a0a2c44eb3eb7e9d90b7cd,iowa_lottery_lotto_america,https://www.ialottery.com/Pages/Games-Online/LottoAmericaWin.aspx,04c244ce67af27ce68b20cb62902546c9a5a465533f1adb9efe991b162850e25,d67b7d14b72fefe14cc18c2f89b3a3feef28b7cd1bfaa30c25c39e98a7af3929
lotto_america,2023-10-14,musl_lotto_america,https://www.powerball.com/draw-result?date=2023-10-14&gc=lotto-america,3fe34314d4d0ad0ad67bff00b7c9499dc959367ba617a345950cf59cd04476e7,cfc5e9148d9ba7e841262235afe41fd1c15dbb0eeb0654cba1fa07643f6e1457,iowa_lottery_lotto_america,https://www.ialottery.com/Pages/Games-Online/LottoAmericaWin.aspx,1a6de1a500d2dbfd529a2992a2fe0de7e122a81a7719928fcd1dd3449c2012e8,d67b7d14b72fefe14cc18c2f89b3a3feef28b7cd1bfaa30c25c39e98a7af3929
lotto_america,2023-10-16,musl_lotto_america,https://www.powerball.com/draw-result?date=2023-10-16&gc=lotto-america,0986a9994c21139f02b7a2c2f29560bbf5abc5a167c2f05d35f9cb8b823950c7,7cf7038659740c771ea9422ec9507e323bfd51e600850e0b3c868a2cfa04919b,iowa_lottery_lotto_america,https://www.ialottery.com/Pages/Games-Online/LottoAmericaWin.aspx,4a62dc0b7cd01b4f0cd0321cf39635bfa387396b1bf5369efffbe8fc0994eadf,d67b7d14b72fefe14cc18c2f89b3a3feef28b7cd1bfaa30c25c39e98a7af3929
lotto_america,2023-10-18,musl_lotto_america,https://www.powerball.com/draw-result?date=2023-10-18&gc=lotto-america,abcd73cb0d7675db058e4c1d1fc009da4bb8d383b943bfa4fd17a0764c0febfe,69910a92ecb24598d54585bb7d876680ac5242d7f447581d308cde82d1ade1c1,iowa_lottery_lotto_america,https://www.ialottery.com/Pages/Games-Online/LottoAmericaWin.aspx,d6cc1eb3f5d89507bf9bc63e00d222b311aa74163720299b84d13b4e0e37b3d1,d67b7d14b72fefe14cc18c2f89b3a3feef28b7cd1bfaa30c25c39e98a7af3929
lotto_america,2023-10-21,musl_lotto_america,https://www.powerball.com/draw-result?date=2023-10-21&gc=lotto-america,14a2bbd91b204586f0e6a1ccec9b9db6aa1f0526f9bfd409bab7cd08da775422,bad03df6022400b55c6686602bfccf3b8e916b95e15082f26c259c086dab6854,iowa_lottery_lotto_america,https://www.ialottery.com/Pages/Games-Online/LottoAmericaWin.aspx,db88208bbabb7befdc59fed1508d04c7bf437c149a9430f73aea790cc1d59de9,d67b7d14b72fefe14cc18c2f89b3a3feef28b7cd1bfaa30c25c39e98a7af3929
lotto_america,2023-10-23,musl_lotto_america,https://www.powerball.com/draw-result?date=2023-10-23&gc=lotto-america,58e486667a1df2c9a822b40e5af0c397fcb7bdc9f3d173b43c9742683e4c1fdc,498229f0675bfe11f39f22ed0724fc5ab1ba99e2e409137813e806564ef8b47e,iowa_lottery_lotto_america,https://www.ialottery.com/Pages/Games-Online/LottoAmericaWin.aspx,2651da80502e16be287118c3143fd4465713434254eeb9110cf25654565659fb,d67b7d14b72fefe14cc18c2f89b3a3feef28b7cd1bfaa30c25c39e98a7af3929
lotto_america,2023-10-25,musl_lotto_america,https://www.powerball.com/draw-result?date=2023-10-25&gc=lotto-america,4cd0e2d21eb5c162d5e31496c034cf7ef9a762968f59b9bc6a87cebeabcd3282,56cfb006280b877182bc3234b808690ff548e69cadff5c6feab3fcc593f5ebf0,iowa_lottery_lotto_america,https://www.ialottery.com/Pages/Games-Online/LottoAmericaWin.aspx,45d42d00fce86db8061c1b99c285724b4d4fd971c6086818f075de05ac68b36a,d67b7d14b72fefe14cc18c2f89b3a3feef28b7cd1bfaa30c25c39e98a7af3929
lotto_america,2023-10-28,musl_lotto_america,https://www.powerball.com/draw-result?date=2023-10-28&gc=lotto-america,7838f97162b45dabd2c685eac0b50d17f624c2e55f1d9d70a14467d9ae2788e1,af4039fc3af3b20c11bee600cd1de9b78ad4ff279c22ea5401eb3fbcbb093502,iowa_lottery_lotto_america,https://www.ialottery.com/Pages/Games-Online/LottoAmericaWin.aspx,2072b768faccb95df381db01c6c7accc9344a3c1b02d3992f19310387af42815,d67b7d14b72fefe14cc18c2f89b3a3feef28b7cd1bfaa30c25c39e98a7af3929
lotto_america,2023-10-30,musl_lotto_america,https://www.powerball.com/draw-result?date=2023-10-30&gc=lotto-america,0eb127eff2570efb5eca7ebdef58c194aa6c47750cf8ab108884afc224f3905e,b15cefa25154c760ad8b7450a3fb6f3f56c9f611d8fc363706cc629d4ffe4dc4,iowa_lottery_lotto_america,https://www.ialottery.com/Pages/Games-Online/LottoAmericaWin.aspx,62f55126d9a207950d8a4fc2044b9f8218ce3f5d40ebd32fb99c251e429c64bd,d67b7d14b72fefe14cc18c2f89b3a3feef28b7cd1bfaa30c25c39e98a7af3929
lotto_america,2023-11-01,musl_lotto_america,https://www.powerball.com/draw-result?date=2023-11-01&gc=lotto-america,30d84c74043d9b01f5115c63c7a063c064a66c6e580427088afced99a382701c,956b15a86277859d1e3165a1fe5f3dbf9df6240476308d4eb6fe615f86b7d16e,iowa_lottery_lotto_america,https://www.ialottery.com/Pages/Games-Online/LottoAmericaWin.aspx,693822c739e792ff3ee04440a671353f636ed3d4c628e6e9bbc465e6adae3eff,d67b7d14b72fefe14cc18c2f89b3a3feef28b7cd1bfaa30c25c39e98a7af3929
lotto_america,2023-11-04,musl_lotto_america,https://www.powerball.com/draw-result?date=2023-11-04&gc=lotto-america,23a8be9b9c717c47f9d598039dff17756a58cb126f2fae59443b43ce7950fff1,3ed2bfb4b9181d91001b8ba13e70ec7a064de2deb9b71c605ab7db239f997fe7,iowa_lottery_lotto_america,https://www.ialottery.com/Pages/Games-Online/LottoAmericaWin.aspx,860641776b76a0038b6b237a40c4936bad491320ea4ae15065f329f30e15aa4a,dfa51c7f99390f65ef9a2e984d287bb47606a8e9fbd8c0cd09c141aa9226c982
lotto_america,2023-11-06,musl_lotto_america,https://www.powerball.com/draw-result?date=2023-11-06&gc=lotto-america,9fe5902dc797b7455d748f2765c7a07293cad3da6e05eaf42302fddbf6818263,c49742ef7bcc1e498a43bad3b6280f3ed161d029117de3789c5ec05a162adb85,iowa_lottery_lotto_america,https://www.ialottery.com/Pages/Games-Online/LottoAmericaWin.aspx,62c805110e2453bdd02920926cf9e2fe2d857cdd4310d42549a6e93115535719,dfa51c7f99390f65ef9a2e984d287bb47606a8e9fbd8c0cd09c141aa9226c982
lotto_america,2023-11-08,musl_lotto_america,https://www.powerball.com/draw-result?date=2023-11-08&gc=lotto-america,586049a2fbd0ac8d032e265d2f7287330fae0eadfcf032d0060ee3e9b1212e50,108982c01868313c14b9371374944ce66eb97ee21fe3c21b8702da35f77efa00,iowa_lottery_lotto_america,https://www.ialottery.com/Pages/Games-Online/LottoAmericaWin.aspx,20203d35bb72d2b7e38c7ffd7e911d93641cadc41d7bfd0db7b3e86521342cf2,dfa51c7f99390f65ef9a2e984d287bb47606a8e9fbd8c0cd09c141aa9226c982
lotto_america,2023-11-11,musl_lotto_america,https://www.powerball.com/draw-result?date=2023-11-11&gc=lotto-america,5d91f1dfc67b38b6aa8fb5e274b0b6017c25a8cf1525591819be8d082aa645ce,913dc72bb8076d8dfed6498110037783adf95ef18f8040217e77ed7f5b965ebf,iowa_lottery_lotto_america,https://www.ialottery.com/Pages/Games-Online/LottoAmericaWin.aspx,d484ec707d08bc332c98a05da0bfe1f25e03e5753af252e42a6ed809f3c7ba93,dfa51c7f99390f65ef9a2e984d287bb47606a8e9fbd8c0cd09c141aa9226c982
lotto_america,2023-11-13,musl_lotto_america,https://www.powerball.com/draw-result?date=2023-11-13&gc=lotto-america,5fc4573fb6f42350563ad091861a9d42d7646ed74569fb95ea1aa4f2893a6d65,b20cbb837c8bb5fd8b74bdba5835ca5d14cd0ed8f31a3abb54f7734b64c76d19,iowa_lottery_lotto_america,https://www.ialottery.com/Pages/Games-Online/LottoAmericaWin.aspx,2ca4306d26c253d37f46d98df102189ccdb39f2794466456e80a8d51e9f36fa8,dfa51c7f99390f65ef9a2e984d287bb47606a8e9fbd8c0cd09c141aa9226c982
lotto_america,2023-11-15,musl_lotto_america,https://www.powerball.com/draw-result?date=2023-11-15&gc=lotto-america,7b53bcb9a67fb65d351e68f04f72e79ef4f916868546565294a98d96ffb1f166,651f3bcf0da7d9ae04f378b83938e3bee34c805a0a4e58a73bce488034efd03c,iowa_lottery_lotto_america,https://www.ialottery.com/Pages/Games-Online/LottoAmericaWin.aspx,70002d550ba856c39435e38639d219cf0e7f0a05475a378fffb538b3f82a485e,dfa51c7f99390f65ef9a2e984d287bb47606a8e9fbd8c0cd09c141aa9226c982
lotto_america,2023-11-18,musl_lotto_america,https://www.powerball.com/draw-result?date=2023-11-18&gc=lotto-america,5aef65a8e29e1f7260badec262b20d4490f21c8d9ce2538cdd8d8bc308a10392,db6d3eb0a6742955e4ad1de2bafe763877a0c6b6dac0f7dcbab8f7f4db50e396,iowa_lottery_lotto_america,https://www.ialottery.com/Pages/Games-Online/LottoAmericaWin.aspx,985d883c3c61cc307c8b4bad01ada7fc4752c7283a7c1d2e46a9e66f0b70f0e1,dfa51c7f99390f65ef9a2e984d287bb47606a8e9fbd8c0cd09c141aa9226c982
lotto_america,2023-11-20,musl_lotto_america,https://www.powerball.com/draw-result?date=2023-11-20&gc=lotto-america,ec495f378f805f3b95d597ceba09cb7b5cf06b8091e795428cf5f7265ac3ca59,dd4f78b8270cfb907bdf490a93305a1969ff7b763fc162136d0aedda1f91277c,iowa_lottery_lotto_america,https://www.ialottery.com/Pages/Games-Online/LottoAmericaWin.aspx,4e388f558688e215ea5a6ab59806e3c79d357d0735ecddb6794aad8b039adcb5,dfa51c7f99390f65ef9a2e984d287bb47606a8e9fbd8c0cd09c141aa9226c982
lotto_america,2023-11-22,musl_lotto_america,https://www.powerball.com/draw-result?date=2023-11-22&gc=lotto-america,4b85d6b3f0220da2ad1b1d5861a8308a45b757d4fe2e2c3c39862b91ece9496e,8cd5e5fccaf7bc027e628c535c9c75e3c2ca2ffb7ad3c6405749e0b7cf619775,iowa_lottery_lotto_america,https://www.ialottery.com/Pages/Games-Online/LottoAmericaWin.aspx,f1676e523e6060e2ba74459965b25bd44e86e9519a73ca130f8957551e9c70fe,dfa51c7f99390f65ef9a2e984d287bb47606a8e9fbd8c0cd09c141aa9226c982
lotto_america,2023-11-25,musl_lotto_america,https://www.powerball.com/draw-result?date=2023-11-25&gc=lotto-america,afaaee6c6dacd4f9adf3c7a088b2abca7481f41ffeed4125e9ca8b7f440cb1ef,eb02c5642b13b824d5b9ff477abb29fef63448db7272026f24399c02cac29e78,iowa_lottery_lotto_america,https://www.ialottery.com/Pages/Games-Online/LottoAmericaWin.aspx,a7640f5db14f491f00660615acfef15890315da3a73c3beb87bb00213a59a273,dfa51c7f99390f65ef9a2e984d287bb47606a8e9fbd8c0cd09c141aa9226c982
lotto_america,2023-11-27,musl_lotto_america,https://www.powerball.com/draw-result?date=2023-11-27&gc=lotto-america,c15a4ec8761def89030d6548af686139729fa84e611cb95a8c282fe517604928,16ed0e9fbd57d0c141f7b482b3e9c1de19569bab26f183340246a091e374c48b,iowa_lottery_lotto_america,https://www.ialottery.com/Pages/Games-Online/LottoAmericaWin.aspx,34b72dcf62d996d0a1e3cd2f4c6fb95e5c2aaf333eb189a612d69476e2f46401,dfa51c7f99390f65ef9a2e984d287bb47606a8e9fbd8c0cd09c141aa9226c982
lotto_america,2023-11-29,musl_lotto_america,https://www.powerball.com/draw-result?date=2023-11-29&gc=lotto-america,3bc0288e4839211170d3f9265b0e400c877cd25e352ac409a290483a54ebc65e,5a3be10efba280c4da7578c24dc4ba7f978ed481bef6b90c64c2609d568b6eb2,iowa_lottery_lotto_america,https://www.ialottery.com/Pages/Games-Online/LottoAmericaWin.aspx,777e814ae6e917c577c7584d4d54a42b06903c823a2eb92ec96f79c912091178,dfa51c7f99390f65ef9a2e984d287bb47606a8e9fbd8c0cd09c141aa9226c982
lotto_america,2023-12-02,musl_lotto_america,https://www.powerball.com/draw-result?date=2023-12-02&gc=lotto-america,1517c0de26ee2c64d996910572fa82ad179a761176b84a24e18ad5339e1ac548,02c0907734d1b1d817a0791d2624d68d6cf7b65ca2da131ed58255bcb7722267,iowa_lottery_lotto_america,https://www.ialottery.com/Pages/Games-Online/LottoAmericaWin.aspx,af8f0476eb852de9d49f53c84d32f378e8485341808b6ac25bd7343983c5c4f4,dfa51c7f99390f65ef9a2e984d287bb47606a8e9fbd8c0cd09c141aa9226c982
lotto_america,2023-12-04,musl_lotto_america,https://www.powerball.com/draw-result?date=2023-12-04&gc=lotto-america,4fece9040b05dc3a9ecf8993b2383db55f4ab80db064b22cf6d73823176fdec0,77de502937ab1aff4396ad89c0ddd3a5ae4188af95964b586918567a4048c68c,iowa_lottery_lotto_america,https://www.ialottery.com/Pages/Games-Online/LottoAmericaWin.aspx,81e60e1188ffc2d5975720ff9dff276c844861e139881055d03636d7bc6edf16,a477470f08d463021c06cac3c26a235af76969d239566da4d4309b1847fbe688
lotto_america,2023-12-06,musl_lotto_america,https://www.powerball.com/draw-result?date=2023-12-06&gc=lotto-america,232d9327947827fe94207f52c586a004cd5e1d002696c41d46258253f89e17d7,0a48d9f06fd4933c350b6e605abaa60f6f10d932ec2f2d49e076abda5c9443e2,iowa_lottery_lotto_america,https://www.ialottery.com/Pages/Games-Online/LottoAmericaWin.aspx,a093a1bc5678b04ad7e03d5b09a6a2c6c9ace14e228ec147b052d85bba3d9784,6cc52b7f50e442cc5348e59d9faecef9a9a75b5228250efc272b469f1e14bd46
lotto_america,2023-12-09,musl_lotto_america,https://www.powerball.com/draw-result?date=2023-12-09&gc=lotto-america,0da1ef5b0fecdce5e9eb2543b781cae91dd2871c7e1842458972bac798b9f3e8,34e7691bfa76decde025627b28feb62b2b8a4b12ac643f9f974b1344a33d79ea,iowa_lottery_lotto_america,https://www.ialottery.com/Pages/Games-Online/LottoAmericaWin.aspx,da3470aa1eb9d3e325dc3aff9281a80a43ba1c23e7bc9f0f1373f799e0befbaa,6cc52b7f50e442cc5348e59d9faecef9a9a75b5228250efc272b469f1e14bd46
lotto_america,2023-12-11,musl_lotto_america,https://www.powerball.com/draw-result?date=2023-12-11&gc=lotto-america,04532361e5bb0c13e5ab923f5c65c5937085d8e25ceb8bbc00d8c62933296eb9,4293a32c1fbbf4584c3d7d72d2f74322afa49d9e8e02a4f5df8710521b511581,iowa_lottery_lotto_america,https://www.ialottery.com/Pages/Games-Online/LottoAmericaWin.aspx,66020210a29d21f1ac41c24409842622f641305d1bb1a3519ffb22376eef99c5,6cc52b7f50e442cc5348e59d9faecef9a9a75b5228250efc272b469f1e14bd46
lotto_america,2023-12-13,musl_lotto_america,https://www.powerball.com/draw-result?date=2023-12-13&gc=lotto-america,2ec12931e04224e9560300d24e757a14bb40c3e62bba62c5d701d516a865a8e8,17b2682eea48b061ef70bf0b94f7f8da6bfcb809d27176643d3e4ab6199851b9,iowa_lottery_lotto_america,https://www.ialottery.com/Pages/Games-Online/LottoAmericaWin.aspx,5214cb2b08ed645a5c29a9ede01f5e72b24f507db30a6847b668ed472249addb,6cc52b7f50e442cc5348e59d9faecef9a9a75b5228250efc272b469f1e14bd46
lotto_america,2023-12-16,musl_lotto_america,https://www.powerball.com/draw-result?date=2023-12-16&gc=lotto-america,596419ed6744ae0e8099f945622d31163c8599cb0029dbda226ff24cc6ef4fee,42a2f3dac2c3e536032787231e564bdf66ee506f447328500730d30d52b4b368,iowa_lottery_lotto_america,https://www.ialottery.com/Pages/Games-Online/LottoAmericaWin.aspx,d61eaf88959209bffeedcdfd3cc8daa68fb8312462413cbd32c6a7e503df51e2,6cc52b7f50e442cc5348e59d9faecef9a9a75b5228250efc272b469f1e14bd46
lotto_america,2023-12-18,musl_lotto_america,https://www.powerball.com/draw-result?date=2023-12-18&gc=lotto-america,a3126ad862783ddc57d2ef5ab0e920ae3ff10069195c2f1a607e7c9b40012140,ea49f9665766e8f5944f22a635e68da459d3793715cd88793a0f84125f19abb6,iowa_lottery_lotto_america,https://www.ialottery.com/Pages/Games-Online/LottoAmericaWin.aspx,49146ea9a9a117047de5027b858c09f1cce693496ab9ed6c4f1e397131a1a765,6cc52b7f50e442cc5348e59d9faecef9a9a75b5228250efc272b469f1e14bd46
lotto_america,2023-12-20,musl_lotto_america,https://www.powerball.com/draw-result?date=2023-12-20&gc=lotto-america,6c12019985e1078d1be3f7b71266b40ab878bcccaa52a5cbf513fe5aa78fe0de,fa8faf4621646fd06bc996effff35674e2bc16f8c3bb0f0a91809f7088ed8fbc,iowa_lottery_lotto_america,https://www.ialottery.com/Pages/Games-Online/LottoAmericaWin.aspx,78870103e050519a2da8461c4a99d3fabb8a46bcc4aca0f2ec9b1d60a2954d48,6cc52b7f50e442cc5348e59d9faecef9a9a75b5228250efc272b469f1e14bd46
lotto_america,2023-12-23,musl_lotto_america,https://www.powerball.com/draw-result?date=2023-12-23&gc=lotto-america,258c1724ad77aa39e7b4cafc9ea7b5862699937bbbf5734a7cf3526ce2faf8d1,fa50a16a5ada1b001027671db5ad064bf631e2056db888049cd16717e3132d88,iowa_lottery_lotto_america,https://www.ialottery.com/Pages/Games-Online/LottoAmericaWin.aspx,4925ea860eae18b084f4ad6e530799846ddb1783ee18d735130ea676d4937d84,6cc52b7f50e442cc5348e59d9faecef9a9a75b5228250efc272b469f1e14bd46
lotto_america,2023-12-25,musl_lotto_america,https://www.powerball.com/draw-result?date=2023-12-25&gc=lotto-america,d1fa2db1483e4efda5c23fd8935ba3c51db2aac3ce649187dc3eb9da36ad935e,628fd18b7b5f289f6ef741769a3b057571e7cbb339178959c372296a6d6a51ed,iowa_lottery_lotto_america,https://www.ialottery.com/Pages/Games-Online/LottoAmericaWin.aspx,55fb449122a359a83c60306ed50240431bb28f23b4b99aa2ef7cfa0e36662cbb,6cc52b7f50e442cc5348e59d9faecef9a9a75b5228250efc272b469f1e14bd46
lotto_america,2023-12-27,musl_lotto_america,https://www.powerball.com/draw-result?date=2023-12-27&gc=lotto-america,7c9076839d0ce8363f4595817a99f049499f5926f419266ee68423176465cced,25529830c5487f33db101e8b37833a85c075b65d6cc13ce97a4d30a0473df10f,iowa_lottery_lotto_america,https://www.ialottery.com/Pages/Games-Online/LottoAmericaWin.aspx,db6b75f407abdce366c74f8d580fa7f8aeda79d6789f350314d8f017acd6b6ea,6cc52b7f50e442cc5348e59d9faecef9a9a75b5228250efc272b469f1e14bd46
lotto_america,2023-12-30,musl_lotto_america,https://www.powerball.com/draw-result?date=2023-12-30&gc=lotto-america,c2593adf472ed8128d150cc82914e64f8e2d9eca74dd4a36cb2b111edad9c7ae,309c04e8945b3b74de34c94cb2dc1044284edc8e65098608603dd1e5d2f0dcd8,iowa_lottery_lotto_america,https://www.ialottery.com/Pages/Games-Online/LottoAmericaWin.aspx,caeb151d689f8ec48652edd49f8027f791126d3068a296d1e664cfa5dc7af276,6cc52b7f50e442cc5348e59d9faecef9a9a75b5228250efc272b469f1e14bd46
lotto_america,2024-01-01,musl_lotto_america,https://www.powerball.com/draw-result?date=2024-01-01&gc=lotto-america,20aed7621b09724bf2209dcf2e1f5a4ef892ad3c893ab1b9b161caa7a982efad,7baa5d236f7747167ba9763455de77fed9b2a449e33358f0515a0c261b8bb793,iowa_lottery_lotto_america,https://www.ialottery.com/Pages/Games-Online/LottoAmericaWin.aspx,9eef154fea30a90aba26a471fe1c3d92c6d0d4ca82b0f5e98a57f1462af716bb,6cc52b7f50e442cc5348e59d9faecef9a9a75b5228250efc272b469f1e14bd46
lotto_america,2024-01-03,musl_lotto_america,https://www.powerball.com/draw-result?date=2024-01-03&gc=lotto-america,c4b2abc8c47b76a078bcdca132a855cf934447f993973f2f42e737d3602b0178,fa4175cb677ca016032aee2bee3b2935534a3b313a1931d0c5e5a260ec96d597,iowa_lottery_lotto_america,https://www.ialottery.com/Pages/Games-Online/LottoAmericaWin.aspx,ef148e7c088d9413be5bc4ec51fef1aca6e4d3f307d00dfddc74b9b57144ca22,6cc52b7f50e442cc5348e59d9faecef9a9a75b5228250efc272b469f1e14bd46
lotto_america,2024-01-06,musl_lotto_america,https://www.powerball.com/draw-result?date=2024-01-06&gc=lotto-america,fbbae8c7280a7f012b284b45212ad600fa782b0083a8aaa0cb66969b96fb5c0c,c7c5de7c72fc32cb4a38f3c3ae7b03b2172b732c36da0ffae1736bf1afcfbe2f,iowa_lottery_lotto_america,https://www.ialottery.com/Pages/Games-Online/LottoAmericaWin.aspx,bde061a664ea9624078dec92edaa7a2d026d423258c1d9cc488ec929e7703ddf,fbeaa47ab64cc494605c21f5b7219fe339427372ab478207faee7cb18cff30f9
lotto_america,2024-01-08,musl_lotto_america,https://www.powerball.com/draw-result?date=2024-01-08&gc=lotto-america,8953da45ebf74a1381dfb4c5920b0d4ff3552effe9a99bf4066e5abb8520193e,f873b962244fe437dcd5be1a62447acd5980c60753a576c4713681807fc380a5,iowa_lottery_lotto_america,https://www.ialottery.com/Pages/Games-Online/LottoAmericaWin.aspx,fa0728d49b9797fd32f657e17fb03d10462ee389228d8133248bb88492977903,fbeaa47ab64cc494605c21f5b7219fe339427372ab478207faee7cb18cff30f9
lotto_america,2024-01-10,musl_lotto_america,https://www.powerball.com/draw-result?date=2024-01-10&gc=lotto-america,7f2402b509eb1fc4e868844c1730f768e3aa29b3f4fff5c9f8b70ad7cc79b5f1,19f05a1c549f2c257a80dbf1d656788aed2006361e17b475f0b1d531b97078ad,iowa_lottery_lotto_america,https://www.ialottery.com/Pages/Games-Online/LottoAmericaWin.aspx,7de9f1dc900e9eb49a4ff02ca177146576cd70ae1ea6fdfc33d53ca928d0ddcb,fbeaa47ab64cc494605c21f5b7219fe339427372ab478207faee7cb18cff30f9
lotto_america,2024-01-13,musl_lotto_america,https://www.powerball.com/draw-result?date=2024-01-13&gc=lotto-america,5b3a9edf793920e21b2e011430685f5243617f2b4b569596826f9e0d410fd7e2,8a1af258604f78f7296a162811e7b950b9ff7c63f35195c8a0f288c29eab6af9,iowa_lottery_lotto_america,https://www.ialottery.com/Pages/Games-Online/LottoAmericaWin.aspx,73ed698ee25fef8f4a9993a9ff6907e4221ffe31d82ebe1412a5c6743b545b10,fbeaa47ab64cc494605c21f5b7219fe339427372ab478207faee7cb18cff30f9
lotto_america,2024-01-15,musl_lotto_america,https://www.powerball.com/draw-result?date=2024-01-15&gc=lotto-america,def1c7f76c51b2852c439be80c5a4f1f1cf6ad5b7df152695d601127ebfaa223,fce16c0ee070526ed206cc8ba26648c9c8b585871431d333e70c33f191d55d63,iowa_lottery_lotto_america,https://www.ialottery.com/Pages/Games-Online/LottoAmericaWin.aspx,e8abdc79642e217bc9c37e394ee84acbc76cd041fdf706e1808fd87e455670be,fbeaa47ab64cc494605c21f5b7219fe339427372ab478207faee7cb18cff30f9
lotto_america,2024-01-17,musl_lotto_america,https://www.powerball.com/draw-result?date=2024-01-17&gc=lotto-america,a9f81c5d487c36f4c2015db139be525e340820fb318010f7ed3a02ffc7695094,3f57def7db23adebe38b9470fdb59b5e63a7a8312433ce0f8422de57d45e7a3b,iowa_lottery_lotto_america,https://www.ialottery.com/Pages/Games-Online/LottoAmericaWin.aspx,dddeb31c9bb621b6663ef1f4fa96e161d3be014bb83d04a1d90b1fb672c08013,fbeaa47ab64cc494605c21f5b7219fe339427372ab478207faee7cb18cff30f9
lotto_america,2024-01-20,musl_lotto_america,https://www.powerball.com/draw-result?date=2024-01-20&gc=lotto-america,02a2310f0373058487af07e02f60fbdde00f10bde03743f7f5751644381bff03,8fbab05a126b541646153e3cf9d4c440420871b417908831eaab29ce56648280,iowa_lottery_lotto_america,https://www.ialottery.com/Pages/Games-Online/LottoAmericaWin.aspx,034933579f80e89cb0f9085dd8f0e71c641b2df65fd07726941911703564fcc3,fbeaa47ab64cc494605c21f5b7219fe339427372ab478207faee7cb18cff30f9
lotto_america,2024-01-22,musl_lotto_america,https://www.powerball.com/draw-result?date=2024-01-22&gc=lotto-america,d5dfc7774a4718aa7ccf257d6c1affee9a32e4cad6a44c74023c69759bf0bc5d,3e9d31c64e3734eb43f58e2c639d19713f0e05c04fb499a83a6074ce728161ad,iowa_lottery_lotto_america,https://www.ialottery.com/Pages/Games-Online/LottoAmericaWin.aspx,af597a451453610ec4072633636df42a6ec9dd0e7db7129b936051eaa5d77602,fbeaa47ab64cc494605c21f5b7219fe339427372ab478207faee7cb18cff30f9
lotto_america,2024-01-24,musl_lotto_america,https://www.powerball.com/draw-result?date=2024-01-24&gc=lotto-america,4b0f69813c3478344d5ce20fb60017938f68d3622614eab742525fba4aab7a41,4db636c0d2cfb9b6cdb08c23bd5132da53543a8fea5c6a84a0d7c9c8cd9081e4,iowa_lottery_lotto_america,https://www.ialottery.com/Pages/Games-Online/LottoAmericaWin.aspx,d3170bc0098a521a3a0bb6e4410740fbde287aaa7e9fcd00c06fa60f2e9c182a,fbeaa47ab64cc494605c21f5b7219fe339427372ab478207faee7cb18cff30f9
lotto_america,2024-01-27,musl_lotto_america,https://www.powerball.com/draw-result?date=2024-01-27&gc=lotto-america,df64bf526421b9201d61ad240fabb486d459b8f057a7851103451ae4e304d66f,ef0b08d1ebc3a89b4bd47605aa186326076f765863087100e2157d3faa6bfb05,iowa_lottery_lotto_america,https://www.ialottery.com/Pages/Games-Online/LottoAmericaWin.aspx,775fa60222f64d118c4332acbcad3e55bbbcf4c8d410afea042ee67299c2e098,fbeaa47ab64cc494605c21f5b7219fe339427372ab478207faee7cb18cff30f9
lotto_america,2024-01-29,musl_lotto_america,https://www.powerball.com/draw-result?date=2024-01-29&gc=lotto-america,4cf23e8b58c5a59b6b4c686454d285627c937f64695054652daff76ed5906b76,62ae07c925cc3e47476c66c7caea7bc4cf33d823e8f03b69aef5897dc380ee72,iowa_lottery_lotto_america,https://www.ialottery.com/Pages/Games-Online/LottoAmericaWin.aspx,cae45a39565afaba2531835733cc348daf3c7e8fd1e5a70014d0a421a1e65be4,fbeaa47ab64cc494605c21f5b7219fe339427372ab478207faee7cb18cff30f9
lotto_america,2024-01-31,musl_lotto_america,https://www.powerball.com/draw-result?date=2024-01-31&gc=lotto-america,a9a075ab2a5776396410f022662199997ca8e05c9eba8e37ca2482968d59f157,de6d7c36bd265ea49486066baf1dc6863600a3abab084562d25253f7a5ea0950,iowa_lottery_lotto_america,https://www.ialottery.com/Pages/Games-Online/LottoAmericaWin.aspx,5430b2d9bd7424acb1349df84906fbadc90e79a07f9a44e931887fd2cbd8bc12,fbeaa47ab64cc494605c21f5b7219fe339427372ab478207faee7cb18cff30f9
lotto_america,2024-02-03,musl_lotto_america,https://www.powerball.com/draw-result?date=2024-02-03&gc=lotto-america,57a942083b00c6c26833168dc44369cd6933604cd2bab81755d4ed13a0bfae32,ced8d20d148601c2e04b6595436f0bb8449716ed6a73b8ccb95b4c895fd8ce8e,iowa_lottery_lotto_america,https://www.ialottery.com/Pages/Games-Online/LottoAmericaWin.aspx,9f3253661700f81ef66c50b657a7d08d8c87a339797f17859fdea37d4284fdf6,6b057137f9a9196d0030d30519a222d08eb1ad8a5e09c089be65975b4c65fcc4
lotto_america,2024-02-05,musl_lotto_america,https://www.powerball.com/draw-result?date=2024-02-05&gc=lotto-america,45b04521a1940642cbe2ff9f19d21894a3021364cc8ab8f2a46d2fe2861c4484,c8a42c547ec562028a3967b3d7116369197773bd3e1ff8955a95451778e23e03,iowa_lottery_lotto_america,https://www.ialottery.com/Pages/Games-Online/LottoAmericaWin.aspx,c1249e64f627250a76b57febc2e532e83f51fa5d5cfede90069f6c83c30a40ee,6b057137f9a9196d0030d30519a222d08eb1ad8a5e09c089be65975b4c65fcc4
lotto_america,2024-02-07,musl_lotto_america,https://www.powerball.com/draw-result?date=2024-02-07&gc=lotto-america,d8f6c2e1628b7f4dd83cba84583be83d635c7ecb30191141181da517d614eab5,768f6b267573167bec73534e5562658883e1f9a7aaae9d1924c6a72f118dc02e,iowa_lottery_lotto_america,https://www.ialottery.com/Pages/Games-Online/LottoAmericaWin.aspx,e5a3b6dcd1731866b5395cdb29395b1bad69bb1fbd18ef1a0b666277e12c864e,6b057137f9a9196d0030d30519a222d08eb1ad8a5e09c089be65975b4c65fcc4
lotto_america,2024-02-10,musl_lotto_america,https://www.powerball.com/draw-result?date=2024-02-10&gc=lotto-america,eabfedd75e7519eb6b0649647ec3c4d9972e291ae6464da2a257cedb42f9641f,5fd1cc2b05a2df7fc4f3fcd30ff2b5c01d04eccafe06d3c0a6740d4a96cdbdda,iowa_lottery_lotto_america,https://www.ialottery.com/Pages/Games-Online/LottoAmericaWin.aspx,ad9b22d377fe01ad331a0a1841aed92eff8fa9fbff3b112800c36b75363580c2,6b057137f9a9196d0030d30519a222d08eb1ad8a5e09c089be65975b4c65fcc4
lotto_america,2024-02-12,musl_lotto_america,https://www.powerball.com/draw-result?date=2024-02-12&gc=lotto-america,8cb93d9b8ebebae34646ee8656179ab04dd847b596855799f627d090a94a3073,4c16aa0bbfc1bf97925c2b2dfd79911f00480506e18a47fb2d88ab85660eba11,iowa_lottery_lotto_america,https://www.ialottery.com/Pages/Games-Online/LottoAmericaWin.aspx,b189d8c67567be74d84fcd91c43168d293539f311e99a5fc729e723cc8b2e9d7,6b057137f9a9196d0030d30519a222d08eb1ad8a5e09c089be65975b4c65fcc4
lotto_america,2024-02-14,musl_lotto_america,https://www.powerball.com/draw-result?date=2024-02-14&gc=lotto-america,73b4325476fc608620929107872bf2334bf7f75e5c503b9d694b26f9a653985a,16d297b05a6f2f8b86541ee70fe7c3cee4651569cf78b2b8286dd4abb20d2d36,iowa_lottery_lotto_america,https://www.ialottery.com/Pages/Games-Online/LottoAmericaWin.aspx,3c1e001bd15f633a726fc6112033f83ac5b9a246a423a69098031c61e805b70c,6b057137f9a9196d0030d30519a222d08eb1ad8a5e09c089be65975b4c65fcc4
lotto_america,2024-02-17,musl_lotto_america,https://www.powerball.com/draw-result?date=2024-02-17&gc=lotto-america,c416030eebed6abbe99d86fa31b2c90c08d9b9b056ea612ede7ad74504239682,cc3b6187167df5f315721718dbbeb090d7c0343bf79743b3e912778ac6398934,iowa_lottery_lotto_america,https://www.ialottery.com/Pages/Games-Online/LottoAmericaWin.aspx,599e006e058a9e9da153302d0c969e8c333efc3979f80496c90de8bf6ebdd303,6b057137f9a9196d0030d30519a222d08eb1ad8a5e09c089be65975b4c65fcc4
lotto_america,2024-02-19,musl_lotto_america,https://www.powerball.com/draw-result?date=2024-02-19&gc=lotto-america,d5011e507f82c70aab91cf9efbc88e6b1be1b6d80835cb43cf5cbf87c946eb4d,4fcdf65be417a1f86abfadd42f874522f69e2c641aeee545254242e697ec0b10,iowa_lottery_lotto_america,https://www.ialottery.com/Pages/Games-Online/LottoAmericaWin.aspx,32234c9fd742223c71b79aaf3a2b40a947a2d0516e3715f145f78b1b5841ed72,6b057137f9a9196d0030d30519a222d08eb1ad8a5e09c089be65975b4c65fcc4
lotto_america,2024-02-21,musl_lotto_america,https://www.powerball.com/draw-result?date=2024-02-21&gc=lotto-america,4be8042f7f1cfb1cddddc4569e93cb26ec2e4ab1e4a9c91810100c64535f454e,c6ba980fc941e76a49b6f244b3ce6b676f715642c17581cbb124eb55dccd333b,iowa_lottery_lotto_america,https://www.ialottery.com/Pages/Games-Online/LottoAmericaWin.aspx,23356527a34df44e875e857f49e37258fd0ed32d9057ea94dca9fb1e844232f6,6b057137f9a9196d0030d30519a222d08eb1ad8a5e09c089be65975b4c65fcc4
lotto_america,2024-02-24,musl_lotto_america,https://www.powerball.com/draw-result?date=2024-02-24&gc=lotto-america,a3dc021a71ef323e08e03025fc994011be6ea059805aea8584cb6b8d2d05f5b5,dee037a6ca8ce44c57448b90c8a7726a541ca1d2640340ca3e56364ef117fd60,iowa_lottery_lotto_america,https://www.ialottery.com/Pages/Games-Online/LottoAmericaWin.aspx,d187d1d46966687912768274072ae561a9dbe36c44311b9419afc608c226c99b,6b057137f9a9196d0030d30519a222d08eb1ad8a5e09c089be65975b4c65fcc4
lotto_america,2024-02-26,musl_lotto_america,https://www.powerball.com/draw-result?date=2024-02-26&gc=lotto-america,b6d8176663da1e0ff677567115151cefbc824993b42db9cd49d6a663dd7d3d28,c7c25dd47cd42caafe3a03858aaa34001c1201405777c5e53f84cc27e3b437aa,iowa_lottery_lotto_america,https://www.ialottery.com/Pages/Games-Online/LottoAmericaWin.aspx,1c6c3619bb33f910574a74ceccf02cfa98b0cafcf9491b0c396000e494a1197d,6b057137f9a9196d0030d30519a222d08eb1ad8a5e09c089be65975b4c65fcc4
lotto_america,2024-02-28,musl_lotto_america,https://www.powerball.com/draw-result?date=2024-02-28&gc=lotto-america,cba6fa350834b7935a8a2b571de50c1245577641fd86ef0ec54997e0edef68b0,ab9fe67ce8597d1ca58f954a10c3c847a61048f67f758b566553cd2ee692ea8b,iowa_lottery_lotto_america,https://www.ialottery.com/Pages/Games-Online/LottoAmericaWin.aspx,acfde8f2fe7146dd2aadabdb751b206de8a92c986777551557ea3f1124704400,6b057137f9a9196d0030d30519a222d08eb1ad8a5e09c089be65975b4c65fcc4
lotto_america,2024-03-02,musl_lotto_america,https://www.powerball.com/draw-result?date=2024-03-02&gc=lotto-america,df998fe26f1f6d4298c6351244853e82b73bd693b0ca3f456385a96f65046e5f,4f055fabcf78ac8bdefa9248ec2fed80ad5c94fd4dca42932fbb0fec800e48b0,iowa_lottery_lotto_america,https://www.ialottery.com/Pages/Games-Online/LottoAmericaWin.aspx,169650fb5c554e8a1928726212b3a3a203f9eaf5f372b4a256bd712e6b0e84b3,6b057137f9a9196d0030d30519a222d08eb1ad8a5e09c089be65975b4c65fcc4
lotto_america,2024-03-04,musl_lotto_america,https://www.powerball.com/draw-result?date=2024-03-04&gc=lotto-america,db93dfbecb200c13e4c0356d869e8fd0f665e5100c3839fb6913cca3da905b7c,aed06168850575dcedd158157416cfcc151d16b9d2f7f648834d5afca3e6d698,iowa_lottery_lotto_america,https://www.ialottery.com/Pages/Games-Online/LottoAmericaWin.aspx,6fcc90809849b0a047ba7d1e40fddb37905b519fcf3a457763f7564551d0a533,152b2eb4b6c75499ef54c68aff55ea21c12ada12b3306f2ae1425ecc3a5c5fd6
lotto_america,2024-03-06,musl_lotto_america,https://www.powerball.com/draw-result?date=2024-03-06&gc=lotto-america,62c57c9dc622c4c7efae4e2201f59cf90f808a1d88e74d0589b1824486209453,2c09a32cd712d40788a59625d5a489d2858afb5752e0b4130a674c9dfd573982,iowa_lottery_lotto_america,https://www.ialottery.com/Pages/Games-Online/LottoAmericaWin.aspx,bcd7740fe5e47de8150ee50db0f3ddeabd7d2353a9282e835480f860c1461aba,152b2eb4b6c75499ef54c68aff55ea21c12ada12b3306f2ae1425ecc3a5c5fd6
lotto_america,2024-03-09,musl_lotto_america,https://www.powerball.com/draw-result?date=2024-03-09&gc=lotto-america,48bd550dd02c83daa167126eba5b0eb809de77bfca08383f41acf16e315c1030,6d3bec5438ba9d785020563fb23af725f4f3bb0656110a8fd8c7b8ea35f49f8e,iowa_lottery_lotto_america,https://www.ialottery.com/Pages/Games-Online/LottoAmericaWin.aspx,9799b3b7c800643a50c1dadfd0b2b970a3e14cdb858ffdcd0a4f2e9d80376fc2,152b2eb4b6c75499ef54c68aff55ea21c12ada12b3306f2ae1425ecc3a5c5fd6
lotto_america,2024-03-11,musl_lotto_america,https://www.powerball.com/draw-result?date=2024-03-11&gc=lotto-america,410ea8864b2465f7930a0d99ea85f7ef704949562cd54eaf95de33b2231856cb,247a1e96f0950ca5a52ba8301a8cdb20505114ffd9208530e130b0eef6ec7d4a,iowa_lottery_lotto_america,https://www.ialottery.com/Pages/Games-Online/LottoAmericaWin.aspx,f80332449f8bcaf99ea4da384bb424139bb8bd0b937ff426980c1aed066356aa,152b2eb4b6c75499ef54c68aff55ea21c12ada12b3306f2ae1425ecc3a5c5fd6
lotto_america,2024-03-13,musl_lotto_america,https://www.powerball.com/draw-result?date=2024-03-13&gc=lotto-america,db18651950ad7b81d4b64d8b5ab7cdac0912565ecd1268b7801148d85fb38fc6,e70ac43c824021d46438622632ea9d05006145bc90f7ea96c441af6db582914f,iowa_lottery_lotto_america,https://www.ialottery.com/Pages/Games-Online/LottoAmericaWin.aspx,488eb262b33dff4be62c295a02bea3746d769515b6a0571e8555608429a77e68,152b2eb4b6c75499ef54c68aff55ea21c12ada12b3306f2ae1425ecc3a5c5fd6
lotto_america,2024-03-16,musl_lotto_america,https://www.powerball.com/draw-result?date=2024-03-16&gc=lotto-america,b60586ca0414cee41575d4b37e97a18ab29ddfc0ff428f65311c7217ae059574,6832ae45b2b14e78822ee53c3d18f18c260ed68cde1bf25ea310260add293dd2,iowa_lottery_lotto_america,https://www.ialottery.com/Pages/Games-Online/LottoAmericaWin.aspx,ed902d0d05806d0d32952057d84a5041a334e1647dc2ed1aaf3b555d862c2ff5,152b2eb4b6c75499ef54c68aff55ea21c12ada12b3306f2ae1425ecc3a5c5fd6
lotto_america,2024-03-18,musl_lotto_america,https://www.powerball.com/draw-result?date=2024-03-18&gc=lotto-america,b0a5c309b06161db55ee8c6e9056af47cdd73866dfe92f1e3f98c654dcf476f7,c5e04410f2414106ce41caf6d40351734cc6acf2774dda71e46c7a662af6cb25,iowa_lottery_lotto_america,https://www.ialottery.com/Pages/Games-Online/LottoAmericaWin.aspx,18170cc172999fc0fc26367f34613b2b92da69ffa321c2705acc5fc79dff718c,152b2eb4b6c75499ef54c68aff55ea21c12ada12b3306f2ae1425ecc3a5c5fd6
lotto_america,2024-03-20,musl_lotto_america,https://www.powerball.com/draw-result?date=2024-03-20&gc=lotto-america,689d82b776dc2e1410c1e34dce24821ce5ce6ef7c7528e8899eff89b11341236,8c0a3b6394e3d50a0de2afaba3a52646b12732839c9a2c8110be5d953e221b47,iowa_lottery_lotto_america,https://www.ialottery.com/Pages/Games-Online/LottoAmericaWin.aspx,38d442a639f63963d91f285322da0dc16e96e0221349c96b8d8cec23770c802c,152b2eb4b6c75499ef54c68aff55ea21c12ada12b3306f2ae1425ecc3a5c5fd6
lotto_america,2024-03-23,musl_lotto_america,https://www.powerball.com/draw-result?date=2024-03-23&gc=lotto-america,cb48794c26cd5d8262d8f66da3b240afe91b379ffd016e47ceb16ab3dd6898db,c93b0669c958ff677d9b24cd25186fee1c7178b2718090edda776353bcca16dd,iowa_lottery_lotto_america,https://www.ialottery.com/Pages/Games-Online/LottoAmericaWin.aspx,50cea773c751cac19ca0939500f46b6b0f2fe0f5820aeaa98620aeeed51aa5bb,152b2eb4b6c75499ef54c68aff55ea21c12ada12b3306f2ae1425ecc3a5c5fd6
lotto_america,2024-03-25,musl_lotto_america,https://www.powerball.com/draw-result?date=2024-03-25&gc=lotto-america,afd274c9b92499c14fb43071e715d7a6adeaad68cecd0c60d12c251f8381af83,5b023bac3e81df07837a8a475f2891dd7912143aee9f6b82bb483f329f6d8607,iowa_lottery_lotto_america,https://www.ialottery.com/Pages/Games-Online/LottoAmericaWin.aspx,3758cb9cf53ac4ddd3c74e47670308ec48ff70b4a7b5c1dafdf3cfe9393cad9a,152b2eb4b6c75499ef54c68aff55ea21c12ada12b3306f2ae1425ecc3a5c5fd6
lotto_america,2024-03-27,musl_lotto_america,https://www.powerball.com/draw-result?date=2024-03-27&gc=lotto-america,b29c4ad5f55e8e701ddfbc22d175b0cc2e11009baee0856d528646409b87089e,9f1341ed8725a0a561fdb2723b6d612589321938c2c515144ccf4089c9dfd50f,iowa_lottery_lotto_america,https://www.ialottery.com/Pages/Games-Online/LottoAmericaWin.aspx,556e5f51010c63229062bfd00da404a3db81676170bd9eff93edefa70faf144b,152b2eb4b6c75499ef54c68aff55ea21c12ada12b3306f2ae1425ecc3a5c5fd6
lotto_america,2024-03-30,musl_lotto_america,https://www.powerball.com/draw-result?date=2024-03-30&gc=lotto-america,2f0094c76d57733eee2cdfff1f0cdbc55bd6f4df74261bc395266273e8ce0dd1,ad35e185d4ad26484abe2e6803a46377af706c874c793e1d9dd6a57e07e6355d,iowa_lottery_lotto_america,https://www.ialottery.com/Pages/Games-Online/LottoAmericaWin.aspx,de8a3b9c11796225103ecbfa7c5e14d21aee5936385f6844e60d5c3414bbb2fc,152b2eb4b6c75499ef54c68aff55ea21c12ada12b3306f2ae1425ecc3a5c5fd6
lotto_america,2024-04-01,musl_lotto_america,https://www.powerball.com/draw-result?date=2024-04-01&gc=lotto-america,2de3fe620634b757b1d646b67f0bab77bd95edfa047f1a4c852143da5308a354,bf07c450a9b6d0113a57322d1e3f6704be9cd65abf36fe0caa1bbe5e893c79e0,iowa_lottery_lotto_america,https://www.ialottery.com/Pages/Games-Online/LottoAmericaWin.aspx,0c703da1fdc1da072a433393e116a60a22328632d00aa1fe395ab34f5d0cb0ec,152b2eb4b6c75499ef54c68aff55ea21c12ada12b3306f2ae1425ecc3a5c5fd6
lotto_america,2024-04-03,musl_lotto_america,https://www.powerball.com/draw-result?date=2024-04-03&gc=lotto-america,d6605b1e1b6df3957b2f9699914fc9c6a74a69e1062ad4f5705b9db21fd7465a,f0e78833caae5354b7d0f5123f18666e927c38f3d5f27f2f483b14e090531ef6,iowa_lottery_lotto_america,https://www.ialottery.com/Pages/Games-Online/LottoAmericaWin.aspx,84185ee5a2c8c9a7ab632d3bcddab8f33d59886b28059b9e579ff4947683ef3e,0109dccc27687ed2906a2cb1f96975d425ea13530591ef1ce49f76d7922433e6
lotto_america,2024-04-06,musl_lotto_america,https://www.powerball.com/draw-result?date=2024-04-06&gc=lotto-america,2c973266ba75a35870c9f460ffcfe9532e31876be159f7bbb0453b53aea084e3,eb0d844fe6ff18a74b7718e2c1b4174a39e4928e2a3ce85d7e3748eda9d9531a,iowa_lottery_lotto_america,https://www.ialottery.com/Pages/Games-Online/LottoAmericaWin.aspx,6318d2f5b487fc2ce6fef89b4c2a0b4b6a86444e5c3ddc62403b8b88b18a3c5f,0109dccc27687ed2906a2cb1f96975d425ea13530591ef1ce49f76d7922433e6
lotto_america,2024-04-08,musl_lotto_america,https://www.powerball.com/draw-result?date=2024-04-08&gc=lotto-america,8913fa1c66fc113d32077ebf083c2fc7ddd187e597df2b2495d484d33e2832c2,943ce702bb70156b6657c202877ce86fe859cb6cf67436afa58d7885861fa2cd,iowa_lottery_lotto_america,https://www.ialottery.com/Pages/Games-Online/LottoAmericaWin.aspx,cfda21e193b905f03e73b1881da926bed63c0610b407272f1f543be0bf77a3e6,0109dccc27687ed2906a2cb1f96975d425ea13530591ef1ce49f76d7922433e6
lotto_america,2024-04-10,musl_lotto_america,https://www.powerball.com/draw-result?date=2024-04-10&gc=lotto-america,c1b5345f485f0fa8aa26c8e1b1a21e15110ac726264ebcc4ed4df31b6d64e8bf,ffb8f7568a0fea063b9abf0c125be0dc717e3ec99cf239b9d6ca2bb7161bb6cf,iowa_lottery_lotto_america,https://www.ialottery.com/Pages/Games-Online/LottoAmericaWin.aspx,c314265d2089abf8555251c3ca90a75587f67b50be3959406420340c0b507354,0109dccc27687ed2906a2cb1f96975d425ea13530591ef1ce49f76d7922433e6
lotto_america,2024-04-13,musl_lotto_america,https://www.powerball.com/draw-result?date=2024-04-13&gc=lotto-america,5e184550c2e83d02a562cd6df20102146fbbd675cbd703badb8f31b3fbc1d1d1,a21b3a64fcb384453c3298bd251d60ddbac48c66917c1da26a13b019f023db16,iowa_lottery_lotto_america,https://www.ialottery.com/Pages/Games-Online/LottoAmericaWin.aspx,216e170d0feffd218fe418aa83d47122cdf44b4108573d426d3b4fded17e662b,0109dccc27687ed2906a2cb1f96975d425ea13530591ef1ce49f76d7922433e6
lotto_america,2024-04-15,musl_lotto_america,https://www.powerball.com/draw-result?date=2024-04-15&gc=lotto-america,29398d79cf8fadfea2233007a0022d7e7b4122567af44c218178de07d2c8f3bf,5738403951c002c4ab7a25cb907f37767f724284c18b4266a55ce9ab10c035d3,iowa_lottery_lotto_america,https://www.ialottery.com/Pages/Games-Online/LottoAmericaWin.aspx,c0cf21c44b70125f4bab4639b0bdc35ca7dcc176370cc26dec9a8c59b8d1f4a2,0109dccc27687ed2906a2cb1f96975d425ea13530591ef1ce49f76d7922433e6
lotto_america,2024-04-17,musl_lotto_america,https://www.powerball.com/draw-result?date=2024-04-17&gc=lotto-america,3c883f2ab1051b247cd566b9f920c4603e4938ddfe6e01350f26d92dd74b3765,d91bfa5d5d023fd0d33e12a773f97b049a1196297592bead8c5eac70d01a9406,iowa_lottery_lotto_america,https://www.ialottery.com/Pages/Games-Online/LottoAmericaWin.aspx,8ebb390b040078b02b2862f49da892826df634cb2f60af17a3d9ca6b1581c027,0109dccc27687ed2906a2cb1f96975d425ea13530591ef1ce49f76d7922433e6
lotto_america,2024-04-20,musl_lotto_america,https://www.powerball.com/draw-result?date=2024-04-20&gc=lotto-america,199c346961652b13991f554d37db68f2a8ae49b9478f9261e4b047f23c3d1034,c217fe7a664477129d852c1aedc46361a424b564625312512377057074437100,iowa_lottery_lotto_america,https://www.ialottery.com/Pages/Games-Online/LottoAmericaWin.aspx,3c3eab634dc50774c7b5964c35f34590056d19e3d10c334fd1445270f5949192,0109dccc27687ed2906a2cb1f96975d425ea13530591ef1ce49f76d7922433e6
lotto_america,2024-04-22,musl_lotto_america,https://www.powerball.com/draw-result?date=2024-04-22&gc=lotto-america,f747fcbafebb48ae70e1c7076c8487302ced9d330d079116d348fa7abb505252,315bf257162c205f0e018f916ac0309a581d1e223304431c6f3734e1b9e6105b,iowa_lottery_lotto_america,https://www.ialottery.com/Pages/Games-Online/LottoAmericaWin.aspx,01363a1ff8a7bd3b6493200f3360c0fccc9d13165ca9f97445303023f86516e9,0109dccc27687ed2906a2cb1f96975d425ea13530591ef1ce49f76d7922433e6
lotto_america,2024-04-24,musl_lotto_america,https://www.powerball.com/draw-result?date=2024-04-24&gc=lotto-america,d9944ed62ed0e3b014ff8963799090fc0f7296b0cdf4fcd95e227e72080bd25a,10499273318ff8306087b5188674a73089ee9cd5b5130d88778ce7efba1e399d,iowa_lottery_lotto_america,https://www.ialottery.com/Pages/Games-Online/LottoAmericaWin.aspx,83c2eddb3943880d8df9887df40d1d61d3e596e2e11fce4860619ffef99512db,0109dccc27687ed2906a2cb1f96975d425ea13530591ef1ce49f76d7922433e6
lotto_america,2024-04-27,musl_lotto_america,https://www.powerball.com/draw-result?date=2024-04-27&gc=lotto-america,e58428c8e02b0956d1d8a3acb310105b9e729f09792e815b2a15c6efd4e53502,b2e4106404213aaaaa8e5b75c7fe0ca53fa0b6c99254fbb1e3cdcbf96ab336c1,iowa_lottery_lotto_america,https://www.ialottery.com/Pages/Games-Online/LottoAmericaWin.aspx,a2ca619a88168560baa7e16cedfe253907ffef49e75536943c58e10570b3a1c9,0109dccc27687ed2906a2cb1f96975d425ea13530591ef1ce49f76d7922433e6
lotto_america,2024-04-29,musl_lotto_america,https://www.powerball.com/draw-result?date=2024-04-29&gc=lotto-america,53c53e69cee8498dad9519cf9fa3a8743a8674ef48ce6481610a3d09f05af945,aa7ba1b967054db3d085e9815f30e498ca756135283e267e0e1c1e7f159ef7d7,iowa_lottery_lotto_america,https://www.ialottery.com/Pages/Games-Online/LottoAmericaWin.aspx,270bc61d9da3e53b10c5fce2befa85ff203ea5cc0b9d310d98a84ffa74b270d3,0109dccc27687ed2906a2cb1f96975d425ea13530591ef1ce49f76d7922433e6
lotto_america,2024-05-01,musl_lotto_america,https://www.powerball.com/draw-result?date=2024-05-01&gc=lotto-america,995253eb84f5e1b8128c7981134ba1d38fece6e1c8cf5d61f7abeb798b7fd439,05447e95e19a259a5f41f8157cd64ed3149a5e7272f6eb824c3ce434036e50f1,iowa_lottery_lotto_america,https://www.ialottery.com/Pages/Games-Online/LottoAmericaWin.aspx,f0143e8ec7abdd6b61bf3c414f5816db1bbe36c5ce2ca3e72a7793acde2b2ae0,0109dccc27687ed2906a2cb1f96975d425ea13530591ef1ce49f76d7922433e6
lotto_america,2024-05-04,musl_lotto_america,https://www.powerball.com/draw-result?date=2024-05-04&gc=lotto-america,4285814d8fd4b9c0912638b96a680bc8a87389a142478a37441a4eb68279eca1,2fde9ab9e778e5e4890dead8437f3a2a3bdf8647394e4c6f676a5d24e78a43d2,iowa_lottery_lotto_america,https://www.ialottery.com/Pages/Games-Online/LottoAmericaWin.aspx,f3ba29705b92e8a27686c4ec51919060577ce8f052217f3bacc5ce484cc0859f,32734188d385de7fb3bc484272d3aec1aff8682cb6397e908f5a24dd1deb7d21
lotto_america,2024-05-06,musl_lotto_america,https://www.powerball.com/draw-result?date=2024-05-06&gc=lotto-america,66581958d0ccc70a42d191780d28306065458a654e91edd4e1dc5934c8e36147,9a73496e5c61f45a5147b862fd0bbf784adff726e1d21a45e596c1a3478ad19a,iowa_lottery_lotto_america,https://www.ialottery.com/Pages/Games-Online/LottoAmericaWin.aspx,243bf0db864e2ae6c521b534543d2d266ca7f93aa3d8f701e8d5498507b86dc0,32734188d385de7fb3bc484272d3aec1aff8682cb6397e908f5a24dd1deb7d21
lotto_america,2024-05-08,musl_lotto_america,https://www.powerball.com/draw-result?date=2024-05-08&gc=lotto-america,5d76f9282eca3db9e6204b65748859398a8b691baf3a86c441fbb4b5ab2d0d8c,56ec3faadb086e3559de21bdc2ab183d163f34645fd66090619be58051fe8e71,iowa_lottery_lotto_america,https://www.ialottery.com/Pages/Games-Online/LottoAmericaWin.aspx,88a3d3290dd27a28db128b13d3ee4ec669cda973dfe1f560f7c670d0c5181194,32734188d385de7fb3bc484272d3aec1aff8682cb6397e908f5a24dd1deb7d21
lotto_america,2024-05-11,musl_lotto_america,https://www.powerball.com/draw-result?date=2024-05-11&gc=lotto-america,5217b9d905192560962f53ae23bcee1aeda2d70ee452e740ee0c24406198263f,05674d426ecf59116aed2b7ab67dbf1f2ae566920f20faedaa79ae3a3460df74,iowa_lottery_lotto_america,https://www.ialottery.com/Pages/Games-Online/LottoAmericaWin.aspx,c9817ba996752762eb30f347171435d2d8711f54f7434c9f0832df679cead750,32734188d385de7fb3bc484272d3aec1aff8682cb6397e908f5a24dd1deb7d21
lotto_america,2024-05-13,musl_lotto_america,https://www.powerball.com/draw-result?date=2024-05-13&gc=lotto-america,394df427503fa6a66572d4c3ed46d46a1e0b3d87420f38746a64c9832bb6a975,8caaa941709d389965697d59f93adc24fe2dccb2d68b9718b81c0b9d27fbffbf,iowa_lottery_lotto_america,https://www.ialottery.com/Pages/Games-Online/LottoAmericaWin.aspx,1502e96ad2706097ad6f4b514b775a6401a93dabceba947528f60809791a102a,32734188d385de7fb3bc484272d3aec1aff8682cb6397e908f5a24dd1deb7d21
lotto_america,2024-05-15,musl_lotto_america,https://www.powerball.com/draw-result?date=2024-05-15&gc=lotto-america,5d47c95f3f1bd0ce9a99d8e9de1cd64f635293b739c59e61ca4be1e1345763d1,c02b9e76abf11a2b90512006bcfc9545f1ab627943ab100f538a2de67cbf6976,iowa_lottery_lotto_america,https://www.ialottery.com/Pages/Games-Online/LottoAmericaWin.aspx,091c347137f5dd3b3c3950da2de5fa1663534fb65e9a76323cf2a9b23f4af94b,32734188d385de7fb3bc484272d3aec1aff8682cb6397e908f5a24dd1deb7d21
lotto_america,2024-05-18,musl_lotto_america,https://www.powerball.com/draw-result?date=2024-05-18&gc=lotto-america,3685c7a103d466bddcf4e5c81ecde4d371c388fb93b6eaea5e038ae6ad42c757,1ee424b412b86608b424da25f937cdd35a6e346406b56df95a7b541aa93562ef,iowa_lottery_lotto_america,https://www.ialottery.com/Pages/Games-Online/LottoAmericaWin.aspx,06177c1112cdc46f75d2ee661edf827a8e48268c08a8eac0a8cb5f2897e22a15,32734188d385de7fb3bc484272d3aec1aff8682cb6397e908f5a24dd1deb7d21
lotto_america,2024-05-20,musl_lotto_america,https://www.powerball.com/draw-result?date=2024-05-20&gc=lotto-america,62c7ffdc254acd52931c6d1cb5cbea0502b6776ed65a7b17f7bbc26a262e6453,ac9d2548a3870cc404c87d2f5e4bfff1ee76b76e054db35a6a3c87aba2f2cad1,iowa_lottery_lotto_america,https://www.ialottery.com/Pages/Games-Online/LottoAmericaWin.aspx,38062ea9252443137275a5b46dcbdc334e84577065aa4137ff6f90b4ccb78f5c,32734188d385de7fb3bc484272d3aec1aff8682cb6397e908f5a24dd1deb7d21
lotto_america,2024-05-22,musl_lotto_america,https://www.powerball.com/draw-result?date=2024-05-22&gc=lotto-america,b9b017099703f0579568d420be58bd4208da24f1864a28ac84d3fc469ad8c59d,447d55d9abdded93e8de75e95c3e2b544290286dea2c460c6ca59192981fbbd2,iowa_lottery_lotto_america,https://www.ialottery.com/Pages/Games-Online/LottoAmericaWin.aspx,bca4e589a1ce3dfee2496946113d7f8d7d691f479cb03b9e8e9a6b763018790e,32734188d385de7fb3bc484272d3aec1aff8682cb6397e908f5a24dd1deb7d21
lotto_america,2024-05-25,musl_lotto_america,https://www.powerball.com/draw-result?date=2024-05-25&gc=lotto-america,2357a6c1b35453dbf562a291530e673dee0bfcbe13e6e8a1db66e6c070e7aebc,718a5238bd280275594fdf913855942c8d17255ea123df59ae038d7972567a6c,iowa_lottery_lotto_america,https://www.ialottery.com/Pages/Games-Online/LottoAmericaWin.aspx,e31b378aca2e9edd53e35165e688c09867f9e9ad1acaffb00dce2a981a7b4567,32734188d385de7fb3bc484272d3aec1aff8682cb6397e908f5a24dd1deb7d21
lotto_america,2024-05-27,musl_lotto_america,https://www.powerball.com/draw-result?date=2024-05-27&gc=lotto-america,1275b2b70f48558476f496ecd2088cd2a4f22daf491098d38ce6a35bbf7e659d,a7320aad0cf9de61e7e05369fa1e62ae9a437021ef6e8ad15f76cfcfb95c852a,iowa_lottery_lotto_america,https://www.ialottery.com/Pages/Games-Online/LottoAmericaWin.aspx,70f95be255d4a1bfdc9788504cd891b1c2c8b927bac20d5653215a56584a7f84,32734188d385de7fb3bc484272d3aec1aff8682cb6397e908f5a24dd1deb7d21
lotto_america,2024-05-29,musl_lotto_america,https://www.powerball.com/draw-result?date=2024-05-29&gc=lotto-america,5ea0cd49450482869e10f8747dac31b8e574af45545163990e05e2eecd98ab90,28cd735c72d4250d0e227cd72d60501b41231a5536234f2c7f26d8d02e39cc4d,iowa_lottery_lotto_america,https://www.ialottery.com/Pages/Games-Online/LottoAmericaWin.aspx,badebb8d4ae2224fe42b998d0ed94be3d21c22e7aeb35c510fcd885f3fbd0212,32734188d385de7fb3bc484272d3aec1aff8682cb6397e908f5a24dd1deb7d21
lotto_america,2024-06-01,musl_lotto_america,https://www.powerball.com/draw-result?date=2024-06-01&gc=lotto-america,39a39493d64c1f1f875387b8d4f744e1f44435ae0bbe94627b1609088da055c1,4593ffb34b98cd5c91ae7bc8316b58cb03c5635af2f9a1dd47b03b3171732424,iowa_lottery_lotto_america,https://www.ialottery.com/Pages/Games-Online/LottoAmericaWin.aspx,9b4aa76ad42b85227e950c202619cae1091f28eaaae85bdcbb0a3c2c419767c7,32734188d385de7fb3bc484272d3aec1aff8682cb6397e908f5a24dd1deb7d21
lotto_america,2024-06-03,musl_lotto_america,https://www.powerball.com/draw-result?date=2024-06-03&gc=lotto-america,99eb42918fcc20d27082d3d3623e01294eddf0b9bebd08aab9c0cedc5532a526,17bd5467960397c90103758e8ab728e77cd47aa7786f1bf9cb32ab5f0efd4687,iowa_lottery_lotto_america,https://www.ialottery.com/Pages/Games-Online/LottoAmericaWin.aspx,57f4be8ff66b18eb1319b299b7489f9549c9e48c66e26a97a1613a393ffd6d11,dfe788f1be257c6f0715694d0b7ad6ca85a26ff775e212b6bc64737468f78109
lotto_america,2024-06-05,musl_lotto_america,https://www.powerball.com/draw-result?date=2024-06-05&gc=lotto-america,ef2a6e538a1c82ee2e1e924dc2e95c96e8d093249a1c6df3b64941e44bb4dbc1,a273486f5a14d905db22f7406e4f381e134b962902680116c6b77257512b2a08,iowa_lottery_lotto_america,https://www.ialottery.com/Pages/Games-Online/LottoAmericaWin.aspx,f00bc54bbcdbf3cf64bb61a21507803b6477289741a2ad6d8527147ab220049e,166f08c67a4e739229a763c735c9bfc381f8e4cf638623ae8aed9585bad24e4c
lotto_america,2024-06-08,musl_lotto_america,https://www.powerball.com/draw-result?date=2024-06-08&gc=lotto-america,69b25d2ac89c31b114d5c015317a555597279e12dcd454b27f0043d9a5ae4fd3,bd28209f29d8e3bdbc7c7a4506ca7a2aeab1e7df4c87c7995010c0cd304e00bb,iowa_lottery_lotto_america,https://www.ialottery.com/Pages/Games-Online/LottoAmericaWin.aspx,dae8c85afeb08aebf1a9e96f4ffe81624285bdd1c996c064915dbefc2d676622,166f08c67a4e739229a763c735c9bfc381f8e4cf638623ae8aed9585bad24e4c
lotto_america,2024-06-10,musl_lotto_america,https://www.powerball.com/draw-result?date=2024-06-10&gc=lotto-america,511718c2cb07be0e2468b41b7d3c9234f3586bef425ce2a0fde98d9fc270097c,bb4c587a217c8e532f6ffb86a3c7bf0fb94328a40a82136f55b349d753bd74fd,iowa_lottery_lotto_america,https://www.ialottery.com/Pages/Games-Online/LottoAmericaWin.aspx,a714d5b9197e2cba4b68005f873712cc978a8486e1b3a1e5491ec039623bdd6d,166f08c67a4e739229a763c735c9bfc381f8e4cf638623ae8aed9585bad24e4c
lotto_america,2024-06-12,musl_lotto_america,https://www.powerball.com/draw-result?date=2024-06-12&gc=lotto-america,988bd45318f95db9755ad07d5a5fc71de5eccc1dc57bfd2c697d54b092f30e05,b385c0ac30a84bad934243b2b22194495ff0d7c173ba8dff4f0a3f4632fb922d,iowa_lottery_lotto_america,https://www.ialottery.com/Pages/Games-Online/LottoAmericaWin.aspx,43d785e5996b4735d05b3d065e591120ded98f135ed081186f6510e5308b94f7,166f08c67a4e739229a763c735c9bfc381f8e4cf638623ae8aed9585bad24e4c
lotto_america,2024-06-15,musl_lotto_america,https://www.powerball.com/draw-result?date=2024-06-15&gc=lotto-america,78a7a2166df85d56c70f93f42b144fcb5cb825f801f997be9a6e2104aceb78e0,074db198eb25d012d88305f4e06cc92577bd6953f376cdfd00ec925f7555946c,iowa_lottery_lotto_america,https://www.ialottery.com/Pages/Games-Online/LottoAmericaWin.aspx,7cfb331056dbc1b86dbdf50816580bdd1e8cd6c068573b6b75ccc90517088c26,166f08c67a4e739229a763c735c9bfc381f8e4cf638623ae8aed9585bad24e4c
lotto_america,2024-06-17,musl_lotto_america,https://www.powerball.com/draw-result?date=2024-06-17&gc=lotto-america,0a77970b4cea4fe96b78c6db473ef2cb738074f9653a904fda2ef0ae41823be6,6098c4ef62404583e7f9557a49dbef0ec5499592ea4de3a14682b2884c4a7d8d,iowa_lottery_lotto_america,https://www.ialottery.com/Pages/Games-Online/LottoAmericaWin.aspx,1109910c1d7f2ac090898635c91936c4b1c0eb03ddec9cfb90489993c810377d,166f08c67a4e739229a763c735c9bfc381f8e4cf638623ae8aed9585bad24e4c
lotto_america,2024-06-19,musl_lotto_america,https://www.powerball.com/draw-result?date=2024-06-19&gc=lotto-america,30b382c3e20b877c9d66563e26f8463a3e527ea49512784e3e2073fd90c0b839,ce9c76a0376368f3934a3847a0fbf73b89cb559a79ada759a95a6938346d3e29,iowa_lottery_lotto_america,https://www.ialottery.com/Pages/Games-Online/LottoAmericaWin.aspx,c949642da4ddeaf9c69fb1b3f9bee9f6cd50681bc8848064b59d481709725544,166f08c67a4e739229a763c735c9bfc381f8e4cf638623ae8aed9585bad24e4c
lotto_america,2024-06-22,musl_lotto_america,https://www.powerball.com/draw-result?date=2024-06-22&gc=lotto-america,3b8955ac04be6febcd06192fe562f841d4ea0d259c45a0e147ad838187132f1a,483d4c730ccf2544fb0d8ad891236aa94e21685e9cc2b211879e89caba073b6a,iowa_lottery_lotto_america,https://www.ialottery.com/Pages/Games-Online/LottoAmericaWin.aspx,438243cacccd29848de6e36dc00db57816dba2d17425dbaa475472d3536d37fa,166f08c67a4e739229a763c735c9bfc381f8e4cf638623ae8aed9585bad24e4c
lotto_america,2024-06-24,musl_lotto_america,https://www.powerball.com/draw-result?date=2024-06-24&gc=lotto-america,5a3e1302faae1fd3a90fb8dc4570a4273f5c9cb7938365884d8fac0bbeea9ed5,0b50153cdd288f2f57b02d835d2e0f921596795cbd4fa7fd9afe5f08baa2ea04,iowa_lottery_lotto_america,https://www.ialottery.com/Pages/Games-Online/LottoAmericaWin.aspx,0bdf38eda0964c8c02ef00d80aea3c3234b1d13d293a2febd1b4849f979ae8d9,166f08c67a4e739229a763c735c9bfc381f8e4cf638623ae8aed9585bad24e4c
lotto_america,2024-06-26,musl_lotto_america,https://www.powerball.com/draw-result?date=2024-06-26&gc=lotto-america,d3e3f2454a37d36afa8f864f068f0ced191623bb17535e07f750f151e24b8e6b,5e76c1ca89bdbafe94a6920c5c84e916d2300aaac5d2c172dfe7a3257ec9d216,iowa_lottery_lotto_america,https://www.ialottery.com/Pages/Games-Online/LottoAmericaWin.aspx,cc169d6670534e14dc70a51e42467daceedead28d6c9dad5a84c20861861aa24,166f08c67a4e739229a763c735c9bfc381f8e4cf638623ae8aed9585bad24e4c
lotto_america,2024-06-29,musl_lotto_america,https://www.powerball.com/draw-result?date=2024-06-29&gc=lotto-america,f87aa4eec9f188871c6165d2dd7ee5a79aaea61a247cac16c7f4bbd76d314c00,63e28350e3562d0a6ed244a86a4248f7af33fba3940b72db7ce13df3f14319d7,iowa_lottery_lotto_america,https://www.ialottery.com/Pages/Games-Online/LottoAmericaWin.aspx,cfd7122874c6e3cf4c1e559ed0b81238eacc9899ca795c1c95e2b25d613aa2ea,166f08c67a4e739229a763c735c9bfc381f8e4cf638623ae8aed9585bad24e4c
lotto_america,2024-07-01,musl_lotto_america,https://www.powerball.com/draw-result?date=2024-07-01&gc=lotto-america,f4f0c9be9c7573c44ff10b2d2391acf230c108ad8eb11223b946e72381bac435,94ecff410864a126261612eb537f7c31896eae699337c4e43ffec8cc9639975f,iowa_lottery_lotto_america,https://www.ialottery.com/Pages/Games-Online/LottoAmericaWin.aspx,801af65ea77624fd6306146e1c6d598d8e83a4618ea8d3922faab7d708861b73,166f08c67a4e739229a763c735c9bfc381f8e4cf638623ae8aed9585bad24e4c
lotto_america,2024-07-03,musl_lotto_america,https://www.powerball.com/draw-result?date=2024-07-03&gc=lotto-america,020573f8fafd8500daf4d22a3567e345454ed1fce088fa6877ae684475b92236,fa84b4c08c055b9084c98a945b675e2d62834fd88ddac1d5fbe3f931a340181c,iowa_lottery_lotto_america,https://www.ialottery.com/Pages/Games-Online/LottoAmericaWin.aspx,c5d8cac076423549a293645e3282104bb41f083c16085b7439553a82a4af2fe7,166f08c67a4e739229a763c735c9bfc381f8e4cf638623ae8aed9585bad24e4c
lotto_america,2024-07-06,musl_lotto_america,https://www.powerball.com/draw-result?date=2024-07-06&gc=lotto-america,500af4a8a12942d6d82c87a157faacd979f0c5604d7cfa817f7e9ce92776dbba,56118eaf859e9bff7699cdeeb1bdc852461eefcc166054157c37fffea51f591c,iowa_lottery_lotto_america,https://www.ialottery.com/Pages/Games-Online/LottoAmericaWin.aspx,59462374627b062381848c18eb05ad7fb2b23496618c5e7cfdf6831d942a5f77,017b7e40fc4d1724c1964f6653acab343ba5243d9bff6321e6863df41e25ef8b
lotto_america,2024-07-08,musl_lotto_america,https://www.powerball.com/draw-result?date=2024-07-08&gc=lotto-america,9e05999e09e95335bf487d46456f0c3b9070c74984ef176d26bef7ec505c9911,7318d6c7b09ce7de4ec53baba525b20790eb47789ab6d6b5f697f2ff762ea85f,iowa_lottery_lotto_america,https://www.ialottery.com/Pages/Games-Online/LottoAmericaWin.aspx,0ea3028985f4f7c8efd9ae5770ff83f64a0f2a5e9737f84a66af7e20df242a17,017b7e40fc4d1724c1964f6653acab343ba5243d9bff6321e6863df41e25ef8b
lotto_america,2024-07-10,musl_lotto_america,https://www.powerball.com/draw-result?date=2024-07-10&gc=lotto-america,1a5b9c63d9ea001983cc032bf209111ba25609338a859fb9aa1c3a0be6cf2f77,889ae3e12df106ac5232cc4aee46051a79fd798ec904b0c2c9105f5d74a8c075,iowa_lottery_lotto_america,https://www.ialottery.com/Pages/Games-Online/LottoAmericaWin.aspx,8c5890df5877a2725b0a4b243c573f847d7923990b1eb563cbdda4927ac984c6,017b7e40fc4d1724c1964f6653acab343ba5243d9bff6321e6863df41e25ef8b
lotto_america,2024-07-13,musl_lotto_america,https://www.powerball.com/draw-result?date=2024-07-13&gc=lotto-america,7146cb18aef4e5d24786c0c9e445da9170b42525d09fe7a0ec9cea6f4f925cb7,70ef3f30cc02fc690747565a98ac690f4132da792f6d03833638232ecb3c2bd5,iowa_lottery_lotto_america,https://www.ialottery.com/Pages/Games-Online/LottoAmericaWin.aspx,b989d2dad5c742b280884a8a49464a7ab3da49b66593b62788aa0ca8b731f1fa,017b7e40fc4d1724c1964f6653acab343ba5243d9bff6321e6863df41e25ef8b
lotto_america,2024-07-15,musl_lotto_america,https://www.powerball.com/draw-result?date=2024-07-15&gc=lotto-america,f5eea09c3f6080e7abbf22a89706cefd8fef4d368d411a9b0231ee64d476432b,9741993588013b642a0d56d618b3b65efd9842e6d98e55a821cb8a4a98ba27d5,iowa_lottery_lotto_america,https://www.ialottery.com/Pages/Games-Online/LottoAmericaWin.aspx,fcb662c301d2fd696f1c65ba37c834897496024ec096b78a68f34edbea2974e5,017b7e40fc4d1724c1964f6653acab343ba5243d9bff6321e6863df41e25ef8b
lotto_america,2024-07-17,musl_lotto_america,https://www.powerball.com/draw-result?date=2024-07-17&gc=lotto-america,89ba814ac59d6ccfc259b5ff4c612bbd556fc63fb12bbf2c100a1417416e24f4,bc8d24200cc8ab8aa66b0a712c8b4892c0a5b1a296128c7ad165c19f9f0a0a90,iowa_lottery_lotto_america,https://www.ialottery.com/Pages/Games-Online/LottoAmericaWin.aspx,e53fc51e3242b9ebc487f9f5d1fe658501c6e474c04f3f2004378ee2de545ba3,017b7e40fc4d1724c1964f6653acab343ba5243d9bff6321e6863df41e25ef8b
lotto_america,2024-07-20,musl_lotto_america,https://www.powerball.com/draw-result?date=2024-07-20&gc=lotto-america,e41cf4c8348090af0f1afb992201179cd9e9128c8a725eb75e72e5e48ef9437e,c32dcddd11248806bfab1ae986c7dfdb446226a0f2de0f98c9674fc08ba8a35b,iowa_lottery_lotto_america,https://www.ialottery.com/Pages/Games-Online/LottoAmericaWin.aspx,c6d9cdc6f2b2ad4b5292c8fa3282f4406701cdfbf2bdf8a3793a38b9bd876049,017b7e40fc4d1724c1964f6653acab343ba5243d9bff6321e6863df41e25ef8b
lotto_america,2024-07-22,musl_lotto_america,https://www.powerball.com/draw-result?date=2024-07-22&gc=lotto-america,52df799c831048de5f064392d01a7f698b779859f3746e51f9305ea4b6cb9a27,f04c144ac5d5b363664692fc217c857f566a37b749ec14b7cddaea9bde3c0eea,iowa_lottery_lotto_america,https://www.ialottery.com/Pages/Games-Online/LottoAmericaWin.aspx,ec84e71d8aee46fdcc662f93420c1d8dc870a900c814b184111dd2afc53c41ee,017b7e40fc4d1724c1964f6653acab343ba5243d9bff6321e6863df41e25ef8b
lotto_america,2024-07-24,musl_lotto_america,https://www.powerball.com/draw-result?date=2024-07-24&gc=lotto-america,5933b6967213c180f619f13e0bbd29536728e77fb04e94fad4b55cb766d21bd6,05909abeb9d965723fb46aa71cf8a18d74fe22ace8c1824fc9d3a10d80240e06,iowa_lottery_lotto_america,https://www.ialottery.com/Pages/Games-Online/LottoAmericaWin.aspx,b5ca5032a6b5063629f0ef316f7746b2e31630f1810931f74b1ba11d47e4e064,017b7e40fc4d1724c1964f6653acab343ba5243d9bff6321e6863df41e25ef8b
lotto_america,2024-07-27,musl_lotto_america,https://www.powerball.com/draw-result?date=2024-07-27&gc=lotto-america,86e4fb06aecd8770a1f4d8e7d22053bb9932e94c21acb0d0ab5d301f73cc75c0,84bb6ec84827a89a6d2f99f9df096780a015a8efebb1289a287da42724f403c1,iowa_lottery_lotto_america,https://www.ialottery.com/Pages/Games-Online/LottoAmericaWin.aspx,658610e1a34c511bc7dc0ee6af7caccd4139e9511e15569d0e47c20d12c29da9,017b7e40fc4d1724c1964f6653acab343ba5243d9bff6321e6863df41e25ef8b
lotto_america,2024-07-29,musl_lotto_america,https://www.powerball.com/draw-result?date=2024-07-29&gc=lotto-america,5a4b3d7c37811f22d620091efbf3ddd2d38086353ab9a431a91f1a537d7feba2,79ee434b051fe5149c439d802a8e16bd84e6046e3146efd77f7fffafa8427c1c,iowa_lottery_lotto_america,https://www.ialottery.com/Pages/Games-Online/LottoAmericaWin.aspx,e7be1b85f91d96aae29347b328df43911340ee6df2af8e19dda9c37604559051,017b7e40fc4d1724c1964f6653acab343ba5243d9bff6321e6863df41e25ef8b
lotto_america,2024-07-31,musl_lotto_america,https://www.powerball.com/draw-result?date=2024-07-31&gc=lotto-america,c3e2f0b110c52a88dde3cbb233ea3c9e4b194cca60a45d7097dccf0a942063ba,4c8e18ac248e5190108e5763f1e77965fdaa34eef6accdbc62133d55f7b348df,iowa_lottery_lotto_america,https://www.ialottery.com/Pages/Games-Online/LottoAmericaWin.aspx,402420217974c9eb95a4f4a30b1c63aee14c8e9610650c112c0e5565aa833581,017b7e40fc4d1724c1964f6653acab343ba5243d9bff6321e6863df41e25ef8b
lotto_america,2024-08-03,musl_lotto_america,https://www.powerball.com/draw-result?date=2024-08-03&gc=lotto-america,f7766c876915ddd23865332718c451f4f9a22328d20ce650aa169e57a61cc080,5379b841f2f32086a56adbb884618b39b6f572a595403884e4c0cef6c513de0d,iowa_lottery_lotto_america,https://www.ialottery.com/Pages/Games-Online/LottoAmericaWin.aspx,53a3cf4c480af9bb46addd3453a95a36dd638b146a94a956ba17fe38a7d9c74a,017b7e40fc4d1724c1964f6653acab343ba5243d9bff6321e6863df41e25ef8b
lotto_america,2024-08-05,musl_lotto_america,https://www.powerball.com/draw-result?date=2024-08-05&gc=lotto-america,6135282114c9fc1ddd1ac0b759a7a4f44ce5948b49f58ae1797e049e166e080a,54d0a36edc4990ba9da9738f4178fd2841e2c2330ec5708f3cdfa945661a055a,iowa_lottery_lotto_america,https://www.ialottery.com/Pages/Games-Online/LottoAmericaWin.aspx,ea0b75e26aba859e13e929bb1a4984e783b58abece8eb391304e2783e2386059,2000165f34006abb2e2730cb3e843378f37a9bf36aa943b81551fd1904e01028
lotto_america,2024-08-07,musl_lotto_america,https://www.powerball.com/draw-result?date=2024-08-07&gc=lotto-america,c788b5246fef7d325c9f530ef05d9324d3180dedb113a38f84d2890b7294ece3,4e49d3efebe9b5c6926ec9a25b951e4eb56ed6dccaaa34136740647bf9d9fafe,iowa_lottery_lotto_america,https://www.ialottery.com/Pages/Games-Online/LottoAmericaWin.aspx,e93bd0b8cd1514efb2f86e80d01cb7989fbd20e985cf3ec145100bce3628c3ae,2000165f34006abb2e2730cb3e843378f37a9bf36aa943b81551fd1904e01028
lotto_america,2024-08-10,musl_lotto_america,https://www.powerball.com/draw-result?date=2024-08-10&gc=lotto-america,a71dca38c4bb941bc729d31ab2c34dfb632cf00e83a3a772221f639e41e76e53,2b2cd533cb0485509075682fb3950e54fdde40bc40631a3c964fae227bf463b6,iowa_lottery_lotto_america,https://www.ialottery.com/Pages/Games-Online/LottoAmericaWin.aspx,51bf94860584f23b5a32f43d5ab251390b0a1668830cfadb002151bc37195860,2000165f34006abb2e2730cb3e843378f37a9bf36aa943b81551fd1904e01028
lotto_america,2024-08-12,musl_lotto_america,https://www.powerball.com/draw-result?date=2024-08-12&gc=lotto-america,7d04295558eb5d0ca5c421f3b61ef12e7e3e54f349209190a461b851c3fcf8dc,32d195766b19367534927215c4d94344acfc0e92382ad92ea785dcf658997427,iowa_lottery_lotto_america,https://www.ialottery.com/Pages/Games-Online/LottoAmericaWin.aspx,15527997744c2b856b5b0b0d01a5b213ccfc391cce7dc6d88e1c3b7babdaae0d,2000165f34006abb2e2730cb3e843378f37a9bf36aa943b81551fd1904e01028
lotto_america,2024-08-14,musl_lotto_america,https://www.powerball.com/draw-result?date=2024-08-14&gc=lotto-america,6a43dd2bf8884b6fc554455f7f47bfb1629294d118a0c473bf1ef55f1aeb43b8,a3a2d24032c2510b7da80cc0522180813912be3e0734dd0ddf154370c7251d7d,iowa_lottery_lotto_america,https://www.ialottery.com/Pages/Games-Online/LottoAmericaWin.aspx,82ee1ad9fca28c2f11751cc0601cb0e8e4f0b8769bb71714948efcef819ba484,2000165f34006abb2e2730cb3e843378f37a9bf36aa943b81551fd1904e01028
lotto_america,2024-08-17,musl_lotto_america,https://www.powerball.com/draw-result?date=2024-08-17&gc=lotto-america,9e776e19f1b8aa5b5ed0d9238161e1e7665ac7ecbaf7e962159916cbc9bf2a89,0e901600c95b007e00ee7b1cebfc42b12a32dd09c9958da22819598e71864f70,iowa_lottery_lotto_america,https://www.ialottery.com/Pages/Games-Online/LottoAmericaWin.aspx,0c903ae4af6b1e39b463bc155a2ae8a5d99f44588ac75a6e2a8e29743a703b57,2000165f34006abb2e2730cb3e843378f37a9bf36aa943b81551fd1904e01028
lotto_america,2024-08-19,musl_lotto_america,https://www.powerball.com/draw-result?date=2024-08-19&gc=lotto-america,cf53d87a0e5cd19133631735903baa356848ed86398bf24a5c9f7044be51d62a,da17ded38885c22e12cdb5b29bbffc0b4b5c8c9db1e74fe405f48b9fda0a8882,iowa_lottery_lotto_america,https://www.ialottery.com/Pages/Games-Online/LottoAmericaWin.aspx,6de60ce87d00872d7c7cddbbf3460502786334b671d50e3d4bde9867a2c73941,2000165f34006abb2e2730cb3e843378f37a9bf36aa943b81551fd1904e01028
lotto_america,2024-08-21,musl_lotto_america,https://www.powerball.com/draw-result?date=2024-08-21&gc=lotto-america,32c61645e26899df5b37076946df8bdeec4f4ee548586c8a2053feebf9a46782,81fd25eb1f5006125d6d8524df2628ee8c157788d67e34420f846657e4ef6be0,iowa_lottery_lotto_america,https://www.ialottery.com/Pages/Games-Online/LottoAmericaWin.aspx,7cef4481a9d9c441c12eb4866997a24b19bed32383f90e872236b76e0a9294a9,2000165f34006abb2e2730cb3e843378f37a9bf36aa943b81551fd1904e01028
lotto_america,2024-08-24,musl_lotto_america,https://www.powerball.com/draw-result?date=2024-08-24&gc=lotto-america,69f6e529d56eb220e866ae8f51653523830d616332ec85fed9974b33f7bbee30,07b69e05a2422e9cbf6c3919f4e6b1603748a6c054be14f2eb0c78ed91c9a9a6,iowa_lottery_lotto_america,https://www.ialottery.com/Pages/Games-Online/LottoAmericaWin.aspx,bdead8456738daeb14ae647ce8cb28977214e3e50b7168ca00dd442fc9f72a5f,2000165f34006abb2e2730cb3e843378f37a9bf36aa943b81551fd1904e01028
lotto_america,2024-08-26,musl_lotto_america,https://www.powerball.com/draw-result?date=2024-08-26&gc=lotto-america,853178cbf84ff6a71621c82d1882fabcedeaa0d4f9efb272908316bc1258b2e6,0b5adac43d2ca99fc2ce79935a61d3c856d55373b3ca90c87313f3ce22fbf6f0,iowa_lottery_lotto_america,https://www.ialottery.com/Pages/Games-Online/LottoAmericaWin.aspx,83bbf63dd4c32be481118045c20b53926b2374c882cd305eb4f3e953b790f221,2000165f34006abb2e2730cb3e843378f37a9bf36aa943b81551fd1904e01028
lotto_america,2024-08-28,musl_lotto_america,https://www.powerball.com/draw-result?date=2024-08-28&gc=lotto-america,446a3c51e9e5b7fd6bab8a333928dcc317ee1b85356428b63ca58be8fc18e008,b6143a3e1081811771cfe255003328e2120e5664ec0fe6ef228d389126104618,iowa_lottery_lotto_america,https://www.ialottery.com/Pages/Games-Online/LottoAmericaWin.aspx,abb601fbfb747eda5e6d1d8c60c36b60a50536a0bacb46926c4da89260d070db,2000165f34006abb2e2730cb3e843378f37a9bf36aa943b81551fd1904e01028
lotto_america,2024-08-31,musl_lotto_america,https://www.powerball.com/draw-result?date=2024-08-31&gc=lotto-america,1365f14657f8406da24d448617b314b81692b5cd9248c0c397524bca2fcc6268,eee7d5a31fc862f764300415f76a4292d000c1f7132761b0b177fff9bf0c0936,iowa_lottery_lotto_america,https://www.ialottery.com/Pages/Games-Online/LottoAmericaWin.aspx,9c2a4668b7a8450a84b0f51cc6ba752627bfc4c952f96fd814b558ce554a2423,2000165f34006abb2e2730cb3e843378f37a9bf36aa943b81551fd1904e01028
lotto_america,2024-09-02,musl_lotto_america,https://www.powerball.com/draw-result?date=2024-09-02&gc=lotto-america,44e2479a53178e0c799e2539a369e0e808434fbdc26e9cb4d1473579aadd611d,409669128683ee3180aa46074fe5efc8a77b5cd3e5f4e70b29dc18b0dcad1aee,iowa_lottery_lotto_america,https://www.ialottery.com/Pages/Games-Online/LottoAmericaWin.aspx,9ae474cd4fff04d5929a16d19cbddf1b076bb69703e1889b7d7b199a2563fea2,2000165f34006abb2e2730cb3e843378f37a9bf36aa943b81551fd1904e01028
lotto_america,2024-09-04,musl_lotto_america,https://www.powerball.com/draw-result?date=2024-09-04&gc=lotto-america,f109b8ac3cdb7041c8285116a9a4438593fba4767722dc67aef0a4942b174e65,8f7cba2aff719c7e0e5e4abe21098386856b125a34939208de161382b60122a6,iowa_lottery_lotto_america,https://www.ialottery.com/Pages/Games-Online/LottoAmericaWin.aspx,f8807c6471c58631cc7a382d9971abc92b8b318b03fee37e69b3e24026568120,ca7ab7322fa55711d1aab3ec93d0ad902dd95b816d99d26ea901e4ec962ea609
lotto_america,2024-09-07,musl_lotto_america,https://www.powerball.com/draw-result?date=2024-09-07&gc=lotto-america,89dd3d12a88ff9bc0e4c2cefc8a834f14a6356f3d035bbb9cfda56ee4c9615dd,d2c46088e115769233b4d42d1a9a0971d811682465144e89302e9ce995ddf65d,iowa_lottery_lotto_america,https://www.ialottery.com/Pages/Games-Online/LottoAmericaWin.aspx,dbd1c5c601d2d940449735745f7b005a5dcdfb3314158a595164a6a1effca1de,ca7ab7322fa55711d1aab3ec93d0ad902dd95b816d99d26ea901e4ec962ea609
lotto_america,2024-09-09,musl_lotto_america,https://www.powerball.com/draw-result?date=2024-09-09&gc=lotto-america,9c3db560d4b598bb6c528aa1b2745a03827dc051538db5341b481509edf8ffbc,b72b822bab8413fcac13d3841ce4a6bac983ba2e135be193ddf4b4c34da24d7a,iowa_lottery_lotto_america,https://www.ialottery.com/Pages/Games-Online/LottoAmericaWin.aspx,dae12738ad9a8ca20bd9c16aa1715ca2819c19f6a23c09f168a6e3f442974a42,ca7ab7322fa55711d1aab3ec93d0ad902dd95b816d99d26ea901e4ec962ea609
lotto_america,2024-09-11,musl_lotto_america,https://www.powerball.com/draw-result?date=2024-09-11&gc=lotto-america,4be74f656c44c929c8a2ccb3728794e7a46f49473d0a0b0e844a7dab12c47582,0ac87bf5d5836efc094301878f64c715306f97218f14c05eb313627946c441d5,iowa_lottery_lotto_america,https://www.ialottery.com/Pages/Games-Online/LottoAmericaWin.aspx,2d40d50bb421ca39df140542ac0f0b16999a2a3fa1b496dff68ed835b8917e50,ca7ab7322fa55711d1aab3ec93d0ad902dd95b816d99d26ea901e4ec962ea609
lotto_america,2024-09-14,musl_lotto_america,https://www.powerball.com/draw-result?date=2024-09-14&gc=lotto-america,443abcd8fad2c89e78d72cb687011c5e96db1f93301c9c2e14c7a079b341a8b1,93b8436865340412da44a968ccd0103944fd49f29c18895147a36681428e38f8,iowa_lottery_lotto_america,https://www.ialottery.com/Pages/Games-Online/LottoAmericaWin.aspx,31865f1ae762410a714e03a19ab3245a48477ca08bd2fca1577747e634fe8ff5,ca7ab7322fa55711d1aab3ec93d0ad902dd95b816d99d26ea901e4ec962ea609
lotto_america,2024-09-16,musl_lotto_america,https://www.powerball.com/draw-result?date=2024-09-16&gc=lotto-america,6d09d6579e3c2c3639c62c16d49f7ebd3b885dd7eb7e6d261088d124dde46470,e4b1a68d6b0c149adf980a5a3a7e548e387d8a4dd93bd72cdb692835c51d0fe8,iowa_lottery_lotto_america,https://www.ialottery.com/Pages/Games-Online/LottoAmericaWin.aspx,779718724f002051d536ccb0d4be1cae81bb36f7e2cbd98dbed08c3047f1ebbb,ca7ab7322fa55711d1aab3ec93d0ad902dd95b816d99d26ea901e4ec962ea609
lotto_america,2024-09-18,musl_lotto_america,https://www.powerball.com/draw-result?date=2024-09-18&gc=lotto-america,5a589cbec3fb2770f123ab1bbc95e15390393f056b9fdade47b392c38bc41acd,1e45c602665b321a85a6453e316a5103779b8bdd673e8e1e6296c1031bd222c5,iowa_lottery_lotto_america,https://www.ialottery.com/Pages/Games-Online/LottoAmericaWin.aspx,f2799c06dcbccb00ca2f8462132c9f7c0f49021378556291f93aa3d0980c1b4d,ca7ab7322fa55711d1aab3ec93d0ad902dd95b816d99d26ea901e4ec962ea609
lotto_america,2024-09-21,musl_lotto_america,https://www.powerball.com/draw-result?date=2024-09-21&gc=lotto-america,ab0abaf8cf022b46cb5484b3e56c1f015ef786ca3697aceaf84a1a4969169ad8,f9230efdda21d81e0fb5a8a39ba7cf63527e8511c3403f09bb96dc8701de0fab,iowa_lottery_lotto_america,https://www.ialottery.com/Pages/Games-Online/LottoAmericaWin.aspx,2cfc5c18c8dc363d6433fe38f0b2d496ae7388ff642409dfcff31ec0dab2cf44,ca7ab7322fa55711d1aab3ec93d0ad902dd95b816d99d26ea901e4ec962ea609
lotto_america,2024-09-23,musl_lotto_america,https://www.powerball.com/draw-result?date=2024-09-23&gc=lotto-america,9c799536f0ada338ea3b6780eb22cdb40fac28463a80aee6cd8d6074d8e44b99,b420e4b13efdc76c76cd71e8c943d4bc2fb2ddd93714a9b6acfde9d9d66bbf98,iowa_lottery_lotto_america,https://www.ialottery.com/Pages/Games-Online/LottoAmericaWin.aspx,c74d3f89654d436a4ceeeef7acfe55602736c3cb533bf8e1d4a0cd6ed107e1c6,ca7ab7322fa55711d1aab3ec93d0ad902dd95b816d99d26ea901e4ec962ea609
lotto_america,2024-09-25,musl_lotto_america,https://www.powerball.com/draw-result?date=2024-09-25&gc=lotto-america,ab401166f17199cd8a6074b9c9a9deedd6f730c193acd815ac4ded6c182555ab,39cd213fe6eba84364811d1d01200fd6a414fb1602ba56ede112f822884f4f12,iowa_lottery_lotto_america,https://www.ialottery.com/Pages/Games-Online/LottoAmericaWin.aspx,05f989575244f135ebf21a5b9edbbc30a57147a25d5162740f61d97658cddcab,ca7ab7322fa55711d1aab3ec93d0ad902dd95b816d99d26ea901e4ec962ea609
lotto_america,2024-09-28,musl_lotto_america,https://www.powerball.com/draw-result?date=2024-09-28&gc=lotto-america,e8215ba76a6f8ce2832b97178faf6bac025bc4bbe81a343f842d1d9ba5bc5f13,bb9b2a80ba4f5447ad37efaeddd2adee8d33b2a6d203d274797727d6fac0948d,iowa_lottery_lotto_america,https://www.ialottery.com/Pages/Games-Online/LottoAmericaWin.aspx,f98c5c202fdbc4d9bc3462e415d649f5dab7e53ec647fd3dd329636fb07d0d90,ca7ab7322fa55711d1aab3ec93d0ad902dd95b816d99d26ea901e4ec962ea609
lotto_america,2024-09-30,musl_lotto_america,https://www.powerball.com/draw-result?date=2024-09-30&gc=lotto-america,7f4796715481d9602e556536b14d388069739a5506d90fc14394a2c676730e8c,1460af1ef29e4a39d8b4b18e36fc559f1cc35624cee21f75228a67f071a1c49d,iowa_lottery_lotto_america,https://www.ialottery.com/Pages/Games-Online/LottoAmericaWin.aspx,ca34d4696077e719a97ba4a44ff0a75dbc3f0a02ef38b719d9a7b12b5ccfe16c,ca7ab7322fa55711d1aab3ec93d0ad902dd95b816d99d26ea901e4ec962ea609
lotto_america,2024-10-02,musl_lotto_america,https://www.powerball.com/draw-result?date=2024-10-02&gc=lotto-america,0d74ce81b6d068261a1140219d57308a1f100ae9632a592d715d7b205ba3b289,e1fa4dc9d12c89b33ae642fe876b79b19b6daa1cc5e2d31291be512c4ee8667d,iowa_lottery_lotto_america,https://www.ialottery.com/Pages/Games-Online/LottoAmericaWin.aspx,37b13e0e650486f74a6f2f808847409e832ff8b751c698bad2116656c14196e7,ca7ab7322fa55711d1aab3ec93d0ad902dd95b816d99d26ea901e4ec962ea609
lotto_america,2024-10-05,musl_lotto_america,https://www.powerball.com/draw-result?date=2024-10-05&gc=lotto-america,567c3783d7516c6bc70bb41c576805016361fc518a6ca4c516d42e953e885899,db8d4c2363e9d131c16959c8bed40fe3d5dc6bdfb1406dcf9dbb52b5467a887d,iowa_lottery_lotto_america,https://www.ialottery.com/Pages/Games-Online/LottoAmericaWin.aspx,d7c8e480b685c52fa8053deaff8750312e0d89d5c01fc8c8394cd5edd671a715,c8809a4bd4fa142cc6d19db612aa66f5a7f9403301ba2f0ac414b37c35fdd56c
lotto_america,2024-10-07,musl_lotto_america,https://www.powerball.com/draw-result?date=2024-10-07&gc=lotto-america,17d7868d64d431420534a12f34bc1d4ec24a1e86d04582e74cc4452868398c9f,50c97a024b6d05d2618dcd4eee36dedcc3e2b75460faf9e1a00a62398686b77f,iowa_lottery_lotto_america,https://www.ialottery.com/Pages/Games-Online/LottoAmericaWin.aspx,7be67b7f03bdd51cde864247f0cbd7abf990735cdb0c99b18e77d773ea1308e9,c8809a4bd4fa142cc6d19db612aa66f5a7f9403301ba2f0ac414b37c35fdd56c
lotto_america,2024-10-09,musl_lotto_america,https://www.powerball.com/draw-result?date=2024-10-09&gc=lotto-america,945fe8bedd51198d8b27202daf3fa11da2e0eddb08ff1ae69b5919a2c76ab5bb,94ea5b5ad1596d69a0d8b51d792cd951a0a2639534e1f7abf96ed5b9946706fe,iowa_lottery_lotto_america,https://www.ialottery.com/Pages/Games-Online/LottoAmericaWin.aspx,d8678a236af9b16107d7c7f8bc66b368ef1fe481a0c72ad3d662592ab920da79,c8809a4bd4fa142cc6d19db612aa66f5a7f9403301ba2f0ac414b37c35fdd56c
lotto_america,2024-10-12,musl_lotto_america,https://www.powerball.com/draw-result?date=2024-10-12&gc=lotto-america,1b7b1aab352634638f8600ce4227802ad3f380440e056351d1c862d2aad0d10b,af42bc6df6f4ce687f6242a87eaf2eb4e740e868dc0c9314bccc6ec9125ec6e1,iowa_lottery_lotto_america,https://www.ialottery.com/Pages/Games-Online/LottoAmericaWin.aspx,eba46ae306e0b6508599da42bb1b50ad23176484cf5a33ce8fb8145813e9dcd3,c8809a4bd4fa142cc6d19db612aa66f5a7f9403301ba2f0ac414b37c35fdd56c
lotto_america,2024-10-14,musl_lotto_america,https://www.powerball.com/draw-result?date=2024-10-14&gc=lotto-america,7039d3e48bb5a986f55e8accad1939d587d76c061a23b33990e1af9ad494c708,ea4aeda93ef5a0be74a6dc013af556045843472d14221644d96fa988f8988182,iowa_lottery_lotto_america,https://www.ialottery.com/Pages/Games-Online/LottoAmericaWin.aspx,91e1a9805d1ca81fdc48295ad50f2c4330673bc951d9ffb8ca3949a2be407354,c8809a4bd4fa142cc6d19db612aa66f5a7f9403301ba2f0ac414b37c35fdd56c
lotto_america,2024-10-16,musl_lotto_america,https://www.powerball.com/draw-result?date=2024-10-16&gc=lotto-america,3120f3a4a35934fd0e3165120f2876d8d67a2f7156550ff65a30315eb1c8a53f,75baabede2bd6b200c11f74dca8d6fe03ed95f34710eca38b236b6826d09dfb0,iowa_lottery_lotto_america,https://www.ialottery.com/Pages/Games-Online/LottoAmericaWin.aspx,605cd8d633b4f705d32496e3771f269c52cff683ce862c3d9ceecb6e11804e52,c8809a4bd4fa142cc6d19db612aa66f5a7f9403301ba2f0ac414b37c35fdd56c
lotto_america,2024-10-19,musl_lotto_america,https://www.powerball.com/draw-result?date=2024-10-19&gc=lotto-america,0393007367b60b78a28c111cc497d8d39c8a629c9bb27ecbbbd23c6998e21af6,5ba8721967f05d735860c0dd1ae4ffbebbd0f23c07e56275d76d7c3e996cc2d0,iowa_lottery_lotto_america,https://www.ialottery.com/Pages/Games-Online/LottoAmericaWin.aspx,30a145269e8055e2ceffd1dadce2fa4332ca4ff1c9ad02a9ae00802c2cb38aba,c8809a4bd4fa142cc6d19db612aa66f5a7f9403301ba2f0ac414b37c35fdd56c
lotto_america,2024-10-21,musl_lotto_america,https://www.powerball.com/draw-result?date=2024-10-21&gc=lotto-america,56b9dfe0960f1a028495da51e5cc9ef61df54b99e1e325a68a12ebcc01d64341,f57ceefbfaee90e35848e6a6f46c3c8027dd63fbc9444bfe72e9dc3a3c367b29,iowa_lottery_lotto_america,https://www.ialottery.com/Pages/Games-Online/LottoAmericaWin.aspx,cc3235d4cf38c53de5c5dab8446a38be6b3458f75f8b3da244127420d7c58c8a,c8809a4bd4fa142cc6d19db612aa66f5a7f9403301ba2f0ac414b37c35fdd56c
lotto_america,2024-10-23,musl_lotto_america,https://www.powerball.com/draw-result?date=2024-10-23&gc=lotto-america,23676e98d25e80f93eccaf74efbf8816f368823515db03b0d274a0b2ec395c5a,bbe36866d008aa49cbe0c0edfcf624700462c645b5999422b64a21d7e0f95327,iowa_lottery_lotto_america,https://www.ialottery.com/Pages/Games-Online/LottoAmericaWin.aspx,321bc3d914f3745eb3529b55918f96bc33ecb0f0f72ac91d8777f2e4ba3a5280,c8809a4bd4fa142cc6d19db612aa66f5a7f9403301ba2f0ac414b37c35fdd56c
lotto_america,2024-10-26,musl_lotto_america,https://www.powerball.com/draw-result?date=2024-10-26&gc=lotto-america,68f23fec10e48ceb1114a12ba3b554d133114ccc057a9b02eb5266b2088b419b,f0c72324a533c8ce42bb98fb8511e69a8a4526ad01ac73220743b409646ebd8b,iowa_lottery_lotto_america,https://www.ialottery.com/Pages/Games-Online/LottoAmericaWin.aspx,a6378b86a6b19bdca948ef2a0894bbcc4bee5b30d410b8d6877c0559005a552e,c8809a4bd4fa142cc6d19db612aa66f5a7f9403301ba2f0ac414b37c35fdd56c
lotto_america,2024-10-28,musl_lotto_america,https://www.powerball.com/draw-result?date=2024-10-28&gc=lotto-america,e6b43d6c8d732531de47664224d396daa52833d40445bafee10e03b4dab2e51a,f4f2093e3f971113daf9617f431fc4d28d71791d7c4d4dd5ce9dca3f6deaf4fe,iowa_lottery_lotto_america,https://www.ialottery.com/Pages/Games-Online/LottoAmericaWin.aspx,ee44284ec923e7fdf8149c1f5e4b86944a6d9fd56cbcbea59f3ef715eef76497,c8809a4bd4fa142cc6d19db612aa66f5a7f9403301ba2f0ac414b37c35fdd56c
lotto_america,2024-10-30,musl_lotto_america,https://www.powerball.com/draw-result?date=2024-10-30&gc=lotto-america,610c0ecde7df9b2af9952ca0ad098a1dc68f7bdb44fc086473d9a9e8824f80ce,3178607422b0c32276f81fd6c9e20991bdef949e6293a1a782e74e6ef561ff28,iowa_lottery_lotto_america,https://www.ialottery.com/Pages/Games-Online/LottoAmericaWin.aspx,ad2e2bd34832238e0bd486012c0c96001d16b9ddd4ed6b31f32b00a5c9763378,c8809a4bd4fa142cc6d19db612aa66f5a7f9403301ba2f0ac414b37c35fdd56c
lotto_america,2024-11-02,musl_lotto_america,https://www.powerball.com/draw-result?date=2024-11-02&gc=lotto-america,c4d59e7cc403c98308213cd1c226d1cebf285343b1af603f6a6f07e79c2ed9dd,12bf7657513091ffdc195e2335b22f4157f97e9c67cd1c0c6b834d17b282c059,iowa_lottery_lotto_america,https://www.ialottery.com/Pages/Games-Online/LottoAmericaWin.aspx,6eb14e7a496a377c629833d2f378b76e9e4024a09f4561ad7b6fbf5843e33852,c8809a4bd4fa142cc6d19db612aa66f5a7f9403301ba2f0ac414b37c35fdd56c
lotto_america,2024-11-04,musl_lotto_america,https://www.powerball.com/draw-result?date=2024-11-04&gc=lotto-america,3dbda9b0ddf64f29e186b1b8a7d15aa2c007da22693c99691687fe9c0d92ccc8,1a81f108576b5d1826543d5aaad66af102ff53d2e9e6fa29ef51c0b43847043e,iowa_lottery_lotto_america,https://www.ialottery.com/Pages/Games-Online/LottoAmericaWin.aspx,098f9c06a4904f0b89e2bc6799ad62b74535f9e921bdfa944a6b56d5f9522fde,b291efe17223ccc75b83abfe0b3cce6a0217c4007c927e955d0e59ba2d3d0b13
lotto_america,2024-11-06,musl_lotto_america,https://www.powerball.com/draw-result?date=2024-11-06&gc=lotto-america,437fb036efee63cc0393c78e8277604d0574c07ad3d3238e2bf558469d523026,86f0f55b99448c3ff0ae9f6605df9ca62ec57b4ffe864b79b704cc653c6bc136,iowa_lottery_lotto_america,https://www.ialottery.com/Pages/Games-Online/LottoAmericaWin.aspx,9b62abcae19fb7fc121bbeeaca2c32816ca667fe105eb0ce8b46da700b0762c4,b291efe17223ccc75b83abfe0b3cce6a0217c4007c927e955d0e59ba2d3d0b13
lotto_america,2024-11-09,musl_lotto_america,https://www.powerball.com/draw-result?date=2024-11-09&gc=lotto-america,d537155dbb9dd0e35e07d45aa0eef15950a25d0018249cc6f599634731121f30,3e600d3d8c2d48f706bf2f77525c7d4a3d2c4b1976ad5bb6e324ec1920a11c56,iowa_lottery_lotto_america,https://www.ialottery.com/Pages/Games-Online/LottoAmericaWin.aspx,9d615c8fc69e75ecc545b2c78e7752541cf2fe3bad07e89dd0c3036871db7715,b291efe17223ccc75b83abfe0b3cce6a0217c4007c927e955d0e59ba2d3d0b13
lotto_america,2024-11-11,musl_lotto_america,https://www.powerball.com/draw-result?date=2024-11-11&gc=lotto-america,e177bc143fd10763b1912259484ed4793a41214c2e63324c6458588e6efab39a,7c26540d1128614ba4f45175aab3c6870a74b8b34f0d307750d2991e9bd7e61e,iowa_lottery_lotto_america,https://www.ialottery.com/Pages/Games-Online/LottoAmericaWin.aspx,bf4d476b2f4fbd08fab8dfb9a271994f895beb6cd88c1e6e71fad7bc5247ea20,b291efe17223ccc75b83abfe0b3cce6a0217c4007c927e955d0e59ba2d3d0b13
lotto_america,2024-11-13,musl_lotto_america,https://www.powerball.com/draw-result?date=2024-11-13&gc=lotto-america,7d64208225f8b9d54c6bed533d544b032461c0eca4efee3bb0f10731c88c07b6,4c8a4cb2882117ad4adf232799664f3011c325df40aa117bac3d66db88357be6,iowa_lottery_lotto_america,https://www.ialottery.com/Pages/Games-Online/LottoAmericaWin.aspx,659f904acdc8f66f4afc6a97652f0324e60158726c4d5948075273a189959272,b291efe17223ccc75b83abfe0b3cce6a0217c4007c927e955d0e59ba2d3d0b13
lotto_america,2024-11-16,musl_lotto_america,https://www.powerball.com/draw-result?date=2024-11-16&gc=lotto-america,7b592c30f6edac3c680b507f75583ae214298b5b5b42497bac1714b9aedb6d56,7003c17125e791092a50942048445ff15c2886bd46842cf8e4da6b32ef7cc7dd,iowa_lottery_lotto_america,https://www.ialottery.com/Pages/Games-Online/LottoAmericaWin.aspx,f9a7729f0dda4ccd50004c6282b822133c7b4f13cd653f0fca66b1a56da3f4e0,b291efe17223ccc75b83abfe0b3cce6a0217c4007c927e955d0e59ba2d3d0b13
lotto_america,2024-11-18,musl_lotto_america,https://www.powerball.com/draw-result?date=2024-11-18&gc=lotto-america,3e6885c8ea62e431c8c886f33a6c3b42a81f2326370a2681a7a9cdcd7b980e73,a219572291d47c5d19ae0644b3e1153dbb4ba8188bcacc294729157594088e80,iowa_lottery_lotto_america,https://www.ialottery.com/Pages/Games-Online/LottoAmericaWin.aspx,dce59282cfc829af2822fb6d81c1bc69d6db5d6ec103f0df641351c84bae6749,b291efe17223ccc75b83abfe0b3cce6a0217c4007c927e955d0e59ba2d3d0b13
lotto_america,2024-11-20,musl_lotto_america,https://www.powerball.com/draw-result?date=2024-11-20&gc=lotto-america,220f301081f21961c3175f7fc42e91234563a3af715862ed0371dafddce7b6f7,d3d2e56f44072afe0fb27e16f81b85f0eb766a38d574d2c5868d021e32360f56,iowa_lottery_lotto_america,https://www.ialottery.com/Pages/Games-Online/LottoAmericaWin.aspx,15d715cc8c2f63202c3d86e93e87e89b489cbcf835dde2d00b658df2ef3bc27f,b291efe17223ccc75b83abfe0b3cce6a0217c4007c927e955d0e59ba2d3d0b13
lotto_america,2024-11-23,musl_lotto_america,https://www.powerball.com/draw-result?date=2024-11-23&gc=lotto-america,d0bb6e4f04f8ac2133b4a4b32ba2e7317521dc3bafadf1a215209f6b0a7269c3,2694133addeee7cc8cebe65a302c0114785a0bb16fb8755d927c71373f16943a,iowa_lottery_lotto_america,https://www.ialottery.com/Pages/Games-Online/LottoAmericaWin.aspx,ac56611b704c6db487c74396cd93466a9934f63b70b0e2a1519ca03df24f4ff7,b291efe17223ccc75b83abfe0b3cce6a0217c4007c927e955d0e59ba2d3d0b13
lotto_america,2024-11-25,musl_lotto_america,https://www.powerball.com/draw-result?date=2024-11-25&gc=lotto-america,31da02f82a17c21b99e67969df631049e650f5d0dc35755bade18cb5f8481183,2ce23506d158f1e33d7b135c96e82cb31dc95fcfe4be21e1c8f9746aa8fde8ad,iowa_lottery_lotto_america,https://www.ialottery.com/Pages/Games-Online/LottoAmericaWin.aspx,eb92faa3b59c8f1c0cc6b3cd8906dfa287be8341e8ad19344d1f4f27f4b72c37,b291efe17223ccc75b83abfe0b3cce6a0217c4007c927e955d0e59ba2d3d0b13
lotto_america,2024-11-27,musl_lotto_america,https://www.powerball.com/draw-result?date=2024-11-27&gc=lotto-america,f6c49c99d7f2080dfc435c055a464ea7650dd270654f300523b1fb5325394af0,2ad8890e792ca21ec389b2473479566fff3b537e283b25e705759435c1a7bcca,iowa_lottery_lotto_america,https://www.ialottery.com/Pages/Games-Online/LottoAmericaWin.aspx,d95afb46910ed174f5062188af62f6a64f9c743885f60b41b0c97ef78a4c15f0,b291efe17223ccc75b83abfe0b3cce6a0217c4007c927e955d0e59ba2d3d0b13
lotto_america,2024-11-30,musl_lotto_america,https://www.powerball.com/draw-result?date=2024-11-30&gc=lotto-america,cee9195ab12a248cb851ff8db987459692ee9610eec3dce1e6b1401c4be09984,bd0f627e997f8f5845fff257100e7040fafcb60edf90d4a6c7e85311486cb815,iowa_lottery_lotto_america,https://www.ialottery.com/Pages/Games-Online/LottoAmericaWin.aspx,841c9271459a27cd8dfa2d6c8376ec2fb2ef117afd7a6bdea9b7789020bd10a9,b291efe17223ccc75b83abfe0b3cce6a0217c4007c927e955d0e59ba2d3d0b13
lotto_america,2024-12-02,musl_lotto_america,https://www.powerball.com/draw-result?date=2024-12-02&gc=lotto-america,cc3ff16363dfd96719b39af28d689d2b52bbaffcb404068c4a2d30b11d937f8d,e219939d1334c5c3eaed6e6515852929fdfe76a64744753692774cba7e8ade74,iowa_lottery_lotto_america,https://www.ialottery.com/Pages/Games-Online/LottoAmericaWin.aspx,c225267b383a844ec4e9e86404e0d746cd982daed60a31aed80556c4751c6654,b291efe17223ccc75b83abfe0b3cce6a0217c4007c927e955d0e59ba2d3d0b13
lotto_america,2024-12-04,musl_lotto_america,https://www.powerball.com/draw-result?date=2024-12-04&gc=lotto-america,03f710e1d6d9999a28c2fe69aafb4a0dc6b39881e5b6efe4c648bf85254fd7d5,9864085ba17bd2997683e06677a75868067a8852f5285d70d22343819908fb86,iowa_lottery_lotto_america,https://www.ialottery.com/Pages/Games-Online/LottoAmericaWin.aspx,dbf20f14a1a209cf7076b5226636e416d901827a7d22fa44b6bf0c992adaffc9,0aa8962870640f70db8faee3a46d16f120e5913ba7136ad9fd43f741134b0759
lotto_america,2024-12-07,musl_lotto_america,https://www.powerball.com/draw-result?date=2024-12-07&gc=lotto-america,44945ba2504a7078f063ab29f0de5561a4f9368be157660999e7a8cecc8832d1,2b92e83c32ae4d831f7eabf59e8ede154c4e56199532d93515404e82ef3d8960,iowa_lottery_lotto_america,https://www.ialottery.com/Pages/Games-Online/LottoAmericaWin.aspx,fd08e4470543e9e1941bc13a9c57eab4aa150327784f0652ec4e9661fad5d9f6,0aa8962870640f70db8faee3a46d16f120e5913ba7136ad9fd43f741134b0759
lotto_america,2024-12-09,musl_lotto_america,https://www.powerball.com/draw-result?date=2024-12-09&gc=lotto-america,f6e9abd05d077f29d227c4de0f935f023a0280ea0187b684ae01b934431f8863,3b7251d0e642bed7ff2adbfd767e5de84e93b7d6097d4bece2f2011226984582,iowa_lottery_lotto_america,https://www.ialottery.com/Pages/Games-Online/LottoAmericaWin.aspx,4f2cb2d3ac8d6610f54df5ce62974ab48be2b8f1173cd745c47b90102d67829d,0aa8962870640f70db8faee3a46d16f120e5913ba7136ad9fd43f741134b0759
lotto_america,2024-12-11,musl_lotto_america,https://www.powerball.com/draw-result?date=2024-12-11&gc=lotto-america,09625b470debe71dfa739020f8d28224acc03a2aceec79258a7234c5fe266e2d,19caf660e4a9e48955dc57c5d7270b0b63098e36e9357773c146a2373714681d,iowa_lottery_lotto_america,https://www.ialottery.com/Pages/Games-Online/LottoAmericaWin.aspx,f6024033bf7065dae0564e013e7dc64295dd35370196d41d1718c616a9e33f3a,0aa8962870640f70db8faee3a46d16f120e5913ba7136ad9fd43f741134b0759
lotto_america,2024-12-14,musl_lotto_america,https://www.powerball.com/draw-result?date=2024-12-14&gc=lotto-america,406ae74b98c256d61ec91cda62ad5ab58c734ee7e8ccbece6ea8b3ba3dacba71,bb1f83d0fd471341c97d61b60c90fd9c73a835bdddd47cec9a0aab2690959cd2,iowa_lottery_lotto_america,https://www.ialottery.com/Pages/Games-Online/LottoAmericaWin.aspx,1a3c34da1f1a39f99e491abaa8c120581062da4127d8daf333d8f688089e9c26,0aa8962870640f70db8faee3a46d16f120e5913ba7136ad9fd43f741134b0759
lotto_america,2024-12-16,musl_lotto_america,https://www.powerball.com/draw-result?date=2024-12-16&gc=lotto-america,c6bb002881dbacdb7b97b8bd849c43e18e66d7c7a60e5a6bcf35573d349037fc,592ae5774638b5f96efe92621443079b4ed6b7ccc0b131b6a314fc8c398f3804,iowa_lottery_lotto_america,https://www.ialottery.com/Pages/Games-Online/LottoAmericaWin.aspx,197d4513ee9485047ce87f3283a174e711ef0feed5aee8b05039c1af6363005b,0aa8962870640f70db8faee3a46d16f120e5913ba7136ad9fd43f741134b0759
lotto_america,2024-12-18,musl_lotto_america,https://www.powerball.com/draw-result?date=2024-12-18&gc=lotto-america,6f5bb7e4d24997b699c1c1a8545abecba572e5dd9be5261c529f2e5ac46ad3c0,b3d14c3f5cca668dd0d516b2437f53daadf24a5a02db54d8446c2f1d7a660a76,iowa_lottery_lotto_america,https://www.ialottery.com/Pages/Games-Online/LottoAmericaWin.aspx,a1ba263578432bb959dfc0ea7d5f2350c75ca2faebb688ba8f225d9f2431619c,0aa8962870640f70db8faee3a46d16f120e5913ba7136ad9fd43f741134b0759
lotto_america,2024-12-21,musl_lotto_america,https://www.powerball.com/draw-result?date=2024-12-21&gc=lotto-america,399a14be1649d0fae56503720d422b59a5360e11956ac1aef431d56b1d5b134d,80cc87a75986d838821cb5b1af56d74388eb8a22ae6d4311e864fb8f378b428f,iowa_lottery_lotto_america,https://www.ialottery.com/Pages/Games-Online/LottoAmericaWin.aspx,a1309c7fed792f64d847c09aa1322d1a04c9d955fc74e5b7639234c0017b2bcd,0aa8962870640f70db8faee3a46d16f120e5913ba7136ad9fd43f741134b0759
lotto_america,2024-12-23,musl_lotto_america,https://www.powerball.com/draw-result?date=2024-12-23&gc=lotto-america,f7b8af16b294f9579dc940bdc81a9bea333cbaf9c7e4b4880c985e636cc42f9e,bafd12d4acf620491aef758460fc91d5e0d684c9fdfcc252c6b7f80a9b57ae01,iowa_lottery_lotto_america,https://www.ialottery.com/Pages/Games-Online/LottoAmericaWin.aspx,52f40507c0685b4852097fe5f711c4ccb97d7e241f529903eecfc516bbb8959c,0aa8962870640f70db8faee3a46d16f120e5913ba7136ad9fd43f741134b0759
lotto_america,2024-12-25,musl_lotto_america,https://www.powerball.com/draw-result?date=2024-12-25&gc=lotto-america,ae8a0a4d181725cfbb27a42e5758b228200f86d34b4e1b82e61a53d33970ab44,dbdad53786440804168ac61592abc616ced504ebb68fc0e56305f8c918ae4d88,iowa_lottery_lotto_america,https://www.ialottery.com/Pages/Games-Online/LottoAmericaWin.aspx,d01887e8a94d249850e5b70aa87f872b979970a1d24d04b96f058bd8589502de,0aa8962870640f70db8faee3a46d16f120e5913ba7136ad9fd43f741134b0759
lotto_america,2024-12-28,musl_lotto_america,https://www.powerball.com/draw-result?date=2024-12-28&gc=lotto-america,b026ea699583dda5082ae0379fc98a7b219f75c2b9fc465cfa53885470b4a043,3ee66897ce3aafacef403f73ae62dcbe3ad776d85b60e79c1c74855f4d928a43,iowa_lottery_lotto_america,https://www.ialottery.com/Pages/Games-Online/LottoAmericaWin.aspx,d5483cad051f4b028deeef923056379e799cfbf6200c8ddd2fe8fd4aa81b2cae,0aa8962870640f70db8faee3a46d16f120e5913ba7136ad9fd43f741134b0759
lotto_america,2024-12-30,musl_lotto_america,https://www.powerball.com/draw-result?date=2024-12-30&gc=lotto-america,5431aaa47f25469c6aa6c9402d3fae7821d0283ab519b51ade4d49031a92c07e,33f4d204db2ed6d63e85486f13706973d1c0861ea612495683dce38678e01ba1,iowa_lottery_lotto_america,https://www.ialottery.com/Pages/Games-Online/LottoAmericaWin.aspx,3ca6ce440b36d1cee17fdab073d986fac62de696aa850b304ab453d7b8f1e59a,0aa8962870640f70db8faee3a46d16f120e5913ba7136ad9fd43f741134b0759
lotto_america,2025-01-01,musl_lotto_america,https://www.powerball.com/draw-result?date=2025-01-01&gc=lotto-america,06324bd1cc6e54e649d39c1b634f6b1ef95b5a1ae0c8c1c3826ca53bf2a0c890,5406ea054683919bfa98503462704feb96369a365f6ac1f589ee337fad23273f,iowa_lottery_lotto_america,https://www.ialottery.com/Pages/Games-Online/LottoAmericaWin.aspx,539f4a0f700061a1e7f581b2172dc726766180735ff1d7e5baeee604684cbfb8,0aa8962870640f70db8faee3a46d16f120e5913ba7136ad9fd43f741134b0759
lotto_america,2025-01-04,musl_lotto_america,https://www.powerball.com/draw-result?date=2025-01-04&gc=lotto-america,7aee44c8514a8dd50141cafa60667b1c7aec2ae1e7c05d75cb86e69f0fd4e28a,9632add063cf4372cb783636c0b0446aaa6342d411b7caf378ed9b924f0256c1,iowa_lottery_lotto_america,https://www.ialottery.com/Pages/Games-Online/LottoAmericaWin.aspx,f972ae5b91ed936fc71a4c82417ba864d732cbb858caa9ec946775f1057e8b6a,c3987ab8ca4a4785a3b9a0c900af004e855690542926ef2b2579d187f1b9f38c
lotto_america,2025-01-06,musl_lotto_america,https://www.powerball.com/draw-result?date=2025-01-06&gc=lotto-america,15042d0b8e8e4cabf6c064951a1dcbdd7990136938db7e68c9a6ad72f48fe982,207b894d4f08567f94d557af1488b1dae308187104632e7b0acdbb50af0ebaef,iowa_lottery_lotto_america,https://www.ialottery.com/Pages/Games-Online/LottoAmericaWin.aspx,897f9bf0a3b9b074eeac59bb912fa7750c780b5f095baa857093d9ac9e2d1772,c3987ab8ca4a4785a3b9a0c900af004e855690542926ef2b2579d187f1b9f38c
lotto_america,2025-01-08,musl_lotto_america,https://www.powerball.com/draw-result?date=2025-01-08&gc=lotto-america,1bddcac1a529d88ba33591cf84fcaa1b02b40b366bf94ab78216e0c1c966d83b,e9190c5f64d0ae6ed75d1befabc923318dd23c5e6d757de34a58f1b768bff651,iowa_lottery_lotto_america,https://www.ialottery.com/Pages/Games-Online/LottoAmericaWin.aspx,32223fa1df596e1726699fd45c1dc1ce7448e96b8dbf22ea7cc98a3974340c47,c3987ab8ca4a4785a3b9a0c900af004e855690542926ef2b2579d187f1b9f38c
lotto_america,2025-01-11,musl_lotto_america,https://www.powerball.com/draw-result?date=2025-01-11&gc=lotto-america,aabf1c01044e7321c7f3d7d6dada09f7bd04b985c973598ca20cf60c15aa1141,cd949bcc737310c6ac26b73e4c1d8b125d44d95e943b44aa30b813693a7e1ac6,iowa_lottery_lotto_america,https://www.ialottery.com/Pages/Games-Online/LottoAmericaWin.aspx,7d321d082a0dbb0c22ef8c00212e05e2acf609c3bd2c06df5a0d05df0e57f641,c3987ab8ca4a4785a3b9a0c900af004e855690542926ef2b2579d187f1b9f38c
lotto_america,2025-01-13,musl_lotto_america,https://www.powerball.com/draw-result?date=2025-01-13&gc=lotto-america,955c6fa3c3e12d4008fc404b68a15fb3ece09772e8036d5ed57a167277f9a2db,0179ab0eb4690e114b1ba319e5cf76f5aa5777f6743e4e296a300b903a477f56,iowa_lottery_lotto_america,https://www.ialottery.com/Pages/Games-Online/LottoAmericaWin.aspx,cb3443251eaab3762c6873d6b92043b531d3f0e077cebae6fd071ac7b4c7e6ae,c3987ab8ca4a4785a3b9a0c900af004e855690542926ef2b2579d187f1b9f38c
lotto_america,2025-01-15,musl_lotto_america,https://www.powerball.com/draw-result?date=2025-01-15&gc=lotto-america,074dabf293feb525a9ace2cb07195c642a4fb303f26a69c3e5babe6515e3b3a2,abb09cc9ec9e887291ec580d278dfbd1f146a85184e80d7923f8f4651e05c17b,iowa_lottery_lotto_america,https://www.ialottery.com/Pages/Games-Online/LottoAmericaWin.aspx,c2cef385a6c6dcf0dbbd59a25dc23887718e7b133f79a8a11a83e74eb769ed1c,c3987ab8ca4a4785a3b9a0c900af004e855690542926ef2b2579d187f1b9f38c
lotto_america,2025-01-18,musl_lotto_america,https://www.powerball.com/draw-result?date=2025-01-18&gc=lotto-america,a2ee979c07cd2ebaf47dd72dd87c0b6645758f68d8c48e4273ae19ce6eec0008,30523bb82ccfa0de29494569b1c66c9307c6afc9d8f5c5134a73bc2161a4ac30,iowa_lottery_lotto_america,https://www.ialottery.com/Pages/Games-Online/LottoAmericaWin.aspx,15a12823c1936c309e03ea299c75ceb95494e9c810a815177b45506253172b32,c3987ab8ca4a4785a3b9a0c900af004e855690542926ef2b2579d187f1b9f38c
lotto_america,2025-01-20,musl_lotto_america,https://www.powerball.com/draw-result?date=2025-01-20&gc=lotto-america,7398723154e60bc773402c9cb29784886e3e0b63f4a674aaffe152bf8363f7f5,9308e581c53dbbbd4622baed9178503c6710610d2b8219d3113bcc395cf21133,iowa_lottery_lotto_america,https://www.ialottery.com/Pages/Games-Online/LottoAmericaWin.aspx,8bc3de5162e8a524b156d8a0015ba702715202e019bfe75651090d64cc56f8fd,c3987ab8ca4a4785a3b9a0c900af004e855690542926ef2b2579d187f1b9f38c
lotto_america,2025-01-22,musl_lotto_america,https://www.powerball.com/draw-result?date=2025-01-22&gc=lotto-america,043988f8b7b4bd89ab47012195669e0fe8b5efbe50db9595a3e63e645df38cc7,2c48ad5bfb7fd6cb2a977e8ec6c26f4303127e9644860bb958d491ede2f8538b,iowa_lottery_lotto_america,https://www.ialottery.com/Pages/Games-Online/LottoAmericaWin.aspx,6fb3323120199993e5f63853bd09285c1f9304bccbd021e6ea0125a8c893e0cd,c3987ab8ca4a4785a3b9a0c900af004e855690542926ef2b2579d187f1b9f38c
lotto_america,2025-01-25,musl_lotto_america,https://www.powerball.com/draw-result?date=2025-01-25&gc=lotto-america,ccb49d04b270b02e2c96ed2c927c5f9bd5db4b60bb69ed28b053176e9655fb8f,650170e8dc4806fd9c7d6b607024c82bc541832b4a1112045626f0153ac168aa,iowa_lottery_lotto_america,https://www.ialottery.com/Pages/Games-Online/LottoAmericaWin.aspx,7c79d51b21a64d4a200cbfb55cee410433854cb91802d74cf6d4e06762a45f14,c3987ab8ca4a4785a3b9a0c900af004e855690542926ef2b2579d187f1b9f38c
lotto_america,2025-01-27,musl_lotto_america,https://www.powerball.com/draw-result?date=2025-01-27&gc=lotto-america,df7d9133d6100cd541a044b277dd57cce6f093156c76cb515ba7a55130b5f12d,a19ad81722b07b2ef2b51555e5d9b4de436cd7fa04daddf2598e372419b1fcb7,iowa_lottery_lotto_america,https://www.ialottery.com/Pages/Games-Online/LottoAmericaWin.aspx,bfc6ec633e2664c508728121dc3c44df4363c2ddf9545fd7d815b9af1b0aed3d,c3987ab8ca4a4785a3b9a0c900af004e855690542926ef2b2579d187f1b9f38c
lotto_america,2025-01-29,musl_lotto_america,https://www.powerball.com/draw-result?date=2025-01-29&gc=lotto-america,c26caa1e2923047a7fad7432cf7a5cb2d80fd2e7a2f434056220ad3e6a3d3af4,75f84dc9b67edaf07a46ff7b1f103e7f6391c87b3943bbf0163c3dff9622c242,iowa_lottery_lotto_america,https://www.ialottery.com/Pages/Games-Online/LottoAmericaWin.aspx,17681186f97ba2a788a237ad91704da197e6889dddb8036fde30221c2e5f1264,c3987ab8ca4a4785a3b9a0c900af004e855690542926ef2b2579d187f1b9f38c
lotto_america,2025-02-01,musl_lotto_america,https://www.powerball.com/draw-result?date=2025-02-01&gc=lotto-america,416377065316e7da0c65fe330c7b65b5c41db302bb06434290a0d876a594f541,4bce6b3e01891f12f3806105d5215453410ff287a1e934e156b7aad4867ec01a,iowa_lottery_lotto_america,https://www.ialottery.com/Pages/Games-Online/LottoAmericaWin.aspx,e23b62469390ead58b964c4b75313764ef29003645e9ba101d37280e24776cba,720a180400fc18edbab308d0d269d4f38e6c9c6c672e4d3a4c97c39495cdf0fb
lotto_america,2025-02-03,musl_lotto_america,https://www.powerball.com/draw-result?date=2025-02-03&gc=lotto-america,ae4ea59fd04b582a24ad28ff875e33d705c9e0a6c46f7666fea0f78278f925f3,13ad089d75ddcdd54f3bff3cb7a9590a32daa660342b0cac94caa7cb5e2fe143,iowa_lottery_lotto_america,https://www.ialottery.com/Pages/Games-Online/LottoAmericaWin.aspx,db94206ffa2526f6396c17011bfe2fc031da27d9d3165205888dfc960135b34a,6f35d2bb2ca9d7238a4c989291306e3a623fd1fb342cdfdde0982aa4405567d2
lotto_america,2025-02-05,musl_lotto_america,https://www.powerball.com/draw-result?date=2025-02-05&gc=lotto-america,70f12b6958e418e78b7c9b1e8dcb1e3831babc4c65dd5f2487807866350361af,1ef74df639667075b6c005cdf34097888d131fda97a20764fb10b02b3f29742c,iowa_lottery_lotto_america,https://www.ialottery.com/Pages/Games-Online/LottoAmericaWin.aspx,39da07dcbef8e103bd3fa6a0298d546cf080c3c2e9fc77a32310219205173a17,6f35d2bb2ca9d7238a4c989291306e3a623fd1fb342cdfdde0982aa4405567d2
lotto_america,2025-02-08,musl_lotto_america,https://www.powerball.com/draw-result?date=2025-02-08&gc=lotto-america,3eb01fb1aab2b724e760e2f9340ce95c4c48eb9d761b9e7a320360626c776697,e5a9c87aa1409cce6685a478ad89f84932a5ec1377bd13810747120d92d0722d,iowa_lottery_lotto_america,https://www.ialottery.com/Pages/Games-Online/LottoAmericaWin.aspx,57ca76df1221961aa09c86d81efd9cbac34f1665f9dde08fb44a252f52f42a48,6f35d2bb2ca9d7238a4c989291306e3a623fd1fb342cdfdde0982aa4405567d2
lotto_america,2025-02-10,musl_lotto_america,https://www.powerball.com/draw-result?date=2025-02-10&gc=lotto-america,a2505cbd30ea9572f8c4d4185066fd380110537b40886e990b755d4e2efd7ffb,2c7a45bff6c2de30c8c4439d0f2393acea38da3568da378d964696a5ca15a43c,iowa_lottery_lotto_america,https://www.ialottery.com/Pages/Games-Online/LottoAmericaWin.aspx,c1f7ec2ae4850efd4bb60b4e3f9d7ebfe2a8f2171404e03830fd1476b09230ca,6f35d2bb2ca9d7238a4c989291306e3a623fd1fb342cdfdde0982aa4405567d2
lotto_america,2025-02-12,musl_lotto_america,https://www.powerball.com/draw-result?date=2025-02-12&gc=lotto-america,c590ddfc21cfb3ac4a655d8a448c56176620b490f77226e4b7fd169943e4ad74,eccc593e5f7dd64d3cde9ca077508b747ae077c1bcefba73bce4665ac3d92f85,iowa_lottery_lotto_america,https://www.ialottery.com/Pages/Games-Online/LottoAmericaWin.aspx,bf7143752f689d85134dd7e6439c545f1526f5d7f7edd528c1992524bba6d204,6f35d2bb2ca9d7238a4c989291306e3a623fd1fb342cdfdde0982aa4405567d2
lotto_america,2025-02-15,musl_lotto_america,https://www.powerball.com/draw-result?date=2025-02-15&gc=lotto-america,49ffc3bc5ea5a847463b63312de5b146b726a0083bdd41d31b16a8c33743a3e4,09c1b8d9cbbf04e7b329c1d34f40b5f6861a0b3c9885030567b24712849e0f7e,iowa_lottery_lotto_america,https://www.ialottery.com/Pages/Games-Online/LottoAmericaWin.aspx,2e4ba643e97e96d1187a7c7581861a5c82bc3ac3392bd47faa9b7e058f97fc03,6f35d2bb2ca9d7238a4c989291306e3a623fd1fb342cdfdde0982aa4405567d2
lotto_america,2025-02-17,musl_lotto_america,https://www.powerball.com/draw-result?date=2025-02-17&gc=lotto-america,541cd428afa1b66ee8bbffc68fb2d8d976ed9b50b58f7a06bae4448f12797238,21f8f7cd226b13edaef6306e0c70f73fcf48900c81351c0a42e151c2385d3a7b,iowa_lottery_lotto_america,https://www.ialottery.com/Pages/Games-Online/LottoAmericaWin.aspx,7ee609d796f7b591a402b34b1f5681ffd2f9cf77759de2c99ce77603fc944b8d,6f35d2bb2ca9d7238a4c989291306e3a623fd1fb342cdfdde0982aa4405567d2
lotto_america,2025-02-19,musl_lotto_america,https://www.powerball.com/draw-result?date=2025-02-19&gc=lotto-america,814d482d160e9b54e19b8b258b7afde9529c36f6af01ce03199a9995542a8980,2da0f23d2e68444343865d8d361b7269ff856cd110ccf28da81f58f24456728c,iowa_lottery_lotto_america,https://www.ialottery.com/Pages/Games-Online/LottoAmericaWin.aspx,e4def4b4f50d9e5f5e47e0f127dc076e1a021a99b7920f6020a663e21871265c,6f35d2bb2ca9d7238a4c989291306e3a623fd1fb342cdfdde0982aa4405567d2
lotto_america,2025-02-22,musl_lotto_america,https://www.powerball.com/draw-result?date=2025-02-22&gc=lotto-america,18ae0a13ebe340eb30c7e3e1606bd0f15a6948b08f1dd11c4fe3e63b03e25d97,efee15a4b309de8e4e4cc6c24bfe040d70270e3e06d922319fed3c2b75dd63c1,iowa_lottery_lotto_america,https://www.ialottery.com/Pages/Games-Online/LottoAmericaWin.aspx,3f3cb6f98d4dd40af242ffc1e52d9752973335fccf6bfcd630f1ce350a6c1ad3,6f35d2bb2ca9d7238a4c989291306e3a623fd1fb342cdfdde0982aa4405567d2
lotto_america,2025-02-24,musl_lotto_america,https://www.powerball.com/draw-result?date=2025-02-24&gc=lotto-america,70ec8b42374c5661c4c9a62f359d112af8746042ddf3c61bb600e61741e59e74,673aea82c6541402a09e127876617ab79766be7859d4a4d0a1c94eda0b1dcea1,iowa_lottery_lotto_america,https://www.ialottery.com/Pages/Games-Online/LottoAmericaWin.aspx,15d1d3765a2014872e899dcce2de0760b9daf3090067c5e24d1590fde1629744,6f35d2bb2ca9d7238a4c989291306e3a623fd1fb342cdfdde0982aa4405567d2
lotto_america,2025-02-26,musl_lotto_america,https://www.powerball.com/draw-result?date=2025-02-26&gc=lotto-america,34cc6737d5cde135b5c7f5626ee60ff96c1fca10f46dc2c89c48099816834114,36528913931c6a7d4f8469e8ec357cb73e001ff530300e19b8f0d9ed6c989c45,iowa_lottery_lotto_america,https://www.ialottery.com/Pages/Games-Online/LottoAmericaWin.aspx,4a8d06562b4ff0c59073f7bca514704ba8fe99fd85a2f4d7861393db522e0952,6f35d2bb2ca9d7238a4c989291306e3a623fd1fb342cdfdde0982aa4405567d2
lotto_america,2025-03-01,musl_lotto_america,https://www.powerball.com/draw-result?date=2025-03-01&gc=lotto-america,51590a9d6aa57a7bb8df81a51714cf15486973954b6eaf1699cce2bdf303564f,8bf8c2a5339505cf70ab4c290ec3c01277e0b1bf89ea2c968a2cfe648cf4a019,iowa_lottery_lotto_america,https://www.ialottery.com/Pages/Games-Online/LottoAmericaWin.aspx,640e5b7af75d83f5841d5420f531c98d34d0752ca09f4c1e65a94b96ac1dafb1,6f35d2bb2ca9d7238a4c989291306e3a623fd1fb342cdfdde0982aa4405567d2
lotto_america,2025-03-03,musl_lotto_america,https://www.powerball.com/draw-result?date=2025-03-03&gc=lotto-america,875a20f03f7b4087597dd8865f2e31e71ea6a01d08263bd7ec5302df2d55e504,4bc4c1323e1c151ffab57a553dfb903af4b3bbb6389cb99c9b267a1c912d77c1,iowa_lottery_lotto_america,https://www.ialottery.com/Pages/Games-Online/LottoAmericaWin.aspx,e2970c687e25307d3b68349ba5fe2f4b2f07382a4c3b4357206c6fcfbaca8a88,6f35d2bb2ca9d7238a4c989291306e3a623fd1fb342cdfdde0982aa4405567d2
lotto_america,2025-03-05,musl_lotto_america,https://www.powerball.com/draw-result?date=2025-03-05&gc=lotto-america,23eac83d47f1b39fb4fed9b35292ae0b0f76215c6a896a833a2da592d409f33f,6fdfc1e464a5bf4f483af95f5d1f208171e076166cdf31e823f42ec8ee9832ac,iowa_lottery_lotto_america,https://www.ialottery.com/Pages/Games-Online/LottoAmericaWin.aspx,b892bd3207bf540302d1926cce70f96963978ac9291753f9111d815d2c95ed7f,cfeb46b25873221b1d89ce197232255fcbdbaf44bfae359299f673c779837a47
lotto_america,2025-03-08,musl_lotto_america,https://www.powerball.com/draw-result?date=2025-03-08&gc=lotto-america,f02f4556a1b4aba97d4ef12434b7d7dc60fa9bd62803e61c2ac7456ec3a8ec3b,163a89fdc28dc50c05e3755d419154e000ff552d8deca2a5716ffb77eaa85739,iowa_lottery_lotto_america,https://www.ialottery.com/Pages/Games-Online/LottoAmericaWin.aspx,08486b51682bf6be6d85b8da002f494226c5991b22eb41d2176762c3ac19e917,cfeb46b25873221b1d89ce197232255fcbdbaf44bfae359299f673c779837a47
lotto_america,2025-03-10,musl_lotto_america,https://www.powerball.com/draw-result?date=2025-03-10&gc=lotto-america,d1ba438b3aeda65835e525a3c8f542a26c51b66b6b5cbab6ca4ffe8b5507399b,e4ce3f69dfe3db50b12542f41859faf6102930dd8a6f159636278d50936db4d7,iowa_lottery_lotto_america,https://www.ialottery.com/Pages/Games-Online/LottoAmericaWin.aspx,051b786159073ee2ff1c64800b1e8552d30bc500c8c5cd5fa68ff0f8dbe35b2b,cfeb46b25873221b1d89ce197232255fcbdbaf44bfae359299f673c779837a47
lotto_america,2025-03-12,musl_lotto_america,https://www.powerball.com/draw-result?date=2025-03-12&gc=lotto-america,85d5867b819f055e050b45d069bf7b2b488cdd531fe0a0255d1971105fff15cd,21e449a8e54004783afd3a6f791edaf166759c202021f07da7b2c40623472f36,iowa_lottery_lotto_america,https://www.ialottery.com/Pages/Games-Online/LottoAmericaWin.aspx,d26c9a8be602f07354516fb982ad72126d9d1b69d489478900650ef808add0ec,cfeb46b25873221b1d89ce197232255fcbdbaf44bfae359299f673c779837a47
lotto_america,2025-03-15,musl_lotto_america,https://www.powerball.com/draw-result?date=2025-03-15&gc=lotto-america,b36d562c9a5374f1c2cf604a85ac344125a045aa3b4a29ead5259034ed8c6505,96c16e48413ff7eb7ed38393f8148490403dc00b895126a42ddb9c5ef32999d9,iowa_lottery_lotto_america,https://www.ialottery.com/Pages/Games-Online/LottoAmericaWin.aspx,eae2085ab72f7a404265a29a6018ee04fc11bc80d5fda90bf1f7a6280e196358,cfeb46b25873221b1d89ce197232255fcbdbaf44bfae359299f673c779837a47
lotto_america,2025-03-17,musl_lotto_america,https://www.powerball.com/draw-result?date=2025-03-17&gc=lotto-america,1b670d5561733b255a8309948b157caebc32653bd3a80c635f6e74dff7383ded,c664270df6761eecfbbaa281bd4fd35c73b6e401871a095e4d96fb65740670d6,iowa_lottery_lotto_america,https://www.ialottery.com/Pages/Games-Online/LottoAmericaWin.aspx,c6e023b5e04e20265de2e7284c3ee027f29a0b0524b57b51900ebab69ae07b60,cfeb46b25873221b1d89ce197232255fcbdbaf44bfae359299f673c779837a47
lotto_america,2025-03-19,musl_lotto_america,https://www.powerball.com/draw-result?date=2025-03-19&gc=lotto-america,c9ac92e97c614dd44ccb12927f72c6b2fcc56dce403da0e20d7de656b8bc3a55,329df8611835b31c95f8af1e45c1806398cb1bcae8728ad1c9d9f613c5f6afdd,iowa_lottery_lotto_america,https://www.ialottery.com/Pages/Games-Online/LottoAmericaWin.aspx,ccf9e9d670889c142154437bf3843318391994eb0ee4ab796de56eae95199c60,cfeb46b25873221b1d89ce197232255fcbdbaf44bfae359299f673c779837a47
lotto_america,2025-03-22,musl_lotto_america,https://www.powerball.com/draw-result?date=2025-03-22&gc=lotto-america,ceb3df5bb45ac119f6047ad2a7531df71a3e76c4644b09e5c3b8f21cd50e440e,5b974ef0264158bca3bf5a32cc1c188ba54b18b7c253ba3d789264d1b9ece661,iowa_lottery_lotto_america,https://www.ialottery.com/Pages/Games-Online/LottoAmericaWin.aspx,f3b17ea6fca65ce06c1b550abb16e471aa2eeb39a367fa2f474d7b356a30d275,cfeb46b25873221b1d89ce197232255fcbdbaf44bfae359299f673c779837a47
lotto_america,2025-03-24,musl_lotto_america,https://www.powerball.com/draw-result?date=2025-03-24&gc=lotto-america,0f9ee1be1b8c03502764c6540b9746cc575b826735774a2d1525d490d44c4158,b2babc1b297f177d78e87263626ef4c2b56b3cad04394b29be426f72dffbbf85,iowa_lottery_lotto_america,https://www.ialottery.com/Pages/Games-Online/LottoAmericaWin.aspx,e588ce4439092f0ac3f4990d2401d4b56ad8d591bb027c76d491badb42b6f42b,cfeb46b25873221b1d89ce197232255fcbdbaf44bfae359299f673c779837a47
lotto_america,2025-03-26,musl_lotto_america,https://www.powerball.com/draw-result?date=2025-03-26&gc=lotto-america,a95cd7586c900495b0655f05498bded2c2bdca9249c2dac2f40de6e5819a3219,e9fe553645e1f4e09bd3c0029db96b4ae62cab5a31a57ab4e429ade8a3ed7200,iowa_lottery_lotto_america,https://www.ialottery.com/Pages/Games-Online/LottoAmericaWin.aspx,faed954e2e1fa7978c150cd9f9307cd387174ec4cf2482c658c64bc1125af7bf,cfeb46b25873221b1d89ce197232255fcbdbaf44bfae359299f673c779837a47
lotto_america,2025-03-29,musl_lotto_america,https://www.powerball.com/draw-result?date=2025-03-29&gc=lotto-america,f1ed54ccdbb7838a76900f9434a2381299b6d12a3fec7729e0b1062c92ce4574,7a2756013de4b92a63042b496557e1cef9e9f2ee89c88ad14031509dc69dec14,iowa_lottery_lotto_america,https://www.ialottery.com/Pages/Games-Online/LottoAmericaWin.aspx,1f16d58f7b73cbb907e82e0fd6d3a4c3e8a0878f8d3a6bd9dba9643e8ce25d2c,cfeb46b25873221b1d89ce197232255fcbdbaf44bfae359299f673c779837a47
lotto_america,2025-03-31,musl_lotto_america,https://www.powerball.com/draw-result?date=2025-03-31&gc=lotto-america,97ad92348b5de84ccc0f3fbc7abbb5315d0b5c44665e91126e458e02eae3365f,77ab8aee4dfb89b1f275199a378ad66b09985db9286bca1bf0664d83497a66de,iowa_lottery_lotto_america,https://www.ialottery.com/Pages/Games-Online/LottoAmericaWin.aspx,53af347bef46413d7ae679d6bcbe7ccb133b35e7023e89cf6f642e703295936b,cfeb46b25873221b1d89ce197232255fcbdbaf44bfae359299f673c779837a47
lotto_america,2025-04-02,musl_lotto_america,https://www.powerball.com/draw-result?date=2025-04-02&gc=lotto-america,cb92c363acdd946e9e32f538fe8f0eb4f380b45ae6dee7fde320d890797d53fb,d2b5611d83db87d45d499fcfe5d5c293709f57880cd9020f77bfb12d5344e7fc,iowa_lottery_lotto_america,https://www.ialottery.com/Pages/Games-Online/LottoAmericaWin.aspx,a0b53a2b89cebbf3774a2c9b89920df850f94f352b9bfa51d40ab8145df67205,cfeb46b25873221b1d89ce197232255fcbdbaf44bfae359299f673c779837a47
lotto_america,2025-04-05,musl_lotto_america,https://www.powerball.com/draw-result?date=2025-04-05&gc=lotto-america,66fe60ea751fc58354ad819ccc5e10d3902b0802d7aafd8ced958803cb70c3bc,345db7516ce0578768e476e34b44bd7f3268dcf72a3210c5ab0cafecb365a5ca,iowa_lottery_lotto_america,https://www.ialottery.com/Pages/Games-Online/LottoAmericaWin.aspx,ed1bcfb799a7de34f4217c557f8c411beb66d37b84cd23988e96d92723d11e32,062b99dbf17449324c53793a7f7aa50a7c8eb0c86e1d1a2bcfc1f59ddb5712f1
lotto_america,2025-04-07,musl_lotto_america,https://www.powerball.com/draw-result?date=2025-04-07&gc=lotto-america,287cc98769808dc870abcd669e9ada2695fdcfe5b44381c53abfd922f19dd132,3a29f87296f0661b64bf67bef4ef86cb6e6a3223fb8feeb894ea8d09a23a7c7a,iowa_lottery_lotto_america,https://www.ialottery.com/Pages/Games-Online/LottoAmericaWin.aspx,3320a6cc826dbdefc156699b9ca566f86a9ab9bd47e5a7ee9ef271a1e2ff636e,062b99dbf17449324c53793a7f7aa50a7c8eb0c86e1d1a2bcfc1f59ddb5712f1
lotto_america,2025-04-09,musl_lotto_america,https://www.powerball.com/draw-result?date=2025-04-09&gc=lotto-america,36a47ccd6cab6d4771fa0e8d1ed837f8ca890c4106afb00f34e44efc4464d08f,27abd17f2156854a2bee663f50e1ae0cbd211db1997aeae4be5b88de784bab6d,iowa_lottery_lotto_america,https://www.ialottery.com/Pages/Games-Online/LottoAmericaWin.aspx,5578e0c416501bd8b98850a4c201731e0a1cce6fe2f287a2ada7da28bc4abe5f,062b99dbf17449324c53793a7f7aa50a7c8eb0c86e1d1a2bcfc1f59ddb5712f1
lotto_america,2025-04-12,musl_lotto_america,https://www.powerball.com/draw-result?date=2025-04-12&gc=lotto-america,972d1ce6f1642af749ea6fb5d2424e198ff329979f30c359f7487d5c1f1f6a7a,b373dc04dcfbc9d4cdc9bdb67757ce0b22ec1f8f98e84cf354e1998ae3017f60,iowa_lottery_lotto_america,https://www.ialottery.com/Pages/Games-Online/LottoAmericaWin.aspx,52c086efc2335429d37daf621a4f4c897c514a0aaee8101f91136f4e995877ae,062b99dbf17449324c53793a7f7aa50a7c8eb0c86e1d1a2bcfc1f59ddb5712f1
lotto_america,2025-04-14,musl_lotto_america,https://www.powerball.com/draw-result?date=2025-04-14&gc=lotto-america,0667309e3c394c0e466ab7d79a3d4b6f363f7b684ca0433fac8ea42df44a3559,7034d8044338abadba1c1cd48f08503aeaa3e01c74c05f39d2927dd9f4f4c91d,iowa_lottery_lotto_america,https://www.ialottery.com/Pages/Games-Online/LottoAmericaWin.aspx,454276e192eadd8d9f2a294ef3be4a22604f561c73fb24b24d1adbb827bf4e3d,062b99dbf17449324c53793a7f7aa50a7c8eb0c86e1d1a2bcfc1f59ddb5712f1
lotto_america,2025-04-16,musl_lotto_america,https://www.powerball.com/draw-result?date=2025-04-16&gc=lotto-america,e93c1115cffec603007cfd33d25099bd0e4693b2077037de395168e56f8e9bd1,d49bfeef21a11eaeb4488604853b7769ee26d88d08f36d1b210eb56cdbe1a6f5,iowa_lottery_lotto_america,https://www.ialottery.com/Pages/Games-Online/LottoAmericaWin.aspx,6a8c1df15b7c6398c09cbbb8df0e7f09dbbbee7ec6c117601024da1bd73e47d4,062b99dbf17449324c53793a7f7aa50a7c8eb0c86e1d1a2bcfc1f59ddb5712f1
lotto_america,2025-04-19,musl_lotto_america,https://www.powerball.com/draw-result?date=2025-04-19&gc=lotto-america,df8ca51f833a99cece22917477d5ea05b64380fec6b30553237476247b8901e1,eb21a6588183e2fb55bbd567c818076b5f7b08b3e7ed6ccd0ebfd74b8f9f95d9,iowa_lottery_lotto_america,https://www.ialottery.com/Pages/Games-Online/LottoAmericaWin.aspx,c10c20f3d5cd3dcec001afd436b3034392715e0d3840a7d7483b17f5fd173264,062b99dbf17449324c53793a7f7aa50a7c8eb0c86e1d1a2bcfc1f59ddb5712f1
lotto_america,2025-04-21,musl_lotto_america,https://www.powerball.com/draw-result?date=2025-04-21&gc=lotto-america,3ce356885d1b63e4f4455e3a523894fce37dbf44f079f96252f70dd2c8df063c,a4f9c9d66502080b14ee33555b37839f1e11ecdb5f646887e84701a081213dae,iowa_lottery_lotto_america,https://www.ialottery.com/Pages/Games-Online/LottoAmericaWin.aspx,3697f55f7822e516dfa156c3421072de3d5ca750cddb4123c9b5ad63fe2013bb,062b99dbf17449324c53793a7f7aa50a7c8eb0c86e1d1a2bcfc1f59ddb5712f1
lotto_america,2025-04-23,musl_lotto_america,https://www.powerball.com/draw-result?date=2025-04-23&gc=lotto-america,8b637b04cadbccbb3f71dbfd3bbd2b1997ba9946104c83720dea5e39fda90610,e2eb2482ba96723408ab7cba38eef72dfa0d9af8f39cbdbfb864caa9fe9b88b9,iowa_lottery_lotto_america,https://www.ialottery.com/Pages/Games-Online/LottoAmericaWin.aspx,c6188cba6d8d33b76a60ec21bd9d4a4856f20ec1c4910921d2c5d7b702d86799,062b99dbf17449324c53793a7f7aa50a7c8eb0c86e1d1a2bcfc1f59ddb5712f1
lotto_america,2025-04-26,musl_lotto_america,https://www.powerball.com/draw-result?date=2025-04-26&gc=lotto-america,fe434e010c7f669cb6db14ef7db6e451c65e99edd9ea2db2d0995f4af4dbca47,5d17eafb5c6aaf683940dc945e04d585086aa936beb62218c24bef17a6d9d73f,iowa_lottery_lotto_america,https://www.ialottery.com/Pages/Games-Online/LottoAmericaWin.aspx,4ef798ea1865f8148937461989c02731a5a0bef7d8c0c179677a77b5573ed3ea,062b99dbf17449324c53793a7f7aa50a7c8eb0c86e1d1a2bcfc1f59ddb5712f1
lotto_america,2025-04-28,musl_lotto_america,https://www.powerball.com/draw-result?date=2025-04-28&gc=lotto-america,b4cfe86961dffce3d27bac4d35bc46a29bbe1d8d2aaf05c4d2429c59b1a14a72,602bf64646dec305ec375bc2139e1ef7380e9683f2ccdd65b0627e730a642b28,iowa_lottery_lotto_america,https://www.ialottery.com/Pages/Games-Online/LottoAmericaWin.aspx,9ed4fb70b25437fd2c915f77626ef04aaa8c0bc19517cc0cfb1ae62782ca78b2,062b99dbf17449324c53793a7f7aa50a7c8eb0c86e1d1a2bcfc1f59ddb5712f1
lotto_america,2025-04-30,musl_lotto_america,https://www.powerball.com/draw-result?date=2025-04-30&gc=lotto-america,20504223bdc4c4e90a464c812aeef9ee0298a9c32f9ff0a4416a343e53259aaa,80994f2ec80649834f41deca9c38a7ea7aa9905e008f78a3192901c9af45889f,iowa_lottery_lotto_america,https://www.ialottery.com/Pages/Games-Online/LottoAmericaWin.aspx,547aa328edd067f87b32ea73dc69235ee0efd0e405a2caf6aa7c7c791530c74c,062b99dbf17449324c53793a7f7aa50a7c8eb0c86e1d1a2bcfc1f59ddb5712f1
lotto_america,2025-05-03,musl_lotto_america,https://www.powerball.com/draw-result?date=2025-05-03&gc=lotto-america,d7a6b9606b0ea02f01ec39e18434e3cee8e73a089c50503b756d2161d0509465,0a263be0dcb3f260cbd21df4204d1996f863ff9deeb41ffffdd0a4b36702d003,iowa_lottery_lotto_america,https://www.ialottery.com/Pages/Games-Online/LottoAmericaWin.aspx,e0a2331a8b70544761e96bb4c02091339730b71be25cd6a936ad5184946583bc,062b99dbf17449324c53793a7f7aa50a7c8eb0c86e1d1a2bcfc1f59ddb5712f1
lotto_america,2025-05-05,musl_lotto_america,https://www.powerball.com/draw-result?date=2025-05-05&gc=lotto-america,198d8f5a5347daea09be7a31fcc17eabd6a41efd38607fdc048e803f64106f20,8b5ddce697e6039c133f4b53bd45495af8e7fdd8cbb5849f73f9fa0ff439700f,iowa_lottery_lotto_america,https://www.ialottery.com/Pages/Games-Online/LottoAmericaWin.aspx,311b64c72d0c52905b081fedd74717fdfd5592afe6efe68637b73e8ddb834c6a,49f90c09dd06175e3244e7475fb046a61d6274166ee144dbfcf819567ae94bc4
lotto_america,2025-05-07,musl_lotto_america,https://www.powerball.com/draw-result?date=2025-05-07&gc=lotto-america,d05735eccd3282e0d734feb46563c72bec1c5cd5caa33f17aa64b5596835dc66,6e264a273a13813ce4b3ebe8431e4a0321b67c37b22115b9f4c1e5d2c7fca4b7,iowa_lottery_lotto_america,https://www.ialottery.com/Pages/Games-Online/LottoAmericaWin.aspx,9472fe29c60de65ee9e4c7d2485de101ad7fa9dcee236f9c0603d081c4e30709,49f90c09dd06175e3244e7475fb046a61d6274166ee144dbfcf819567ae94bc4
lotto_america,2025-05-10,musl_lotto_america,https://www.powerball.com/draw-result?date=2025-05-10&gc=lotto-america,5c93b698322e05534f2d3ac80648cb9ab1a9e6f9404807d75c596290599322cf,59ead3d42e7cd32d8614aba89a3b3109a0a34190677553e341648e49e7d58908,iowa_lottery_lotto_america,https://www.ialottery.com/Pages/Games-Online/LottoAmericaWin.aspx,01e0b256e1b32623178f7001d505967d3573e50c22ad6217ffe809ff2df04ea3,49f90c09dd06175e3244e7475fb046a61d6274166ee144dbfcf819567ae94bc4
lotto_america,2025-05-12,musl_lotto_america,https://www.powerball.com/draw-result?date=2025-05-12&gc=lotto-america,160b2b1de8749ea9924499a35bdf3dc21904e73689f05de40e9224377d40afef,f381d576446c845b0403415e1c7f1bd87e70e56b84074f658f5d23357ec93b52,iowa_lottery_lotto_america,https://www.ialottery.com/Pages/Games-Online/LottoAmericaWin.aspx,e9073442f3ec9e27bc41959df812e1a5222e2c1751886deeb8986fc0408a0130,49f90c09dd06175e3244e7475fb046a61d6274166ee144dbfcf819567ae94bc4
lotto_america,2025-05-14,musl_lotto_america,https://www.powerball.com/draw-result?date=2025-05-14&gc=lotto-america,3d5e8d3d42f62eed8f7f5c0c4d2fdc17a5da6802c21d1dfc3fd8210336996d7f,7c3c9793f1df1eba5d5c4b947a692922311bd409dbd12cec2f8d04c1609057aa,iowa_lottery_lotto_america,https://www.ialottery.com/Pages/Games-Online/LottoAmericaWin.aspx,8b52bbd3935fc27c5b1d7cadf87e280fc1b3924103635e9812391e644252be43,49f90c09dd06175e3244e7475fb046a61d6274166ee144dbfcf819567ae94bc4
lotto_america,2025-05-17,musl_lotto_america,https://www.powerball.com/draw-result?date=2025-05-17&gc=lotto-america,0bfbf1296b1941ddf13867ddfdf6cfa926efe7f5f9d4e48f7457352cf7062842,b5d0b1ea805b05f1139e7087f80359d131efc58bdc6eea2c67c849330bad4596,iowa_lottery_lotto_america,https://www.ialottery.com/Pages/Games-Online/LottoAmericaWin.aspx,cfa71831184ece60c55eb451c054bdf016b7f76dbaa3c4623779fc1910850d94,49f90c09dd06175e3244e7475fb046a61d6274166ee144dbfcf819567ae94bc4
lotto_america,2025-05-19,musl_lotto_america,https://www.powerball.com/draw-result?date=2025-05-19&gc=lotto-america,336beaa592f2c65644a242177f18e7ddad0f43e4e5005b79b806741dcef111c4,ab1b8bfd547158b4bf1c3b14df5686ce24bd1d5bb62a9d4ef9062206a92a9e43,iowa_lottery_lotto_america,https://www.ialottery.com/Pages/Games-Online/LottoAmericaWin.aspx,9ed78d8ef6238bbe23c050dd478d2fac1cc002026a11770c771cdfaae4450a0a,49f90c09dd06175e3244e7475fb046a61d6274166ee144dbfcf819567ae94bc4
lotto_america,2025-05-21,musl_lotto_america,https://www.powerball.com/draw-result?date=2025-05-21&gc=lotto-america,4c16def900609907c98a9a204888b9d1f2217e1d2942627ec57a85440cb0f3c0,b8de96d9905dd7a833ffb1a7f4f7c3055dfd010f9d9943e356284611aef4cbeb,iowa_lottery_lotto_america,https://www.ialottery.com/Pages/Games-Online/LottoAmericaWin.aspx,a15cae632c69787aef22d1381b7fc2982fae612391f0a5c771ff73cf5143f7b1,49f90c09dd06175e3244e7475fb046a61d6274166ee144dbfcf819567ae94bc4
lotto_america,2025-05-24,musl_lotto_america,https://www.powerball.com/draw-result?date=2025-05-24&gc=lotto-america,1de6f8c66e26c20c247e0e1b15c497405eaef15781617a2338e5cf588254b958,837788714c6bac8d9a01eae15aefb9a9a6d57e8eaa6cbc0f68b9aa66f2083285,iowa_lottery_lotto_america,https://www.ialottery.com/Pages/Games-Online/LottoAmericaWin.aspx,2f96ec843c1bc725f719f6f7fcc5b661e8f6e603480192ab34e834796e68d935,49f90c09dd06175e3244e7475fb046a61d6274166ee144dbfcf819567ae94bc4
lotto_america,2025-05-26,musl_lotto_america,https://www.powerball.com/draw-result?date=2025-05-26&gc=lotto-america,e4c4eb835105326aa407b48f8f68015195f8ff59fb324022b151c7b8e2060e3f,1f8175121eaafacbd77c054427f97cac1185fe7f9e59b7dd78ed0cdc497c9b86,iowa_lottery_lotto_america,https://www.ialottery.com/Pages/Games-Online/LottoAmericaWin.aspx,2671625bbdb257cbbb48fc546ca4b414c8b6409902f5969d097f7239a64ad24d,49f90c09dd06175e3244e7475fb046a61d6274166ee144dbfcf819567ae94bc4
lotto_america,2025-05-28,musl_lotto_america,https://www.powerball.com/draw-result?date=2025-05-28&gc=lotto-america,4f02a6f5b3b597ec99af771bde29bb59dbb7c0e863180c376032a75be1df1fd4,36875af0b4a18ab697b68a8d444c96cfe830770caf2db76fb02e50bfa567be73,iowa_lottery_lotto_america,https://www.ialottery.com/Pages/Games-Online/LottoAmericaWin.aspx,aeae7ccc7418d39fd5781881010183b82163df4799381dfcae663296e46dd2b1,49f90c09dd06175e3244e7475fb046a61d6274166ee144dbfcf819567ae94bc4
lotto_america,2025-05-31,musl_lotto_america,https://www.powerball.com/draw-result?date=2025-05-31&gc=lotto-america,03e488637ad9a6da6c8dbc72c358592fdc76f787e151e06929f6c9f0c3ea6179,caa18c6ce71136c5069c927131937652f97e9b847576503a423c6b79e200dc83,iowa_lottery_lotto_america,https://www.ialottery.com/Pages/Games-Online/LottoAmericaWin.aspx,17c0cef18e24c6d0d668cd91a2f1fcabe13403c534136f3fac613aec8080049c,49f90c09dd06175e3244e7475fb046a61d6274166ee144dbfcf819567ae94bc4
lotto_america,2025-06-02,musl_lotto_america,https://www.powerball.com/draw-result?date=2025-06-02&gc=lotto-america,73527cfff5d395e06e3f7f4cce58bd261c34e02b31c19c9108759a41b16bfea7,4402a6d4cf5713dda788beb946ec2c013f705f52591ff1d90ea5db70b5901aa0,iowa_lottery_lotto_america,https://www.ialottery.com/Pages/Games-Online/LottoAmericaWin.aspx,0c627bf5527013f36a9ae8d48ae285741073f95b6173e00952e5a54407151f5c,49f90c09dd06175e3244e7475fb046a61d6274166ee144dbfcf819567ae94bc4
lotto_america,2025-06-04,musl_lotto_america,https://www.powerball.com/draw-result?date=2025-06-04&gc=lotto-america,abc6ec7c4b620b7fa6dd01d3cef05e4e51565f91ee9effda0d0b52efea4157b3,85c9afd2988838efe95b0c01b589d8e0672e66819f8c8519ce56164cd0007faa,iowa_lottery_lotto_america,https://www.ialottery.com/Pages/Games-Online/LottoAmericaWin.aspx,8f871baa6bf63443e5eb935c431cecc032bc3b11e713aa3a1a8eff7c01a62cdf,7657247acf6a13f7e28ba94d7db25226f5b49674c76d6077657d2c3ad8bb2cfd
lotto_america,2025-06-07,musl_lotto_america,https://www.powerball.com/draw-result?date=2025-06-07&gc=lotto-america,7fd3e4ebf9bd3edbb76ce6ee6b5d9d5fe3828fd574d550563cd9f83eb60a8601,2ab3092c3f52ecdae73f2ebc5347c47a28b58b4846f5837e0ea0dfd31c3dfaec,iowa_lottery_lotto_america,https://www.ialottery.com/Pages/Games-Online/LottoAmericaWin.aspx,317a68767f94c504330eb5c380a24cefcd4663585d8ab4be100d396e98f0c0cd,7657247acf6a13f7e28ba94d7db25226f5b49674c76d6077657d2c3ad8bb2cfd
lotto_america,2025-06-09,musl_lotto_america,https://www.powerball.com/draw-result?date=2025-06-09&gc=lotto-america,896faf4154ec1937efd70ed1279bae56e38971bfaa5c8ff17097fd7bde5eaa9d,f919eb8dda70917206aa37a5404518da4abdbff2e714819e78c7708cf8b5a2b0,iowa_lottery_lotto_america,https://www.ialottery.com/Pages/Games-Online/LottoAmericaWin.aspx,c7cdea31c7b83d2b32f86235ae01ff69404dd04bb7c0cfa242dd1501a8dad1d5,7657247acf6a13f7e28ba94d7db25226f5b49674c76d6077657d2c3ad8bb2cfd
lotto_america,2025-06-11,musl_lotto_america,https://www.powerball.com/draw-result?date=2025-06-11&gc=lotto-america,239cad9646eb80bce4a055f6f959b334bc6840022f2befb6f6abe939f67a35c7,a46b1dabeb054b6b5d0fcde953090a963461417ac21d2def282f4b0095a28712,iowa_lottery_lotto_america,https://www.ialottery.com/Pages/Games-Online/LottoAmericaWin.aspx,3acfab6f85d8de281bcbbc92de79f9aa7a03d06b67cc62a81c2cf42faf28d594,7657247acf6a13f7e28ba94d7db25226f5b49674c76d6077657d2c3ad8bb2cfd
lotto_america,2025-06-14,musl_lotto_america,https://www.powerball.com/draw-result?date=2025-06-14&gc=lotto-america,5cd99bf8b7f455bd9e46e1c2730a4f2fa573583237873ffd5333bdc66549f1f8,60a9862091c2564e3678d91040869f8ac5778e44eaa4f7d1d4558c97352e505e,iowa_lottery_lotto_america,https://www.ialottery.com/Pages/Games-Online/LottoAmericaWin.aspx,a5733c53dbf81cfc90a9e646f0fe7ac8aa9d71e5aa17c4bff30b22664d908662,7657247acf6a13f7e28ba94d7db25226f5b49674c76d6077657d2c3ad8bb2cfd
lotto_america,2025-06-16,musl_lotto_america,https://www.powerball.com/draw-result?date=2025-06-16&gc=lotto-america,8441a3ee56968d1bb1e19d2afe609fb00b8a0cbceab7d873c7ea97d803bab9a2,28f550adb5465b24eca43786f402d9b04270747bf153ca98c6ada6520fcd349b,iowa_lottery_lotto_america,https://www.ialottery.com/Pages/Games-Online/LottoAmericaWin.aspx,3666d4f879aeab0f0f6c8b62061af8bb48b14261559532abb57549cf48691e70,7657247acf6a13f7e28ba94d7db25226f5b49674c76d6077657d2c3ad8bb2cfd
lotto_america,2025-06-18,musl_lotto_america,https://www.powerball.com/draw-result?date=2025-06-18&gc=lotto-america,4ca7cc92db1b093eda89d698ed49fca3fc107db717d20661e614d818179141fb,f5a0a4f55d1f03dae5eecd2dd54bd88ea3cf39d3dda5b8b437fb129f95b0b1b3,iowa_lottery_lotto_america,https://www.ialottery.com/Pages/Games-Online/LottoAmericaWin.aspx,2e0f8f6b27a6b0082bbb670b770767fd34c941ef7ee3224abd9b866e6b707a21,7657247acf6a13f7e28ba94d7db25226f5b49674c76d6077657d2c3ad8bb2cfd
lotto_america,2025-06-21,musl_lotto_america,https://www.powerball.com/draw-result?date=2025-06-21&gc=lotto-america,b31d6ac82e5a52406303cee2b049eb0ba2e1d098099e3f568f9a1ea7642ece13,d96fdfb8593f904e62cd2c3dd60fc9f4fa32ddc111d89f49665632e2a00e06ab,iowa_lottery_lotto_america,https://www.ialottery.com/Pages/Games-Online/LottoAmericaWin.aspx,55fe8ee7c25d2bbed7b8d6b754459c8b5a30a53209781680e6e42af9df8eb29e,7657247acf6a13f7e28ba94d7db25226f5b49674c76d6077657d2c3ad8bb2cfd
lotto_america,2025-06-23,musl_lotto_america,https://www.powerball.com/draw-result?date=2025-06-23&gc=lotto-america,0c10c2ee28aa06710c21806eeb768436f3fd35bca0b0dc0a3220239a8b589142,641404246a069f2c6fc1de6cad4d51a50a6ffb009b4935fb20e981a233cd8829,iowa_lottery_lotto_america,https://www.ialottery.com/Pages/Games-Online/LottoAmericaWin.aspx,6a6836f625ca067459bac128c865939eac3d445ae0ac3f4364abe6b9fdc630ae,7657247acf6a13f7e28ba94d7db25226f5b49674c76d6077657d2c3ad8bb2cfd
lotto_america,2025-06-25,musl_lotto_america,https://www.powerball.com/draw-result?date=2025-06-25&gc=lotto-america,54530920467be29b8fb7d838b5929759ed2183bd78fc82eb0cdcefb5a21aa5c0,44d22ad52b47bf13f54087b5917a00cb1cdd72ae8165d39b4d8063dc96d21d1f,iowa_lottery_lotto_america,https://www.ialottery.com/Pages/Games-Online/LottoAmericaWin.aspx,5ab1b2b9e1f1f28c8736250bfc02ec03d564bc070ebe737b7503f3e3d06e5718,7657247acf6a13f7e28ba94d7db25226f5b49674c76d6077657d2c3ad8bb2cfd
lotto_america,2025-06-28,musl_lotto_america,https://www.powerball.com/draw-result?date=2025-06-28&gc=lotto-america,044699921a463f2b2cf58899d3fdd856c2ea4431aff3a8f32723a14ea0589bc0,c1b2277265add020cb8a054314aa41cb92a79e74ce0f1d64bd5d6a61fbdba2bc,iowa_lottery_lotto_america,https://www.ialottery.com/Pages/Games-Online/LottoAmericaWin.aspx,5904b7689213d9b35d4b48d9b58e00470b52deee95276a14f5ac4c6cffba4a3e,7657247acf6a13f7e28ba94d7db25226f5b49674c76d6077657d2c3ad8bb2cfd
lotto_america,2025-06-30,musl_lotto_america,https://www.powerball.com/draw-result?date=2025-06-30&gc=lotto-america,62a4b3e1959b0fb3d19792caf8a6d0474005922da7974174a78df8299e3166d5,1fd0b581d42963ed81dd5d57bc6b6816943b5f59c534d845af5005675153ce24,iowa_lottery_lotto_america,https://www.ialottery.com/Pages/Games-Online/LottoAmericaWin.aspx,ee7512f3f6ccac41d6d828426c814a9e6b7a8be3b632692fd649b09ca7bf0d20,7657247acf6a13f7e28ba94d7db25226f5b49674c76d6077657d2c3ad8bb2cfd
lotto_america,2025-07-02,musl_lotto_america,https://www.powerball.com/draw-result?date=2025-07-02&gc=lotto-america,8ad3085d7c870b44db956914566cb8cd44f11064809e558423f1066bd1d3ff63,24fc19128d253af04e7f085a7925b78a15d3d9c9dfbd38671f3687208bb81140,iowa_lottery_lotto_america,https://www.ialottery.com/Pages/Games-Online/LottoAmericaWin.aspx,a5792836caf15705818796f16b9365ec008729690a408360d54c8bfc2054202a,7657247acf6a13f7e28ba94d7db25226f5b49674c76d6077657d2c3ad8bb2cfd
lotto_america,2025-07-05,musl_lotto_america,https://www.powerball.com/draw-result?date=2025-07-05&gc=lotto-america,07ce7697e30275b3566688560bab30aa43f55d8c334f830f978a78912192d16c,c335a4003dff484f8900be45edc56f9ae705b359c8441bc15068c86e4f9903c7,iowa_lottery_lotto_america,https://www.ialottery.com/Pages/Games-Online/LottoAmericaWin.aspx,279c8f1ebc840bc15d65596b6d748c88c8a36d7011ee9074dd6ffab91d0a6efb,5f26c352c21b3894c3764bfa64098ee263f772d317b08a97b14dfc3a42c87780
lotto_america,2025-07-07,musl_lotto_america,https://www.powerball.com/draw-result?date=2025-07-07&gc=lotto-america,4168ab94bfbc100b874c9ecb619a18dadc7c20416319a0e3ccd2020329c14a53,9341df20927c1c9f218c1bba4f97f0194b7532238f28604dac4c82d6ac1f481e,iowa_lottery_lotto_america,https://www.ialottery.com/Pages/Games-Online/LottoAmericaWin.aspx,da7f8c646f680980a52ce9e9508bf71c56cd51861a6fe13a44b89f8196310b72,5f26c352c21b3894c3764bfa64098ee263f772d317b08a97b14dfc3a42c87780
lotto_america,2025-07-09,musl_lotto_america,https://www.powerball.com/draw-result?date=2025-07-09&gc=lotto-america,419be9f90705aedcfb1aecf23f669731eaf255788fe05e24eb32138a6827c164,4a7f4cbf5325533fcb915cbda245a6b449bff7abbd2b6589640055ee0aa91ef4,iowa_lottery_lotto_america,https://www.ialottery.com/Pages/Games-Online/LottoAmericaWin.aspx,0c494e1a0e4955f03371d075811c7b6dd48ea6bca75453c0e001dc9a4c7b54e0,5f26c352c21b3894c3764bfa64098ee263f772d317b08a97b14dfc3a42c87780
lotto_america,2025-07-12,musl_lotto_america,https://www.powerball.com/draw-result?date=2025-07-12&gc=lotto-america,6d33cb42098283226a413098e4ef542e36c1e53e8e7fbe96f552fe61993be383,b5346e5edeac271275dc482ddc684bf1e56b354bc29be0f9d4eb55936c2a922a,iowa_lottery_lotto_america,https://www.ialottery.com/Pages/Games-Online/LottoAmericaWin.aspx,fdbbb18e30695d7781cc162eca055c615b6408b74f12a5a3c61b18e725558e3f,5f26c352c21b3894c3764bfa64098ee263f772d317b08a97b14dfc3a42c87780
lotto_america,2025-07-14,musl_lotto_america,https://www.powerball.com/draw-result?date=2025-07-14&gc=lotto-america,3a0bf93f9c81d997e40d62a5972e4295312370493657d38e2e5e4b5a56d933d1,6e0eb17f96948bee2d1713dae60482971e25f5eff83eefb4e22ffaa1d4f6ab30,iowa_lottery_lotto_america,https://www.ialottery.com/Pages/Games-Online/LottoAmericaWin.aspx,3e3ed30930af1f51c337b680305f2d1703b54ab5bb5801e4aadfe5932d80f560,5f26c352c21b3894c3764bfa64098ee263f772d317b08a97b14dfc3a42c87780
lotto_america,2025-07-16,musl_lotto_america,https://www.powerball.com/draw-result?date=2025-07-16&gc=lotto-america,36b79734809d4b22998fc92dbd46c4a902c927772794c3b261c30a2d7c09049a,4cfd57ad34f443f68758adcad573feed18c43a23d2d9ffb109d39db824eb3419,iowa_lottery_lotto_america,https://www.ialottery.com/Pages/Games-Online/LottoAmericaWin.aspx,57de26d1a127367761b5e7cb91b6b65c13795ccca2860ecd1b503e21e4a7437c,5f26c352c21b3894c3764bfa64098ee263f772d317b08a97b14dfc3a42c87780
lotto_america,2025-07-19,musl_lotto_america,https://www.powerball.com/draw-result?date=2025-07-19&gc=lotto-america,68919496d982154e4ebe123c1c9876f86699ae5249f3b96fe6dbe68d87c1d454,d052aa70dab5f44a5ffdb35c43cabbc9d4cfce10e71200ade758545113ccdcd1,iowa_lottery_lotto_america,https://www.ialottery.com/Pages/Games-Online/LottoAmericaWin.aspx,dc049545b1b09ef3b560ecbb1261b1bd85c1d47def5d30034eb3950b33f244bc,5f26c352c21b3894c3764bfa64098ee263f772d317b08a97b14dfc3a42c87780
lotto_america,2025-07-21,musl_lotto_america,https://www.powerball.com/draw-result?date=2025-07-21&gc=lotto-america,a2c745f066165371050ccd0b21960edf33869ee6dcb865495e16b89bcc879ff2,80261cd2ff815b482f3fb4cd7dcbe83fe00f8285632d66600c1cb5b1185b125a,iowa_lottery_lotto_america,https://www.ialottery.com/Pages/Games-Online/LottoAmericaWin.aspx,f2f5a963f56300ad28c9c1f079f477e90ef5b2f691fb0b28bbb6bd47e6ada4f1,5f26c352c21b3894c3764bfa64098ee263f772d317b08a97b14dfc3a42c87780
lotto_america,2025-07-23,musl_lotto_america,https://www.powerball.com/draw-result?date=2025-07-23&gc=lotto-america,2ce12d3236a9f908fa62a2c23402460c33634c8de9ee63b67a1d5900dfb5dc8c,c177f7eba88ae75fa9b5ac988f27864af6278a98c7471c4f4469f5ff97246c97,iowa_lottery_lotto_america,https://www.ialottery.com/Pages/Games-Online/LottoAmericaWin.aspx,227b2b93010401f31b330bdeacd1908a836640f09495be1089e9ca2609776854,5f26c352c21b3894c3764bfa64098ee263f772d317b08a97b14dfc3a42c87780
lotto_america,2025-07-26,musl_lotto_america,https://www.powerball.com/draw-result?date=2025-07-26&gc=lotto-america,a90e0522dcc28799b79ec6d891e4b2b9a018775ff372aac9b10ccfd931f89a31,15b8499f31254746c17666e375ac53462beb06ccf30823d350b97b8b62a0151a,iowa_lottery_lotto_america,https://www.ialottery.com/Pages/Games-Online/LottoAmericaWin.aspx,1c9908a9175ecdff289b4c5fef3ebf3d52c6413724e91fa7e6f03b5ae716cd01,5f26c352c21b3894c3764bfa64098ee263f772d317b08a97b14dfc3a42c87780
lotto_america,2025-07-28,musl_lotto_america,https://www.powerball.com/draw-result?date=2025-07-28&gc=lotto-america,b7f6d8920299d8f74c8c8ca4e2a196c0b179edb0059f9aa7a8fd797dade3ca76,c765cbee26f4581138cab341e0958f5e751013af65670c57eb8f1d56f72aa070,iowa_lottery_lotto_america,https://www.ialottery.com/Pages/Games-Online/LottoAmericaWin.aspx,e4ec6663c3cdb58d1e29b8fd586c58f7594383af5e03e6cc5d4d3483145f7e6d,5f26c352c21b3894c3764bfa64098ee263f772d317b08a97b14dfc3a42c87780
lotto_america,2025-07-30,musl_lotto_america,https://www.powerball.com/draw-result?date=2025-07-30&gc=lotto-america,bf429b9c599c5cd9be37a9ea200cfd2df8539700603573c29f5f4a8e249ade76,3a0bacbb3f15a888cfdcd946e3f4915eb04b560b5cde6f4bcac176ba4e39763c,iowa_lottery_lotto_america,https://www.ialottery.com/Pages/Games-Online/LottoAmericaWin.aspx,7dd8044ce7026a511ba132cdc7d531f454dbda010efc6eec076b53401e77fd35,5f26c352c21b3894c3764bfa64098ee263f772d317b08a97b14dfc3a42c87780
lotto_america,2025-08-02,musl_lotto_america,https://www.powerball.com/draw-result?date=2025-08-02&gc=lotto-america,60771c668fff0da5c2e0bdc538f301fc00e8ccf147005c20ef398e3182d1dae7,f2a53c0dc61ea57ccb7faa70d3a5d0fa5f4bd25f5b0d268015e838dc21e7f89d,iowa_lottery_lotto_america,https://www.ialottery.com/Pages/Games-Online/LottoAmericaWin.aspx,5ec8784153a53f083a31123581814ae8821246335f31a5f6e7567373fa925872,5f26c352c21b3894c3764bfa64098ee263f772d317b08a97b14dfc3a42c87780
lotto_america,2025-08-04,musl_lotto_america,https://www.powerball.com/draw-result?date=2025-08-04&gc=lotto-america,caa4ac1082fd3ff2334cdc339a7dc151f5b24a34ad98f8dbd8816403510abe9d,59d6a22922a4b0d06e61954c2038423056f4054e417df811c942f012cc1825c6,iowa_lottery_lotto_america,https://www.ialottery.com/Pages/Games-Online/LottoAmericaWin.aspx,e8b89690f25307552cd2567f23a73c6ef6e4969c215995b1cc43dd5170d051a7,f0a6ecad36d5a3294396962961f4a42a37c8e85924260ee0ca426da7ebef6fb3
lotto_america,2025-08-06,musl_lotto_america,https://www.powerball.com/draw-result?date=2025-08-06&gc=lotto-america,e767c6746a8c1617a38ed9bde55e6da96b3539f77f86131ace990e2c2ca7da98,54ad0f4d92a1963d49ff87a38d9261afff696a19e28d20749d818069c2233251,iowa_lottery_lotto_america,https://www.ialottery.com/Pages/Games-Online/LottoAmericaWin.aspx,13bf43f820bd907da004a208ec9be898cc6f8f230def6e0620fb1d235e573414,f0a6ecad36d5a3294396962961f4a42a37c8e85924260ee0ca426da7ebef6fb3
lotto_america,2025-08-09,musl_lotto_america,https://www.powerball.com/draw-result?date=2025-08-09&gc=lotto-america,859975f19161ea6c3dfd01b2fdb52822e6892c19205c2b1cd394662266d1bc80,0c65737ce58109837fab89bfdc9b363b72cab87dfd79041934df324d1c839db4,iowa_lottery_lotto_america,https://www.ialottery.com/Pages/Games-Online/LottoAmericaWin.aspx,749ff3e186e612a5b669c9ac31b12a70897ded2d70b9bfb1168bea60a5f9f511,f0a6ecad36d5a3294396962961f4a42a37c8e85924260ee0ca426da7ebef6fb3
lotto_america,2025-08-11,musl_lotto_america,https://www.powerball.com/draw-result?date=2025-08-11&gc=lotto-america,de29ffcc1846352e444248d7f27badc869bd4c0609c6b16065edd6378554edf4,5bed5da6a2b2e29647d81fece70f8817da9a3f3192cf66243151519cbd3557fe,iowa_lottery_lotto_america,https://www.ialottery.com/Pages/Games-Online/LottoAmericaWin.aspx,5435961ae7aa5783ea945a342ff55dcbc3080c774fb6ed91135369eb810b2c74,f0a6ecad36d5a3294396962961f4a42a37c8e85924260ee0ca426da7ebef6fb3
lotto_america,2025-08-13,musl_lotto_america,https://www.powerball.com/draw-result?date=2025-08-13&gc=lotto-america,a5d2b79bdd84b36691304e08577df514060d40d491ec7bc864d46b3ca6c9bbee,0250e57e69fc14bc04900e761058f746ccd7cb22a238eb3fd4330da4f513858c,iowa_lottery_lotto_america,https://www.ialottery.com/Pages/Games-Online/LottoAmericaWin.aspx,c1d8ce04fb91de4eb1130b473222ed7b3cff0c813c7db168cdbd2961b25285ba,f0a6ecad36d5a3294396962961f4a42a37c8e85924260ee0ca426da7ebef6fb3
lotto_america,2025-08-16,musl_lotto_america,https://www.powerball.com/draw-result?date=2025-08-16&gc=lotto-america,9858bef0a0259a679acf3f639f521a0d6129608e478900321856bbb162f34c7a,04710234d90c72ca0d12fb8d4998b59a3524e39dbe7e5ba605399156b5e90140,iowa_lottery_lotto_america,https://www.ialottery.com/Pages/Games-Online/LottoAmericaWin.aspx,9c0433b26ddbaa263c4a3222a2de0260282ef6c9f75c7b8ddfba6dfdee0ad58e,f0a6ecad36d5a3294396962961f4a42a37c8e85924260ee0ca426da7ebef6fb3
lotto_america,2025-08-18,musl_lotto_america,https://www.powerball.com/draw-result?date=2025-08-18&gc=lotto-america,01e6dc2cc6724e80c0e74bcbb376580d6b9e0e871522265f448a3f6737301a42,0b0ec04a326df71ecbb0dd1aff9ef5238e656bf946266d2284c86cf7c27fa243,iowa_lottery_lotto_america,https://www.ialottery.com/Pages/Games-Online/LottoAmericaWin.aspx,db47d826370f488d96ea3153851f6979221c64b5f224a51ed4bd595ed3d6d67c,f0a6ecad36d5a3294396962961f4a42a37c8e85924260ee0ca426da7ebef6fb3
lotto_america,2025-08-20,musl_lotto_america,https://www.powerball.com/draw-result?date=2025-08-20&gc=lotto-america,9f7ff807d6f01b49d404d6e9910653bb5428f1d363f47db973d57f988dd62d82,9d9966b5d8ea35aabbdf552523bc9b757e9a4182c1f990b622e2af62d2ebcb17,iowa_lottery_lotto_america,https://www.ialottery.com/Pages/Games-Online/LottoAmericaWin.aspx,5283113fd8d213e93c91622a4e92e538f83b709e409c1dda955fff0382882b11,f0a6ecad36d5a3294396962961f4a42a37c8e85924260ee0ca426da7ebef6fb3
lotto_america,2025-08-23,musl_lotto_america,https://www.powerball.com/draw-result?date=2025-08-23&gc=lotto-america,b8ed22e60500c5108ef2a3db52c935b98618571677b6cd831a93b6943ad66b93,e4fd925f50d5394290a63e508338313e94c8a7ad61623ecbd15c34c1b9d8c947,iowa_lottery_lotto_america,https://www.ialottery.com/Pages/Games-Online/LottoAmericaWin.aspx,e310c28dcacf28252f1c0b3a2079762b5286b6ea0bd3f67aec4c52c2db9a4009,f0a6ecad36d5a3294396962961f4a42a37c8e85924260ee0ca426da7ebef6fb3
lotto_america,2025-08-25,musl_lotto_america,https://www.powerball.com/draw-result?date=2025-08-25&gc=lotto-america,30e654cccb3adc8df545ed840cb953a15ea54c3aebaa1bcf0cf1ad5a2ac7b270,42eb1d51d9f92883c8cbf46929393f1afa6f82766fc85ac6594e950180be9028,iowa_lottery_lotto_america,https://www.ialottery.com/Pages/Games-Online/LottoAmericaWin.aspx,51aeac7fb3ce5e353bfd5853c4a9afb19b8e360c9f52fa355c47a08951bebcf9,f0a6ecad36d5a3294396962961f4a42a37c8e85924260ee0ca426da7ebef6fb3
lotto_america,2025-08-27,musl_lotto_america,https://www.powerball.com/draw-result?date=2025-08-27&gc=lotto-america,0a7d3a439037ae1f0004a8e55571e265417dba74612cbc6a1279f5596acf95c2,bfcf059a68ba57b1b7c76ef6c97518b05658ed1f6b672aec8b14c97055830c55,iowa_lottery_lotto_america,https://www.ialottery.com/Pages/Games-Online/LottoAmericaWin.aspx,c372cde9a1e92f734a62589946d8e786db7ead2705521c3109c355c6d9e053bf,f0a6ecad36d5a3294396962961f4a42a37c8e85924260ee0ca426da7ebef6fb3
lotto_america,2025-08-30,musl_lotto_america,https://www.powerball.com/draw-result?date=2025-08-30&gc=lotto-america,529747bfb89c105f7fc82c92c16e0ee5e16ece71c7a1f803fdb2490ac6da180f,dd7fdecd72bcf8328efeea8839ad96958a3ba26e6b0ac0dcbf801c479eee7bcf,iowa_lottery_lotto_america,https://www.ialottery.com/Pages/Games-Online/LottoAmericaWin.aspx,a94c109e14ec71fa6fcccf12c343847721614642d60744211ceea7870715002a,f0a6ecad36d5a3294396962961f4a42a37c8e85924260ee0ca426da7ebef6fb3
lotto_america,2025-09-01,musl_lotto_america,https://www.powerball.com/draw-result?date=2025-09-01&gc=lotto-america,85b1b416a75e1e55591bfb894a8406e097cae715e73d18b405474ac28959e795,59d1c26a095624177007098a7abc4aa4818b58149903558c8cbff1b603da29ee,iowa_lottery_lotto_america,https://www.ialottery.com/Pages/Games-Online/LottoAmericaWin.aspx,bc728d31fd939e4bc87a5fd4e9320cd3991f4e5aa579fe5a00e93b325ed5e119,f0a6ecad36d5a3294396962961f4a42a37c8e85924260ee0ca426da7ebef6fb3
lotto_america,2025-09-03,musl_lotto_america,https://www.powerball.com/draw-result?date=2025-09-03&gc=lotto-america,13ccef6701b44bfea29841a225b73fbbd757e894cbc49b97d55f982123ca16ae,b5536881dca375d62617b4eb349a0877bcce7dbf67ab8dd9e69c76b5031254f2,iowa_lottery_lotto_america,https://www.ialottery.com/Pages/Games-Online/LottoAmericaWin.aspx,1d8abd3acba2c908951c025e50d763b5a412a8db8e6947040de84c96fdd1a64a,43ef2edf430559634458d51df830e6b10a7e96a11d0e82a82e9ba95baed17032
lotto_america,2025-09-06,musl_lotto_america,https://www.powerball.com/draw-result?date=2025-09-06&gc=lotto-america,86b4e3bbe6d2defdf7c12b1cf8ffc59b3e63a930e6c96d2185d5724904395473,fa850c18384685d47672c57ac9da2d93417fe46e5371179c3d55cb8baba6e066,iowa_lottery_lotto_america,https://www.ialottery.com/Pages/Games-Online/LottoAmericaWin.aspx,57613c29205cafe4638e7b3aaeee373c180ef12bde336671824b8a988828935c,43ef2edf430559634458d51df830e6b10a7e96a11d0e82a82e9ba95baed17032
lotto_america,2025-09-08,musl_lotto_america,https://www.powerball.com/draw-result?date=2025-09-08&gc=lotto-america,6a0a33eb5f4cc5b931ad4cc2fbf5211205e065a6ba4c41f09b532c9231f19f4a,7ef91ad4e8b614660907fafcd0ff69f1b5fac057610a0b53aced73e6a57c70d9,iowa_lottery_lotto_america,https://www.ialottery.com/Pages/Games-Online/LottoAmericaWin.aspx,464a9cb0391e864f453ceb537e5ce3ab34d7b198e24687b98db5a7203fa18b3d,43ef2edf430559634458d51df830e6b10a7e96a11d0e82a82e9ba95baed17032
lotto_america,2025-09-10,musl_lotto_america,https://www.powerball.com/draw-result?date=2025-09-10&gc=lotto-america,55599a1830127c2a341969de6a8a81d8558c659b0db111186720017e36b4c75a,9aa720b83b4222881375b1b03a043f5520995970ef17484c2484d55f4e1edbe0,iowa_lottery_lotto_america,https://www.ialottery.com/Pages/Games-Online/LottoAmericaWin.aspx,4eea52f91e67f305fbfa1e9197381336a108d208200981df656e46ac8b41d152,43ef2edf430559634458d51df830e6b10a7e96a11d0e82a82e9ba95baed17032
lotto_america,2025-09-13,musl_lotto_america,https://www.powerball.com/draw-result?date=2025-09-13&gc=lotto-america,0cf3df81dc45619a294dab007ee45b1f6af95954e0ebdbe83143646de8fddf8f,5a27227a32928cfa6091d958886910796b7fae6161719e89648ce72b60dbf734,iowa_lottery_lotto_america,https://www.ialottery.com/Pages/Games-Online/LottoAmericaWin.aspx,3905a9e9e52161e98e4230e1a47dfcae97709da9d56887938ab1bffcdc4dcfd7,43ef2edf430559634458d51df830e6b10a7e96a11d0e82a82e9ba95baed17032
lotto_america,2025-09-15,musl_lotto_america,https://www.powerball.com/draw-result?date=2025-09-15&gc=lotto-america,bc72035486890ea16fd834a2ff31b4892c73e703343fb2227942b3112b5bf52c,b9c0e8106538e4b8a874f83d2af5c16cc66973ce7343b86f0d2110659a1c8972,iowa_lottery_lotto_america,https://www.ialottery.com/Pages/Games-Online/LottoAmericaWin.aspx,4657c3d22ddf49559d2bd8b91305dc7c11e27fe8354be778f0b1bbca103b4cc2,43ef2edf430559634458d51df830e6b10a7e96a11d0e82a82e9ba95baed17032
lotto_america,2025-09-17,musl_lotto_america,https://www.powerball.com/draw-result?date=2025-09-17&gc=lotto-america,8c35128b59662b1804799cc70b67f48875fd3f76881bc3ba8d9363dbcdfc8d24,6f53ed87e06f16c1ec96dfd775b28e95e1d72af4509d7785cf27fb73053c15ba,iowa_lottery_lotto_america,https://www.ialottery.com/Pages/Games-Online/LottoAmericaWin.aspx,0aa6ffdeeba149de1b7bd4646ce0ff35c393dc59d7037ed8f949276d3e380acb,43ef2edf430559634458d51df830e6b10a7e96a11d0e82a82e9ba95baed17032
lotto_america,2025-09-20,musl_lotto_america,https://www.powerball.com/draw-result?date=2025-09-20&gc=lotto-america,840bd27d5ae1c7e7b566e223d2f32777e7d44b89ea85705845c65d31f265c5d5,9256f73af40576ccf6abace46eef40753d38daaf35d675dfc50a4b835ea3cec6,iowa_lottery_lotto_america,https://www.ialottery.com/Pages/Games-Online/LottoAmericaWin.aspx,47cd494dc31a824f13daf4ac439a52445585a3701c6144da3fdd1dded3510d4e,43ef2edf430559634458d51df830e6b10a7e96a11d0e82a82e9ba95baed17032
lotto_america,2025-09-22,musl_lotto_america,https://www.powerball.com/draw-result?date=2025-09-22&gc=lotto-america,5d02a827a74abbe2c42d4c5fc7d999547066464a522f924a107027b43ccd3d24,87b37923cf7355631e02150b737ef4a168ad6912f87b8f9d01e52bb25c746ff3,iowa_lottery_lotto_america,https://www.ialottery.com/Pages/Games-Online/LottoAmericaWin.aspx,91a550447b9af355a4e5dbb8d0386ea68391878563c3103cb5cc51b76f447833,43ef2edf430559634458d51df830e6b10a7e96a11d0e82a82e9ba95baed17032
lotto_america,2025-09-24,musl_lotto_america,https://www.powerball.com/draw-result?date=2025-09-24&gc=lotto-america,9d933bb0078b64027c7ff39efe0f444e98f9e82f12b6ae1e5e225698f45cccdc,441a83e04c7cf2ccabb279cad0e31202e669d493499cefbb2915b6a209edf4d5,iowa_lottery_lotto_america,https://www.ialottery.com/Pages/Games-Online/LottoAmericaWin.aspx,c0d3b016d31ae35d18fd21d3617288bd2967d4749dd267aa07d2337771cea75d,43ef2edf430559634458d51df830e6b10a7e96a11d0e82a82e9ba95baed17032
lotto_america,2025-09-27,musl_lotto_america,https://www.powerball.com/draw-result?date=2025-09-27&gc=lotto-america,f10f1886db40bd53be60287c5e44ca1ff7be90765671596292a5ae79a727f6e9,43e1a7e4d853979a3894c962889ffe5ef420d1050e059bd75e16d6f5d86219b0,iowa_lottery_lotto_america,https://www.ialottery.com/Pages/Games-Online/LottoAmericaWin.aspx,2c5cd6ab016bb062af04ae6c927705d3fd786a8fcde664a817ad20163a95b3e7,43ef2edf430559634458d51df830e6b10a7e96a11d0e82a82e9ba95baed17032
lotto_america,2025-09-29,musl_lotto_america,https://www.powerball.com/draw-result?date=2025-09-29&gc=lotto-america,a841242b92dafa9f4a029a83bb6bf467d27979197d95e567190d1f54b14c0636,4a4e000e16ae3dea4b4ab1b0f6e3729247886b73eae99ff675eaa543ab0e6bea,iowa_lottery_lotto_america,https://www.ialottery.com/Pages/Games-Online/LottoAmericaWin.aspx,0a124e88ffb43649eb3d3bca99ceaf1e98b7a9a978eb5bc83b1e24d24c4f51c9,43ef2edf430559634458d51df830e6b10a7e96a11d0e82a82e9ba95baed17032
lotto_america,2025-10-01,musl_lotto_america,https://www.powerball.com/draw-result?date=2025-10-01&gc=lotto-america,349e18129ad13acd2366b52ff488b0c8bd94c485174d9854b4114c4ed5e87dcb,8bfabc50c7f44a9cda8ae713f4e098adb9ca23357c65292f031ad43b440a6857,iowa_lottery_lotto_america,https://www.ialottery.com/Pages/Games-Online/LottoAmericaWin.aspx,f6214fb10cc6a1d9e707f6c48ea195c7e5bcdc4820fc11afb769efa6c9046158,43ef2edf430559634458d51df830e6b10a7e96a11d0e82a82e9ba95baed17032
lotto_america,2025-10-04,musl_lotto_america,https://www.powerball.com/draw-result?date=2025-10-04&gc=lotto-america,cd5db9a09b2a7cb57569ffc7b78897b62b3b97af0ee7e287bdb2b67d05fe2690,06290dd819f50dbb6c8fcf0424125fc966187687e8feb22a685d69230edf487f,iowa_lottery_lotto_america,https://www.ialottery.com/Pages/Games-Online/LottoAmericaWin.aspx,8a9f9aae92f90f44d30c6b372ac84b0fd8e217a74f3922346f554550a5fe7296,76ae107c506c448b67baaef82e422702fd00521dabb49ec6094ce62e54c6105c
lotto_america,2025-10-06,musl_lotto_america,https://www.powerball.com/draw-result?date=2025-10-06&gc=lotto-america,b3e230b2a2fe75bc6ee4679eca32c9822350b973fdc4ca565c77347d8d8c2a96,e0a48f6434a0ec978a077c4f3f68c9d42943304bb549a567e4ce0d0b1175dfad,iowa_lottery_lotto_america,https://www.ialottery.com/Pages/Games-Online/LottoAmericaWin.aspx,8e25737ae388f91ac738a65492e78c692caeb774aa0615565733fd7bf2a6e4d4,76ae107c506c448b67baaef82e422702fd00521dabb49ec6094ce62e54c6105c
lotto_america,2025-10-08,musl_lotto_america,https://www.powerball.com/draw-result?date=2025-10-08&gc=lotto-america,ef076e4bac0984daff3fb50c67186f7a7df6d11603b58f0d817be9c8e7cbfe14,01004b853629030d5d9482530079fc5b23af1c6fd29eba4eadda928324370e55,iowa_lottery_lotto_america,https://www.ialottery.com/Pages/Games-Online/LottoAmericaWin.aspx,ed25d43b9f157e8ad8983331143a4b9c2ef21f7bbc1d3a6c89d734e022cc6846,76ae107c506c448b67baaef82e422702fd00521dabb49ec6094ce62e54c6105c
lotto_america,2025-10-11,musl_lotto_america,https://www.powerball.com/draw-result?date=2025-10-11&gc=lotto-america,04d7516bef4c2603e00f2815e5d607c8a74ad92d33c489174804833b5b3afc49,6fef080ef27bb627761160becef11c55218559c4d0119aa5baf5fb3180307307,iowa_lottery_lotto_america,https://www.ialottery.com/Pages/Games-Online/LottoAmericaWin.aspx,479f3a4bfb7324863716ff95526553aa2ecd271648848b63b77d9b579460c33c,76ae107c506c448b67baaef82e422702fd00521dabb49ec6094ce62e54c6105c
lotto_america,2025-10-13,musl_lotto_america,https://www.powerball.com/draw-result?date=2025-10-13&gc=lotto-america,0142bdf5e5e8754dd3361672d5d6af71b56013e22e7c725c42d98d6829b4d557,ff33b428c2d55a6d0a7f4daf4d41c490bb0ab89ed7182ac6c27f760153a63c19,iowa_lottery_lotto_america,https://www.ialottery.com/Pages/Games-Online/LottoAmericaWin.aspx,6cf0188aef62ee5eda416d56b666aa0748042e2b3bdeacbbe32d1c4bbe0276bb,76ae107c506c448b67baaef82e422702fd00521dabb49ec6094ce62e54c6105c
lotto_america,2025-10-15,musl_lotto_america,https://www.powerball.com/draw-result?date=2025-10-15&gc=lotto-america,095d67e3ef6becfb707e8f1ddf53dc698a4b49519b26d536ea6db7c7e98ddb85,32f64120281e65014cc663c77e1caac357f7ac77153fbf85d503420cf7fc232c,iowa_lottery_lotto_america,https://www.ialottery.com/Pages/Games-Online/LottoAmericaWin.aspx,851ab7b3830e03f912d9c47671640e50114836b830c7ee07de7225c7876b4cb8,76ae107c506c448b67baaef82e422702fd00521dabb49ec6094ce62e54c6105c
lotto_america,2025-10-18,musl_lotto_america,https://www.powerball.com/draw-result?date=2025-10-18&gc=lotto-america,84f3556fba3815749667ac1c2d5587dde91d480f3efcd20a13806e49c70d3bd4,9e264124326f116da123a3b681d5e5fe0de8a0c7b784691b462c5a6bcaa80c63,iowa_lottery_lotto_america,https://www.ialottery.com/Pages/Games-Online/LottoAmericaWin.aspx,9d610b3daeec5535c1e9ed292c27af3748a505ef82c5aee8d5bbaa616caba534,76ae107c506c448b67baaef82e422702fd00521dabb49ec6094ce62e54c6105c
lotto_america,2025-10-20,musl_lotto_america,https://www.powerball.com/draw-result?date=2025-10-20&gc=lotto-america,4adb474ff940872fbebf628790cd58d25ca92b5568920f0e1e6cbaa5be14673a,9125a27e9a612e8049cf3b94eb46ce70a708e44292441102febba02e9e0e1785,iowa_lottery_lotto_america,https://www.ialottery.com/Pages/Games-Online/LottoAmericaWin.aspx,3dc8a50494f5e9484d90b74e6339db058f4eb2ec94c979c47f82e11b2eb35285,76ae107c506c448b67baaef82e422702fd00521dabb49ec6094ce62e54c6105c
lotto_america,2025-10-22,musl_lotto_america,https://www.powerball.com/draw-result?date=2025-10-22&gc=lotto-america,3e8314b5e3049696cda0057ed1c592f0769f7b60fe94a87be471e06c543ea2f1,d77a8a5957719caf91b4d2549c114489c3cc959f4e31d3e95c48e86f2a359192,iowa_lottery_lotto_america,https://www.ialottery.com/Pages/Games-Online/LottoAmericaWin.aspx,1d184fc99f18a91cdb123711781b3f25d50e6d0819ef7268d02fe5a0ad82a71c,76ae107c506c448b67baaef82e422702fd00521dabb49ec6094ce62e54c6105c
lotto_america,2025-10-25,musl_lotto_america,https://www.powerball.com/draw-result?date=2025-10-25&gc=lotto-america,a7f40b1fd9ee767517be7d9b3f48a6f553f627053d61cd96324ede401071d66c,78ab3e746a6197fa30c98d07670b28985908ef6cae57344cf04eebc4413ddb67,iowa_lottery_lotto_america,https://www.ialottery.com/Pages/Games-Online/LottoAmericaWin.aspx,490654f5c80baaa6f20eee659d75afa0eab0d24f8131e419ee0bd82aea4dd1c7,76ae107c506c448b67baaef82e422702fd00521dabb49ec6094ce62e54c6105c
lotto_america,2025-10-27,musl_lotto_america,https://www.powerball.com/draw-result?date=2025-10-27&gc=lotto-america,c57ff192162ff992f67ef1af0ff2d8f4fa3927a30599938017316045ae95327f,49714ace6949bfedb4acf6c859b27b9df8be2c813af14760a4e2b1e72f1a7e2c,iowa_lottery_lotto_america,https://www.ialottery.com/Pages/Games-Online/LottoAmericaWin.aspx,a57a63fde86fc76df46caf503771710e6a60f608b1d55c764489cbe6f3d3df67,76ae107c506c448b67baaef82e422702fd00521dabb49ec6094ce62e54c6105c
lotto_america,2025-10-29,musl_lotto_america,https://www.powerball.com/draw-result?date=2025-10-29&gc=lotto-america,1d5a26d8f7fb376546bc97fb9f9e6b4dab59d0fe83c6971296256052a7b9f186,ce37637430b45158c8fd27211f4236fe372f08ccc296c983b950191486294c30,iowa_lottery_lotto_america,https://www.ialottery.com/Pages/Games-Online/LottoAmericaWin.aspx,c0c6afb23551500c13a7aac450f5d4a992990ea53fb0dc9536ea8a806c3241be,76ae107c506c448b67baaef82e422702fd00521dabb49ec6094ce62e54c6105c
lotto_america,2025-11-01,musl_lotto_america,https://www.powerball.com/draw-result?date=2025-11-01&gc=lotto-america,72bc1bcf203501070fa8cc3b55b85e1f02299d508ba07181973214437b99d080,e9475efd209a1983f17321fe4934237e4a003ed2a0103252e65e5695642d4b9d,iowa_lottery_lotto_america,https://www.ialottery.com/Pages/Games-Online/LottoAmericaWin.aspx,7675cf32feb0f906e162a49734ae5b9ac36a645ae3718cc018df743d32aebcf3,76ae107c506c448b67baaef82e422702fd00521dabb49ec6094ce62e54c6105c
lotto_america,2025-11-03,musl_lotto_america,https://www.powerball.com/draw-result?date=2025-11-03&gc=lotto-america,7e5c7c21b1ee9142006dbd6c1e4e43eb4acba8f965305bb23b935f2533d9e10f,ffb0d2a5e1f3a0af52a040e9054d7ebc99e94185096756183dc118ae8be8dffc,iowa_lottery_lotto_america,https://www.ialottery.com/Pages/Games-Online/LottoAmericaWin.aspx,24bc85496094cd666771a9274bc532df5b46d7f4be0f2a351051231cb9f6e402,f85fd301c4f4901017e5219eab7e932f142bd6062fb4b4dd1516e477a2ca31af
lotto_america,2025-11-05,musl_lotto_america,https://www.powerball.com/draw-result?date=2025-11-05&gc=lotto-america,de628715266e9a686f0311e337c1810b4c0a125686f3c4c641937da76a4b602c,27a430a888bc01c21afeb3745a1a1e29b40795a22bf2211af5ca1a32a7b47ec6,iowa_lottery_lotto_america,https://www.ialottery.com/Pages/Games-Online/LottoAmericaWin.aspx,7912026de8c454390eccba875f95f53e6ba74090f10140f852ed4b0d7f79ca82,e195f744a5084580793368a8ec0841e679de7c5717842ccd8e2b3c84e9b578f9
lotto_america,2025-11-08,musl_lotto_america,https://www.powerball.com/draw-result?date=2025-11-08&gc=lotto-america,acf20c23db3c0729f55c732700df282b419c5fef914b9aeb06a77c09a7c13214,c7c4a4025b46adabac2f65b288ff3bcbf6352cccbc1306644415404b206f6fdd,iowa_lottery_lotto_america,https://www.ialottery.com/Pages/Games-Online/LottoAmericaWin.aspx,5d43bb5729c54f3c696f4714984bbb57afe6456196f09eee89822df6c8c348e3,e195f744a5084580793368a8ec0841e679de7c5717842ccd8e2b3c84e9b578f9
lotto_america,2025-11-10,musl_lotto_america,https://www.powerball.com/draw-result?date=2025-11-10&gc=lotto-america,874e41daa91c627dbbc96ae9bf6bc0ca488b60de0e7675bd36d608f924ebcf4e,694901396cd9cfdacb5c0b9da32effd872e6769a7e1b209a677bd31c270c930e,iowa_lottery_lotto_america,https://www.ialottery.com/Pages/Games-Online/LottoAmericaWin.aspx,e8d416a55683688abc0c2742003bd4b2dd9b97772815a2ae0338a7180aee1603,e195f744a5084580793368a8ec0841e679de7c5717842ccd8e2b3c84e9b578f9
lotto_america,2025-11-12,musl_lotto_america,https://www.powerball.com/draw-result?date=2025-11-12&gc=lotto-america,2835c794494f98df6473638aa5f21e99ce0367f2c867da088e6b1677ea61e2d0,fce77d5d258bf0ade45771a1d59daea5bb01e8a3dcbb691f7ccc97dc514a3efa,iowa_lottery_lotto_america,https://www.ialottery.com/Pages/Games-Online/LottoAmericaWin.aspx,c8d1df3389efc9d6d9720e2dba6e06ec6ea59b46125bcc4b1e8f22c4df53e215,e195f744a5084580793368a8ec0841e679de7c5717842ccd8e2b3c84e9b578f9
lotto_america,2025-11-15,musl_lotto_america,https://www.powerball.com/draw-result?date=2025-11-15&gc=lotto-america,bfcd057cdf691aa279c171c2135a1a1614e0189fe8b1ca581dd9f5edd15aa918,c42ffd7b18cf33b3e19905f3624a8301ee845090940c6d0fd44ac4c01e5ec4d5,iowa_lottery_lotto_america,https://www.ialottery.com/Pages/Games-Online/LottoAmericaWin.aspx,b18f7b30ff7d6f477919ebd2310418e7597f1ae6735033618373f4c3d2f4577a,e195f744a5084580793368a8ec0841e679de7c5717842ccd8e2b3c84e9b578f9
lotto_america,2025-11-17,musl_lotto_america,https://www.powerball.com/draw-result?date=2025-11-17&gc=lotto-america,f374f7c716b74c4f2dbb9910f20157b17472e093be93ff4e265f835f0302eeab,f3541c472ffc1659de1da41119b0f38582c74eee086411646d85e2a1092ae46b,iowa_lottery_lotto_america,https://www.ialottery.com/Pages/Games-Online/LottoAmericaWin.aspx,bee8883b87bb88329f410109f5ceacdf6d18912c992aec46a0866e3eee12fffd,e195f744a5084580793368a8ec0841e679de7c5717842ccd8e2b3c84e9b578f9
lotto_america,2025-11-19,musl_lotto_america,https://www.powerball.com/draw-result?date=2025-11-19&gc=lotto-america,48d3c32a555254170df5ac8049f91b59bf65116b5f4ada7a0b2c443f214afd4e,7de711e6554614816fbf024966970c828b828c7ee3a201cdbe16137e0ec30da0,iowa_lottery_lotto_america,https://www.ialottery.com/Pages/Games-Online/LottoAmericaWin.aspx,1d0e9fbf1e4a4ded1e831372ab9adb1cee67e2a664f78e53e5dda7dc0fc7d565,e195f744a5084580793368a8ec0841e679de7c5717842ccd8e2b3c84e9b578f9
lotto_america,2025-11-22,musl_lotto_america,https://www.powerball.com/draw-result?date=2025-11-22&gc=lotto-america,57212fbcc012b5a6d5278c7871323a64d0cd6cfa66ab74cdc424dd6329cffffb,33537b223df74da8f3bcbbb037ffbb898a12ccaa4dde78d907e34fb196a1978f,iowa_lottery_lotto_america,https://www.ialottery.com/Pages/Games-Online/LottoAmericaWin.aspx,79da14d2e339bcde7387ea1587823d8d86b18c4099e7982afe77fcc878521d83,e195f744a5084580793368a8ec0841e679de7c5717842ccd8e2b3c84e9b578f9
lotto_america,2025-11-24,musl_lotto_america,https://www.powerball.com/draw-result?date=2025-11-24&gc=lotto-america,48d5e4fbe7205063238aef69eb051e94ebe6461961e1ba2034546dbc9d856bae,c874706a51749633a91b84d617e4352497cda338325037467985885f8eff1802,iowa_lottery_lotto_america,https://www.ialottery.com/Pages/Games-Online/LottoAmericaWin.aspx,1462897d5211568ce8bb49ca008412c2410222c81d28e9b9748df030a8456fa6,e195f744a5084580793368a8ec0841e679de7c5717842ccd8e2b3c84e9b578f9
lotto_america,2025-11-26,musl_lotto_america,https://www.powerball.com/draw-result?date=2025-11-26&gc=lotto-america,068548370aa39fe799edfea7d9a32a35d903d77f3fba703cbe1838f884d6ee73,2d5bfa3f72ab2f7605e233cb7e1280dba38cb8b87046458c8a4e848e5fb50269,iowa_lottery_lotto_america,https://www.ialottery.com/Pages/Games-Online/LottoAmericaWin.aspx,b28d0818852956f384034dea893de3b59619fd12c69fc87b71ad83b723019333,e195f744a5084580793368a8ec0841e679de7c5717842ccd8e2b3c84e9b578f9
lotto_america,2025-11-29,musl_lotto_america,https://www.powerball.com/draw-result?date=2025-11-29&gc=lotto-america,507e32255f9f6077c9a6f1a4f0e2f1cd21676c28932dcefb9a86f1100294bf45,9388cbce7c0428919b2657d7f7d0e8d8b269630d3fe91d500eb5b2b5eabd65ad,iowa_lottery_lotto_america,https://www.ialottery.com/Pages/Games-Online/LottoAmericaWin.aspx,7a88a4bc9c9f11a47904ac0bc939a6671f55da9cc9863c47f212379b1ee7e0ed,e195f744a5084580793368a8ec0841e679de7c5717842ccd8e2b3c84e9b578f9
lotto_america,2025-12-01,musl_lotto_america,https://www.powerball.com/draw-result?date=2025-12-01&gc=lotto-america,783cf017e99d98ea49855d8a7209051fdc143bcacfe371385b5d0ce0a40984b0,05954da8e6770ad3e47c2b80d6da5a09762573e598ec359c2b8fbc7819d44bc1,iowa_lottery_lotto_america,https://www.ialottery.com/Pages/Games-Online/LottoAmericaWin.aspx,e2c4f4e8c0290f2acc36fa091a3f7b95da242dd844f42f3c13421acf5273680c,e195f744a5084580793368a8ec0841e679de7c5717842ccd8e2b3c84e9b578f9
lotto_america,2025-12-03,musl_lotto_america,https://www.powerball.com/draw-result?date=2025-12-03&gc=lotto-america,20d8729bb46d259fd6f1a58c7e624de489725bae11c073ea8c3e688e75c467eb,22d26c9821a5eb21b14094df0ef17716c7a14ebd25289664d7be420c5f885154,iowa_lottery_lotto_america,https://www.ialottery.com/Pages/Games-Online/LottoAmericaWin.aspx,924cd87953f7b0012709c010d1b3522b161baa202e55d90b71c39e97be16856a,e195f744a5084580793368a8ec0841e679de7c5717842ccd8e2b3c84e9b578f9
lotto_america,2025-12-06,musl_lotto_america,https://www.powerball.com/draw-result?date=2025-12-06&gc=lotto-america,3af9b592865a41a67b75bf9288ecfc962cf76af01b5df6dd56b10478650f5700,a2edbb7e555b8151c06ed87a77107e5eabb327480e14417c581af79e7cdced0d,iowa_lottery_lotto_america,https://www.ialottery.com/Pages/Games-Online/LottoAmericaWin.aspx,cc710f92f5a7f945f076e7230cc29501125c5866e6d46f88e122697085330540,6dce78d0454a8c6a1695594ec125bf81d2e2f8948b44d72a73c66f53a147fb08
lotto_america,2025-12-08,musl_lotto_america,https://www.powerball.com/draw-result?date=2025-12-08&gc=lotto-america,4d987badee71d6fc1bd55e8d73639d059e18a666e79bffe8bf30156b94d5cabe,c7d079432b40a1577d8ffada37a08e9cc610442d681d57b848da96c63529ca62,iowa_lottery_lotto_america,https://www.ialottery.com/Pages/Games-Online/LottoAmericaWin.aspx,d899626c111485c290ae5f6ab1f1fa65881ff4063e6241f431433248519f7e8a,6dce78d0454a8c6a1695594ec125bf81d2e2f8948b44d72a73c66f53a147fb08
lotto_america,2025-12-10,musl_lotto_america,https://www.powerball.com/draw-result?date=2025-12-10&gc=lotto-america,188cc3164d08e14a5ebe32ac16a007ee94f5e335c0ffcdd4a937f290b8b47569,df8f7d99c7410f7e76d0f45d9de90fb20db241b80d4b4138f383ddf97755b1f2,iowa_lottery_lotto_america,https://www.ialottery.com/Pages/Games-Online/LottoAmericaWin.aspx,71f95ed5b3e54c64b3317910f27a42084527f8a30f8f9396b6a8f1ec9241d962,6dce78d0454a8c6a1695594ec125bf81d2e2f8948b44d72a73c66f53a147fb08
lotto_america,2025-12-13,musl_lotto_america,https://www.powerball.com/draw-result?date=2025-12-13&gc=lotto-america,69be5f7bc503dfb2a73ea098986f19f415cde4ed65bdfdf41c72e1904fec2c5b,da4ebe4772b429b95895e7c60bf63ab89d1afd903e8810cfad0914db74ea8626,iowa_lottery_lotto_america,https://www.ialottery.com/Pages/Games-Online/LottoAmericaWin.aspx,0ea2ddcedcbe6fc8d89abcb907bec547845fa17fe5fa5457caa73814129a8aa9,6dce78d0454a8c6a1695594ec125bf81d2e2f8948b44d72a73c66f53a147fb08
lotto_america,2025-12-15,musl_lotto_america,https://www.powerball.com/draw-result?date=2025-12-15&gc=lotto-america,76e1c56e9f2143e632887686fdd9430a61bc5597308071fc1b4b77428a268eec,9ed70d8106379f51538d90001015eae360767dbeb2bc8d76818d27ad66c8b306,iowa_lottery_lotto_america,https://www.ialottery.com/Pages/Games-Online/LottoAmericaWin.aspx,623874cdef17e93c863ac8ff4a5304391800c7f1f3eebb487fbe821ceda5f59d,6dce78d0454a8c6a1695594ec125bf81d2e2f8948b44d72a73c66f53a147fb08
lotto_america,2025-12-17,musl_lotto_america,https://www.powerball.com/draw-result?date=2025-12-17&gc=lotto-america,3e53ba84ae4b8ddec116f9527adcda76be4e803b2479b6ee0b4862224be0d5f4,66c43df55ecf54747bcb3c39efcfaa1faa7ff576fc5490ae899c035c91882225,iowa_lottery_lotto_america,https://www.ialottery.com/Pages/Games-Online/LottoAmericaWin.aspx,9a7323ce29179504f5ab1aae5eb246147956516dfda28acb07916806361605bf,6dce78d0454a8c6a1695594ec125bf81d2e2f8948b44d72a73c66f53a147fb08
lotto_america,2025-12-20,musl_lotto_america,https://www.powerball.com/draw-result?date=2025-12-20&gc=lotto-america,e60f2dbb229455ad4f28844f3a6fe59d49579c0e83ae9ef9b34376de911fff9b,723362d41b6daae4993012ccd07517264c1d8c89f9dc0fa92f61f763b762db19,iowa_lottery_lotto_america,https://www.ialottery.com/Pages/Games-Online/LottoAmericaWin.aspx,47631e2c21c69a984100c867826fff8b807b51b411fe95b8b177bf354f66b4ca,6dce78d0454a8c6a1695594ec125bf81d2e2f8948b44d72a73c66f53a147fb08
lotto_america,2025-12-22,musl_lotto_america,https://www.powerball.com/draw-result?date=2025-12-22&gc=lotto-america,2555ad410dba748c5f43b0d57a8693756dec978ba3ca5ccfcc380dced2a6e541,1106431d2ff73fb13508aa54305cc96c93700f5ad09902edc66821ae4816ff7f,iowa_lottery_lotto_america,https://www.ialottery.com/Pages/Games-Online/LottoAmericaWin.aspx,ee4488a9b0ef400e5544464299c5ef0948276f68a5770af157af3b944dc478d9,6dce78d0454a8c6a1695594ec125bf81d2e2f8948b44d72a73c66f53a147fb08
lotto_america,2025-12-24,musl_lotto_america,https://www.powerball.com/draw-result?date=2025-12-24&gc=lotto-america,adda04b1b99d9cea5013f1f225c52ea8f9626b6ac451605ede63571c29c1ab1d,f6339495590e36f079c28d0148c698ef5c06aa43d32abf3b19affaa38418c553,iowa_lottery_lotto_america,https://www.ialottery.com/Pages/Games-Online/LottoAmericaWin.aspx,3992c6e4c693d38974bbb36dd4aeed9a2e38cd1760c617c4ede1ee7d85665ff2,6dce78d0454a8c6a1695594ec125bf81d2e2f8948b44d72a73c66f53a147fb08
lotto_america,2025-12-27,musl_lotto_america,https://www.powerball.com/draw-result?date=2025-12-27&gc=lotto-america,6337c82408a23e40483339b3b642b9d08894c8e336b44d15c8921691658b187a,df27be7bde4551024bf4c8c7732ff3c6c8fec1c4792959951cc0dcba43795c98,iowa_lottery_lotto_america,https://www.ialottery.com/Pages/Games-Online/LottoAmericaWin.aspx,ab0c236fc6de8340460d651c2195f302ccdcfd90d6efe0e5e2d8a7ef53cce501,6dce78d0454a8c6a1695594ec125bf81d2e2f8948b44d72a73c66f53a147fb08
lotto_america,2025-12-29,musl_lotto_america,https://www.powerball.com/draw-result?date=2025-12-29&gc=lotto-america,094df8af11e40518e51166e450e051b0198a246aebabbe96e926eff5fa4ea27d,1e6c810a044a089ec3902238a37c37658482fccf9840678a76aef37a954914e8,iowa_lottery_lotto_america,https://www.ialottery.com/Pages/Games-Online/LottoAmericaWin.aspx,9816e38abbc048ae9bc6c3430f9e3a87b735187b20885d55954403a388bbe592,6dce78d0454a8c6a1695594ec125bf81d2e2f8948b44d72a73c66f53a147fb08
lotto_america,2025-12-31,musl_lotto_america,https://www.powerball.com/draw-result?date=2025-12-31&gc=lotto-america,279d6609c4c445f4b5f294908c5fcb89235ae8a89a7dd57e989f28f1eb075224,d28c5bb123fa9defef5de3ca84e1e746f4ec3edab7df31a2bf44fb700ab29278,iowa_lottery_lotto_america,https://www.ialottery.com/Pages/Games-Online/LottoAmericaWin.aspx,28ee8d59a7e7a868a1579b55e7adbf444aad3e7ba038b38764d52081e3919030,6dce78d0454a8c6a1695594ec125bf81d2e2f8948b44d72a73c66f53a147fb08
lotto_america,2026-01-03,musl_lotto_america,https://www.powerball.com/draw-result?date=2026-01-03&gc=lotto-america,9775c95be81e83c7d7396a6ae7387a93f70afffad6310eeabb3a0a3851a7ce93,29cb63512db695deb056fdd589a4746de04813e14c402177c42e4011450670ca,iowa_lottery_lotto_america,https://www.ialottery.com/Pages/Games-Online/LottoAmericaWin.aspx,23123238147062b0e1b7d4a3dc71a99c43db1da628e972a661d8c8c26930f6b9,6dce78d0454a8c6a1695594ec125bf81d2e2f8948b44d72a73c66f53a147fb08
lotto_america,2026-01-05,musl_lotto_america,https://www.powerball.com/draw-result?date=2026-01-05&gc=lotto-america,2965f6613e59baadd9654f8c179c38065851a3130cd312732a8991dae67f7f53,7923e5a3f4a6ce4a35dfc6268bb4526e6a0114f759a3a0a6e3bdd6069135956f,iowa_lottery_lotto_america,https://www.ialottery.com/Pages/Games-Online/LottoAmericaWin.aspx,26487f8800b441779241cb4023a774890662a8c0e0d2fcd5a3cb30cff0f4ea97,305f90526d9118a10073dfcac825b3483435f00a7784a65f611c24b7483d3d66
lotto_america,2026-01-07,musl_lotto_america,https://www.powerball.com/draw-result?date=2026-01-07&gc=lotto-america,56f62258844fbec0c10f1f17dceb1ec2181231d2565dcaf24c935d065ba7a924,30e040c434eca7d9f80dd92cddf54a8fc326412b1369ded5b50dfdb4296b9655,iowa_lottery_lotto_america,https://www.ialottery.com/Pages/Games-Online/LottoAmericaWin.aspx,3990b2578b291c152c46b4223000dcefaeb598d36fd9c8fc45f7675ad50b1478,305f90526d9118a10073dfcac825b3483435f00a7784a65f611c24b7483d3d66
lotto_america,2026-01-10,musl_lotto_america,https://www.powerball.com/draw-result?date=2026-01-10&gc=lotto-america,e90b25712f005cf804eaeb91f4b6c1b227e52192270e8526384d38743a6aadb9,5567164f98767c273d7d951a87cf8d2089f34c12f5c38f8ff29eebb6440c20ac,iowa_lottery_lotto_america,https://www.ialottery.com/Pages/Games-Online/LottoAmericaWin.aspx,f122b72a7320ca556e866239a373e746fc1f79ccb1b970e1cfd7285384c308d7,305f90526d9118a10073dfcac825b3483435f00a7784a65f611c24b7483d3d66
lotto_america,2026-01-12,musl_lotto_america,https://www.powerball.com/draw-result?date=2026-01-12&gc=lotto-america,798f61d1652c50fd5b8a9c9a127ee708e6bbf0d9eb08ea3279df51bb5a6645ed,aff24efe6bb4b7f5c077ef206a6f6356c2be7659f04c639f5454a5ad67bb78e6,iowa_lottery_lotto_america,https://www.ialottery.com/Pages/Games-Online/LottoAmericaWin.aspx,cdca3090bca1156ec8664358550f950fe8acd475228ab5f6a8af6c583bc0c5c3,305f90526d9118a10073dfcac825b3483435f00a7784a65f611c24b7483d3d66
lotto_america,2026-01-14,musl_lotto_america,https://www.powerball.com/draw-result?date=2026-01-14&gc=lotto-america,bd2f843e345992357f86912db7fcf09062b8eeac70aa02632bd5561710da36a7,f294fe1e23946d2852b493531e070e951ed67ce3b9e5fe9b9590becf8a78be39,iowa_lottery_lotto_america,https://www.ialottery.com/Pages/Games-Online/LottoAmericaWin.aspx,4f2f0da854d3d350730a1014f3b118ed8a394dc73d2cc0efb881530e4fc8a1e9,305f90526d9118a10073dfcac825b3483435f00a7784a65f611c24b7483d3d66
lotto_america,2026-01-17,musl_lotto_america,https://www.powerball.com/draw-result?date=2026-01-17&gc=lotto-america,0dd3a1620355dfefacbd3124a3e8ec40a760285a821b6e50169dd36c944166a3,89519423e1a2fd9bb43e145e97d3c5bd8c0060ab08f97ee774faef684f7efd7a,iowa_lottery_lotto_america,https://www.ialottery.com/Pages/Games-Online/LottoAmericaWin.aspx,974255b4da2751f44da0b58565203987460a60e657150fbdc89e23bc7d7f8605,305f90526d9118a10073dfcac825b3483435f00a7784a65f611c24b7483d3d66
lotto_america,2026-01-19,musl_lotto_america,https://www.powerball.com/draw-result?date=2026-01-19&gc=lotto-america,9b7b55243ab5be4d6591f305849092a0c6a2e52560c2802d227d3654aaa51e0d,e764a44d708422a94745cb42098dbf9a5c73489b9ed5a26a2872ef11be4505ca,iowa_lottery_lotto_america,https://www.ialottery.com/Pages/Games-Online/LottoAmericaWin.aspx,4ef09e0f68a05c0a036e9b0bc5824c930b3a669b725874adaa04e97868c4843f,305f90526d9118a10073dfcac825b3483435f00a7784a65f611c24b7483d3d66
lotto_america,2026-01-21,musl_lotto_america,https://www.powerball.com/draw-result?date=2026-01-21&gc=lotto-america,f0e6e3ee672e3a45820f7fa49f6a9481592692d9b60f3adf43129e9e7e3c4f8d,9b5c41de06885104f22ea45fdc88bf1e03af3c7029395a691461be3b5b80bcc7,iowa_lottery_lotto_america,https://www.ialottery.com/Pages/Games-Online/LottoAmericaWin.aspx,b48bb9fbd78c6bb1d49f7cf32559ff4b578840fc9620316adab143661c54e777,305f90526d9118a10073dfcac825b3483435f00a7784a65f611c24b7483d3d66
lotto_america,2026-01-24,musl_lotto_america,https://www.powerball.com/draw-result?date=2026-01-24&gc=lotto-america,7fa9620197f04f4576c18a631ef06f22787a889ec6779cd20d6a1bbc5e89d48f,6dceb2d685296e19517b48b0ceed6068f424abb35180465e6a2c984e1b2a566b,iowa_lottery_lotto_america,https://www.ialottery.com/Pages/Games-Online/LottoAmericaWin.aspx,4a77ac6bb32efc9403c94d969e35c685ff784f30c03c1b072d0f81e8692a6d0c,305f90526d9118a10073dfcac825b3483435f00a7784a65f611c24b7483d3d66
lotto_america,2026-01-26,musl_lotto_america,https://www.powerball.com/draw-result?date=2026-01-26&gc=lotto-america,6319cfc837eeab2ed929d22a78e37ff8fed6a7046f829190dd5a34a9661edbd9,03c68f1b134ea3ea1b60fb4439b07a45aeeb08ba3e060279768a85421bb4a240,iowa_lottery_lotto_america,https://www.ialottery.com/Pages/Games-Online/LottoAmericaWin.aspx,c69f6bac90228595716d6ffbe950bea9cad3c4150c0a5dcc4b0aaee7ea5417dc,305f90526d9118a10073dfcac825b3483435f00a7784a65f611c24b7483d3d66
lotto_america,2026-01-28,musl_lotto_america,https://www.powerball.com/draw-result?date=2026-01-28&gc=lotto-america,6c85a781ec445b19de7cb5972edc65453ce07fc39aa5dfeb0636e9fa2ebccbcc,c0a7a2ba33b6c81751bc538d074658f560f5c85128a9873bd2930b4c99954b73,iowa_lottery_lotto_america,https://www.ialottery.com/Pages/Games-Online/LottoAmericaWin.aspx,72d5e22d5d5018e43fd62c3227a87cdd812264747f3daac8654d88c1281404ec,305f90526d9118a10073dfcac825b3483435f00a7784a65f611c24b7483d3d66
lotto_america,2026-01-31,musl_lotto_america,https://www.powerball.com/draw-result?date=2026-01-31&gc=lotto-america,7b4679e8f1e901f2caa9d9654b0674defdec72b23e904e80f809835132b9403c,374e5a47ac208c286a82bcf957f26d899817221915983be637df583552695fd7,iowa_lottery_lotto_america,https://www.ialottery.com/Pages/Games-Online/LottoAmericaWin.aspx,e22337f34aeb7f5da78e2fb0faf73945ba9f2e25eb5d84f3c0f3153e3a246e59,305f90526d9118a10073dfcac825b3483435f00a7784a65f611c24b7483d3d66
lotto_america,2026-02-02,musl_lotto_america,https://www.powerball.com/draw-result?date=2026-02-02&gc=lotto-america,53e357e0469ef14f0124801f50768b1d18cf0cd7b3195564e689b0da294be7b2,9621cce603f32031baa928552b947685866264d14a7317e798c5a15e0e65a089,iowa_lottery_lotto_america,https://www.ialottery.com/Pages/Games-Online/LottoAmericaWin.aspx,2419d3118a5d0fe859b30fd5392a2d43e81ddf8864a2a0970f5bb227566e5c81,be7763593211eec5942a8d4b4b28573d847fbdc93fe0e6cdfcab9585bba7a0db
lotto_america,2026-02-04,musl_lotto_america,https://www.powerball.com/draw-result?date=2026-02-04&gc=lotto-america,d3553ade772464153a55298a110e9f07e440bef7afa92ab1939ce55b95e88d54,89837ab57cb0f61d8c6788efe30015c8c874da84a98c0b4bebac77088387085a,iowa_lottery_lotto_america,https://www.ialottery.com/Pages/Games-Online/LottoAmericaWin.aspx,3f240e450882ea0baff4dd19bfb8d1619a54304ae8f6fbd57ec9c5c89f27f6e5,be7763593211eec5942a8d4b4b28573d847fbdc93fe0e6cdfcab9585bba7a0db
lotto_america,2026-02-07,musl_lotto_america,https://www.powerball.com/draw-result?date=2026-02-07&gc=lotto-america,fc9ac7b3d5ef8a713d0dd82a979158805c9a2254456aa4a9ca96b2d1fd903485,4d9d545ba9c610f4cc19af871f2c3960f37a3fc86ebdb32426fca0bdc5e03fe4,iowa_lottery_lotto_america,https://www.ialottery.com/Pages/Games-Online/LottoAmericaWin.aspx,bbea740809c48904491d1eaa16a6a9f59aee85396474d68456944aef4667ec5c,be7763593211eec5942a8d4b4b28573d847fbdc93fe0e6cdfcab9585bba7a0db
lotto_america,2026-02-09,musl_lotto_america,https://www.powerball.com/draw-result?date=2026-02-09&gc=lotto-america,21ec2ddbb796e62df748bbbd55112f94ddfa272fda4a40271663caf3502ea3e5,abe48d1ad7f010123bdff69d2604fd4b530ac3a412b0e5e05df893e3031e2206,iowa_lottery_lotto_america,https://www.ialottery.com/Pages/Games-Online/LottoAmericaWin.aspx,4e55b0a1ad10af5a1833ebc872bcec53f787c16a72148a98d4bda5a255822b9a,be7763593211eec5942a8d4b4b28573d847fbdc93fe0e6cdfcab9585bba7a0db
lotto_america,2026-02-11,musl_lotto_america,https://www.powerball.com/draw-result?date=2026-02-11&gc=lotto-america,d3a0eb1ad04670eec32d700be7527db1473867895b6d06c6a1b58807ea6e88ad,7644321f4a45ed50d49d0284fd6bc654cf6c40325dfb593536a8611f157406e4,iowa_lottery_lotto_america,https://www.ialottery.com/Pages/Games-Online/LottoAmericaWin.aspx,43a6be1d67c7aa980e8020ae61714cedbac00621a39f1ff7c81c2e220174d2c0,be7763593211eec5942a8d4b4b28573d847fbdc93fe0e6cdfcab9585bba7a0db
lotto_america,2026-02-14,musl_lotto_america,https://www.powerball.com/draw-result?date=2026-02-14&gc=lotto-america,d30752787546ab2cacb3d5980a4b29a0d00df284dcef96f828e65af22e4a90bf,babbc2c0cdb7e7f6ee11e32f8561eee3ec4a9d3ac6d641700a45299b6db36961,iowa_lottery_lotto_america,https://www.ialottery.com/Pages/Games-Online/LottoAmericaWin.aspx,9ac34b238b8e662c65f9afd1a264738fb2429278a527b8699a37e580778cbf48,be7763593211eec5942a8d4b4b28573d847fbdc93fe0e6cdfcab9585bba7a0db
lotto_america,2026-02-16,musl_lotto_america,https://www.powerball.com/draw-result?date=2026-02-16&gc=lotto-america,fee7aa385f8a8e44aaca6df9c50b53b4acdbd3f19b83bee212e5869e8b781685,778776012bdff6e4e2f31181fdce92996f8ca2119ab4930295753b1d19f60bc9,iowa_lottery_lotto_america,https://www.ialottery.com/Pages/Games-Online/LottoAmericaWin.aspx,4900b740aa541cdc8dd96dcb5c5ad104e674de59e34955a969bbfd7b5dd9a8d8,be7763593211eec5942a8d4b4b28573d847fbdc93fe0e6cdfcab9585bba7a0db
lotto_america,2026-02-18,musl_lotto_america,https://www.powerball.com/draw-result?date=2026-02-18&gc=lotto-america,4447538bc914761355c1842df2fd1d65aa17771c2441f83e2ae39e5502841a74,29661efaf4b85dbf0f2756b64e2f89de4e94f0efeaa084c68a661bbaa648d32e,iowa_lottery_lotto_america,https://www.ialottery.com/Pages/Games-Online/LottoAmericaWin.aspx,df9a3efdfcca217dedcdf08b787f504778ddc1e84898073adca518ee23509499,be7763593211eec5942a8d4b4b28573d847fbdc93fe0e6cdfcab9585bba7a0db
lotto_america,2026-02-21,musl_lotto_america,https://www.powerball.com/draw-result?date=2026-02-21&gc=lotto-america,0f77fa96228a6969f062cd4c866c86bd0fbd5dc1024c7afc361aee590e0f5aff,bf39df2e86dd455cebbdd6df7c0c798b30040efceccafd394334228f53c920c4,iowa_lottery_lotto_america,https://www.ialottery.com/Pages/Games-Online/LottoAmericaWin.aspx,ac428e510843005c58affdd3a14323a4aefad02314785fbb49df6e54ca6eca25,be7763593211eec5942a8d4b4b28573d847fbdc93fe0e6cdfcab9585bba7a0db
lotto_america,2026-02-23,musl_lotto_america,https://www.powerball.com/draw-result?date=2026-02-23&gc=lotto-america,42017bb4434c28c1032795d49b771a2aa91ffc2df5bd8f6bdd749f721a18478a,8f1a88af5102654ec3aa5a69032966d438d2e08c20808435d1262c15f4524633,iowa_lottery_lotto_america,https://www.ialottery.com/Pages/Games-Online/LottoAmericaWin.aspx,a82464d9316beae65cf3565f057096d58e88ab4083c2b44d3bb48f488cad2e1f,be7763593211eec5942a8d4b4b28573d847fbdc93fe0e6cdfcab9585bba7a0db
lotto_america,2026-02-25,musl_lotto_america,https://www.powerball.com/draw-result?date=2026-02-25&gc=lotto-america,5d71ea0722db80d26ebfe61637c2869897042767205eb6a17e7517b2a252ddc5,fc73395d559eefc7c280e0b0858032c7f83bed058ff182b3b45036b721b3ee0a,iowa_lottery_lotto_america,https://www.ialottery.com/Pages/Games-Online/LottoAmericaWin.aspx,20e78931baea7e52a3f1be18193ea861468b7491aca64effb3712569da1d177b,be7763593211eec5942a8d4b4b28573d847fbdc93fe0e6cdfcab9585bba7a0db
lotto_america,2026-02-28,musl_lotto_america,https://www.powerball.com/draw-result?date=2026-02-28&gc=lotto-america,0ad271ee9dc73823854d614f2ed5c057f405daaa0c02da93dcfb4b049e0538ac,7eb63ac8015ab8fb10b2198cd0d3e4164c0f90bc64f64c219eec69b28d7d0748,iowa_lottery_lotto_america,https://www.ialottery.com/Pages/Games-Online/LottoAmericaWin.aspx,18cc2138639241aff4a0859be52e2082328fb70d86c37252bab551037866011e,be7763593211eec5942a8d4b4b28573d847fbdc93fe0e6cdfcab9585bba7a0db
lotto_america,2026-03-02,musl_lotto_america,https://www.powerball.com/draw-result?date=2026-03-02&gc=lotto-america,6db50c4ad80e33c070db5f6c83a0c0d81af35435243e56a8cff30ae09af822e0,94e878b9846a8918d55f19d940a1ed2f74208d18467102300c9004542d03208e,iowa_lottery_lotto_america,https://www.ialottery.com/Pages/Games-Online/LottoAmericaWin.aspx,c602fb821a078b810464010b92d982330ec6f968f46281c048dbeaec5695dccf,be7763593211eec5942a8d4b4b28573d847fbdc93fe0e6cdfcab9585bba7a0db
lotto_america,2026-03-04,musl_lotto_america,https://www.powerball.com/draw-result?date=2026-03-04&gc=lotto-america,8f287ee308de8bfae47b0ac9a582f7aae0c665995690c77bb47b5db796343092,b605ac5bd4cb9ae605ca6c39c99feeeddc181aa53f86a00b554fce962b13a559,iowa_lottery_lotto_america,https://www.ialottery.com/Pages/Games-Online/LottoAmericaWin.aspx,6d55d52c30e626510e5e11804df03f5bbec9705f4e8c24ac27c652672d48adcb,8acdfa49f35c00791cb83ce504ff4d3d10bd290b5937879c23616617f78a7f6e
lotto_america,2026-03-07,musl_lotto_america,https://www.powerball.com/draw-result?date=2026-03-07&gc=lotto-america,be1675cdcfd6452e8a14bbfc316e536e31541d96d6aff3256fe6a07d9136855b,764148a62fce364809f6283fa66ed8a48ef6ae3aba775204ec2ccfc4de997db9,iowa_lottery_lotto_america,https://www.ialottery.com/Pages/Games-Online/LottoAmericaWin.aspx,febf72e60a15d01b3e01371f13e6ab0df3502af714100c86a7b2a69cece6bd9e,8acdfa49f35c00791cb83ce504ff4d3d10bd290b5937879c23616617f78a7f6e
lotto_america,2026-03-09,musl_lotto_america,https://www.powerball.com/draw-result?date=2026-03-09&gc=lotto-america,28a47ee6af83807d9f11fac356c0a5a21cb074d3c580691c36af32833c7ffabc,eb4c9329cea8c2ef81c5592162ccd4ddace8012ddb99ef3dddac98044b958d0f,iowa_lottery_lotto_america,https://www.ialottery.com/Pages/Games-Online/LottoAmericaWin.aspx,9f06adb14696863f3031b926c649f35d7688097fa6b9d37796fd4012b23c15b0,8acdfa49f35c00791cb83ce504ff4d3d10bd290b5937879c23616617f78a7f6e
lotto_america,2026-03-11,musl_lotto_america,https://www.powerball.com/draw-result?date=2026-03-11&gc=lotto-america,b821e3800f4f9977f2bdd7e83f8b54288675669184006b84884b39ec28d0af6c,dac22a542a3c144b50e1ab51b9762f8e21441b51ef4215e56745df2214b97c58,iowa_lottery_lotto_america,https://www.ialottery.com/Pages/Games-Online/LottoAmericaWin.aspx,f58877651902d5e06070a71a57363b65635e595f0db6a53cff3871430c232900,8acdfa49f35c00791cb83ce504ff4d3d10bd290b5937879c23616617f78a7f6e
lotto_america,2026-03-14,musl_lotto_america,https://www.powerball.com/draw-result?date=2026-03-14&gc=lotto-america,a6d68aad13969fc739c6e8eb1a641292bb4867c843005dc0c26c5eab61e830b7,63556b2bef2997ef9dc9b082acc2ce6e713f8f04550292e4fe6fd40b2c20d8c2,iowa_lottery_lotto_america,https://www.ialottery.com/Pages/Games-Online/LottoAmericaWin.aspx,c37828ab3a2a9ad3809778c27e305a56191bdb0b309c4cab73176f0f0933a1cd,8acdfa49f35c00791cb83ce504ff4d3d10bd290b5937879c23616617f78a7f6e
lotto_america,2026-03-16,musl_lotto_america,https://www.powerball.com/draw-result?date=2026-03-16&gc=lotto-america,d1e3d2aabc41fe5b148df6875e92671ff4a86c3ab74fab257956c4408de95a34,356b0b2be52ff24ba286e5f6a06e81f7e54c6c660f2ba53c6b3c19dda8f0a5c3,iowa_lottery_lotto_america,https://www.ialottery.com/Pages/Games-Online/LottoAmericaWin.aspx,06caa7f97259f2b66e194b2422d9f145e4c5863799aa5b4aca76524924dcc066,8acdfa49f35c00791cb83ce504ff4d3d10bd290b5937879c23616617f78a7f6e
lotto_america,2026-03-18,musl_lotto_america,https://www.powerball.com/draw-result?date=2026-03-18&gc=lotto-america,c9c9454c38319173b1ad9d6c2907351d643039333e5018e4d0035af5add0772c,6e8653ca9f559f4b982ef8badb167239f373d979dadf8dee9f49bae36f79569e,iowa_lottery_lotto_america,https://www.ialottery.com/Pages/Games-Online/LottoAmericaWin.aspx,82461250ce93f3fd21f08baa3f4a8bf70caefa521f8cf7b280bc992399500858,8acdfa49f35c00791cb83ce504ff4d3d10bd290b5937879c23616617f78a7f6e
lotto_america,2026-03-21,musl_lotto_america,https://www.powerball.com/draw-result?date=2026-03-21&gc=lotto-america,d98e23006e5a47582d65caa42245aa8bdc826d77a8afd3bed489afd644502e6d,711efc87a8b379527700bea5b93b7754be34d30911695d8ba42cf7ca57e089df,iowa_lottery_lotto_america,https://www.ialottery.com/Pages/Games-Online/LottoAmericaWin.aspx,552c2e706d1ec255f389071fca68b1e1fcbe75b65b4d77932c602c64bff124c4,8acdfa49f35c00791cb83ce504ff4d3d10bd290b5937879c23616617f78a7f6e
lotto_america,2026-03-23,musl_lotto_america,https://www.powerball.com/draw-result?date=2026-03-23&gc=lotto-america,3297b5e0ad894b8645d104a2153baff4726addf8391f659b90a11365b1d63c39,9ce9c0ad018a60953727a9cd93c91b4a85fe844a8060a14ceaffe73756320071,iowa_lottery_lotto_america,https://www.ialottery.com/Pages/Games-Online/LottoAmericaWin.aspx,0644e0170eff98e194123be02f95e15652180af92c3c2ac3803c32f1b3ef9b1d,8acdfa49f35c00791cb83ce504ff4d3d10bd290b5937879c23616617f78a7f6e
lotto_america,2026-03-25,musl_lotto_america,https://www.powerball.com/draw-result?date=2026-03-25&gc=lotto-america,037a7b89dd06f6f0efdeb7be1e0691aa7163a326c9a6f4c557c1de2a26dd6582,8354cb4324c88619e7490064fee51d830078fb8b72b6fdee1c8c288cde0ab131,iowa_lottery_lotto_america,https://www.ialottery.com/Pages/Games-Online/LottoAmericaWin.aspx,db9b50a21153c2ab6666a2d723fe2e2bab4b77fdb3e9520fe899eaa7ef424b61,8acdfa49f35c00791cb83ce504ff4d3d10bd290b5937879c23616617f78a7f6e
lotto_america,2026-03-28,musl_lotto_america,https://www.powerball.com/draw-result?date=2026-03-28&gc=lotto-america,b910df47419e51c2b7995b9ce5059006c57004d23b2a9132c1afbf87acda6887,71234136e7bed629be4d27d43cc3d88741a60fcb69aeda1f0e6dd22185f0bc6f,iowa_lottery_lotto_america,https://www.ialottery.com/Pages/Games-Online/LottoAmericaWin.aspx,20fcc00ae06cdcc549dba73348f4b8e2191fba975a72de285cc9debe6ec9bcd3,8acdfa49f35c00791cb83ce504ff4d3d10bd290b5937879c23616617f78a7f6e
lotto_america,2026-03-30,musl_lotto_america,https://www.powerball.com/draw-result?date=2026-03-30&gc=lotto-america,2c249e6d238cb5b79cce56460a30ed349e5f0d801f1b1851e43ed055a38d3fa1,dd525b65a9cbd895d47c3abcbf6e8ecac12e6cfea9d04d0682ff62102a00fe3b,iowa_lottery_lotto_america,https://www.ialottery.com/Pages/Games-Online/LottoAmericaWin.aspx,42972f5cf06d844859209c18f8f802929b7ae1bfb64f9becee87dda7dde1d09b,8acdfa49f35c00791cb83ce504ff4d3d10bd290b5937879c23616617f78a7f6e
lotto_america,2026-04-01,musl_lotto_america,https://www.powerball.com/draw-result?date=2026-04-01&gc=lotto-america,ee523c8ae0b21c68f81f05fcd0dc866f3b6afd184b91bcb40bd981f81ad25c18,939d098ba8a01b2be27b20fb365d35e75d9d1e064e237e15d8965e5fa93311c3,iowa_lottery_lotto_america,https://www.ialottery.com/Pages/Games-Online/LottoAmericaWin.aspx,dc3c584ecd152ac6323047cada1a8361a51e77dd533b58438a2cae6ebeee823e,8acdfa49f35c00791cb83ce504ff4d3d10bd290b5937879c23616617f78a7f6e
lotto_america,2026-04-04,musl_lotto_america,https://www.powerball.com/draw-result?date=2026-04-04&gc=lotto-america,a0ef1d441ada6fc2332414f407d4c753d1291032505718f99e5e6d6ba97f0276,0a0d32bc883c5d1eabc4f3ef932a8c49b45f4dc259f0e193a26bfc39043d24a5,iowa_lottery_lotto_america,https://www.ialottery.com/Pages/Games-Online/LottoAmericaWin.aspx,1ec580c0a5dbd666c2a89126bfaa0a3f831beca14bb0e0fa262d0d5b328368ac,434563e14678d2df5039516e4d057f6ad8ee0315cb7099b32875483ec8de9eb1
lotto_america,2026-04-06,musl_lotto_america,https://www.powerball.com/draw-result?date=2026-04-06&gc=lotto-america,cc2fd7f18e888493803c437465546ceeeb7dabe8b2c1ea1e891b6bfa590bc2d7,43aca76aad902d554005551c18dd061050fa96910b1b50b78c273516b370bc84,iowa_lottery_lotto_america,https://www.ialottery.com/Pages/Games-Online/LottoAmericaWin.aspx,41e9eddeb467fa50c9cd954d76ba546d4d6254d257c10b5b8cd70b11a541bc0a,434563e14678d2df5039516e4d057f6ad8ee0315cb7099b32875483ec8de9eb1
lotto_america,2026-04-08,musl_lotto_america,https://www.powerball.com/draw-result?date=2026-04-08&gc=lotto-america,154ff2bc4dd40ac245955e0643dba1f65ee84136dc412c95fb8a3a9bf6f59de9,be6c06629fcf7add955c9a9714e2a58c8338d07ec9cf9858a5ad4da63a3066e0,iowa_lottery_lotto_america,https://www.ialottery.com/Pages/Games-Online/LottoAmericaWin.aspx,a13bd929d24454231c91763c31ebb4aada0c24fabc72e244cba2bc4f9e58860c,434563e14678d2df5039516e4d057f6ad8ee0315cb7099b32875483ec8de9eb1
lotto_america,2026-04-11,musl_lotto_america,https://www.powerball.com/draw-result?date=2026-04-11&gc=lotto-america,7960a180fba5349f606b6e1bf385373780e4fb84ad41c64098563d3112829a66,88eecb2bd4aede251a7b0c40c3e21f5b8fedd3915321957649e52c22f7895ab3,iowa_lottery_lotto_america,https://www.ialottery.com/Pages/Games-Online/LottoAmericaWin.aspx,ed466be37fc24fdd1d8eac69e7c453408b77ba6fd0048b0e5ad8fac1e71b3ae3,434563e14678d2df5039516e4d057f6ad8ee0315cb7099b32875483ec8de9eb1
lotto_america,2026-04-13,musl_lotto_america,https://www.powerball.com/draw-result?date=2026-04-13&gc=lotto-america,4149f72dce3a6213f4e18501ac569f9da78d79eb652af4e7d55da3dbce78146b,57681b7f556ad6d4fcc4a2c058ae939b74654f50bf2a6502e813769e67efea49,iowa_lottery_lotto_america,https://www.ialottery.com/Pages/Games-Online/LottoAmericaWin.aspx,defb5a1823b009a2d7d264495777499195adb18cdc2100902ba5825a264c7906,434563e14678d2df5039516e4d057f6ad8ee0315cb7099b32875483ec8de9eb1
lotto_america,2026-04-15,musl_lotto_america,https://www.powerball.com/draw-result?date=2026-04-15&gc=lotto-america,7a991a343abd3dfc73fc2da1cf1cff92e679cc44465873852f8e83f63dc4d4ca,04f060cb8d561a3b5c72ebde3a0f4d79cc8edb70c98c7e601b1935817f82c743,iowa_lottery_lotto_america,https://www.ialottery.com/Pages/Games-Online/LottoAmericaWin.aspx,0945aea5d09a9a863325460dcb7d729ff1f18c5b17a026ad02a53ab1d1f7ab60,434563e14678d2df5039516e4d057f6ad8ee0315cb7099b32875483ec8de9eb1
lotto_america,2026-04-18,musl_lotto_america,https://www.powerball.com/draw-result?date=2026-04-18&gc=lotto-america,dcacd505ca03cbf94b814cd2a98609f1a08730a81e3b9a4ff47d4bc4ce5e251d,63419a4c286ada2d7108fff187d1d1913426c4ca6845f1c3fc3a91f1fd213747,iowa_lottery_lotto_america,https://www.ialottery.com/Pages/Games-Online/LottoAmericaWin.aspx,01b6448a0dd3a138dc76f523d48668898893ee666358fc6aab0e906a63cb4d23,434563e14678d2df5039516e4d057f6ad8ee0315cb7099b32875483ec8de9eb1
lotto_america,2026-04-20,musl_lotto_america,https://www.powerball.com/draw-result?date=2026-04-20&gc=lotto-america,45989762bc44ee0ec8e63df5faf64fc843a61e9ba6274136f602299da7607a0b,ca60aa8e65cc0a16301e6637614022b255d7728a3bf04ee1d937ce66855b1c8d,iowa_lottery_lotto_america,https://www.ialottery.com/Pages/Games-Online/LottoAmericaWin.aspx,d3c291923b8581993628dae837cf1eb5c9d5319bbd85448d02f9b3ad712e7132,434563e14678d2df5039516e4d057f6ad8ee0315cb7099b32875483ec8de9eb1
lotto_america,2026-04-22,musl_lotto_america,https://www.powerball.com/draw-result?date=2026-04-22&gc=lotto-america,c58304ebc1e2ff7a850f30ef37f24543b80629fc56c6c0b6e4bd7e0aef1c9e10,3d26a7c74804e18caa01beec3d0e6321e76ca23813fc6495742dc315e51cc597,iowa_lottery_lotto_america,https://www.ialottery.com/Pages/Games-Online/LottoAmericaWin.aspx,4e3f048528498b6a83b75b259677cfd188a9bafe29b290ca9e0e5eb3ffd5693d,434563e14678d2df5039516e4d057f6ad8ee0315cb7099b32875483ec8de9eb1
lotto_america,2026-04-25,musl_lotto_america,https://www.powerball.com/draw-result?date=2026-04-25&gc=lotto-america,370e46224a46479205f235751e19d0769865a52ede78788febfe730a876d78e7,64d3b80f933510cdb10982ff0e59ee7aafe18f55170a48ef0933e54af9d0f10a,iowa_lottery_lotto_america,https://www.ialottery.com/Pages/Games-Online/LottoAmericaWin.aspx,4b5d71f58e27845d14325f4921d5d207249a902c4adbf86ff35a96f722ce4942,434563e14678d2df5039516e4d057f6ad8ee0315cb7099b32875483ec8de9eb1
lotto_america,2026-04-27,musl_lotto_america,https://www.powerball.com/draw-result?date=2026-04-27&gc=lotto-america,8abe95acb23c036445e9f075c594b1bd623acfa7de47574d375cd7b950ded21f,47393559956c4b7f6d0e76e2c3934ccf2e36fa5637ff2c2a4ded7839b546ef91,iowa_lottery_lotto_america,https://www.ialottery.com/Pages/Games-Online/LottoAmericaWin.aspx,1e2d3102a64c8bf1f2491e264a7d1c781f9242df433fe8b521fb2857c4e733ad,434563e14678d2df5039516e4d057f6ad8ee0315cb7099b32875483ec8de9eb1
lotto_america,2026-04-29,musl_lotto_america,https://www.powerball.com/draw-result?date=2026-04-29&gc=lotto-america,31b0ac1978de5b386dc5f55d321bcd05aca42983d224bc224d3b3069a50b8892,023f5468492ae43515be98d7d766b4da10766a80853e5722b0a44b399f8693d2,iowa_lottery_lotto_america,https://www.ialottery.com/Pages/Games-Online/LottoAmericaWin.aspx,ae7b7cf9c46ef139ca0d9e27e5e993c65b9f94052ee33c48434f5a5ba81a9cd9,434563e14678d2df5039516e4d057f6ad8ee0315cb7099b32875483ec8de9eb1
lotto_america,2026-05-02,musl_lotto_america,https://www.powerball.com/draw-result?date=2026-05-02&gc=lotto-america,2799f3da9736e2b1a22c1266515b730833398629dc3ae6371153eefa07a523c7,8d36694171597fc46ee77d191b973f78490ef12cbcb03acd4394f86a7859f0f9,iowa_lottery_lotto_america,https://www.ialottery.com/Pages/Games-Online/LottoAmericaWin.aspx,5f9a7a18aaa8da9e88cb64031b92fac8e4f8e2e956be3c0089998f07e47e5483,434563e14678d2df5039516e4d057f6ad8ee0315cb7099b32875483ec8de9eb1
lotto_america,2026-05-04,musl_lotto_america,https://www.powerball.com/draw-result?date=2026-05-04&gc=lotto-america,35ab42a9d8583db31f6348e08ff9f19f16b5563d4cc9329305eaf69259ed4249,ff143f3623e15639b4003afe5fd137caf3c11d860df254bbd2514a4e10741fb7,iowa_lottery_lotto_america,https://www.ialottery.com/Pages/Games-Online/LottoAmericaWin.aspx,207dee51f422cf7c8c37f47a0d826556176bb159d185e1873dfe412bf8bbc4c7,2d49de1402708dbe49fc876877846afc888238623af3362a95470a9df9c04f8a
lotto_america,2026-05-06,musl_lotto_america,https://www.powerball.com/draw-result?date=2026-05-06&gc=lotto-america,d908af85d0c3041962cee555cb27094a279c4edcfc3ed266edb0b1d7cce7be13,97f031e08fc9fca759b29d908e12a0f7a63d8e8f55fbfc830e3fa36d12b3d9ce,iowa_lottery_lotto_america,https://www.ialottery.com/Pages/Games-Online/LottoAmericaWin.aspx,1e62b242e2a1c7f5cd7922ad337c9f98962e3de47d93a1bd8e35fd5362cce0f9,2d49de1402708dbe49fc876877846afc888238623af3362a95470a9df9c04f8a
lotto_america,2026-05-09,musl_lotto_america,https://www.powerball.com/draw-result?date=2026-05-09&gc=lotto-america,91223d92f6d98b7895063f3082dd1d29d400b9fe605c7fd6c49909880c293a70,6bc48ea0b37ed7ddf39f74ec9292126a68c345085a6b25719bcbf408dfd02203,iowa_lottery_lotto_america,https://www.ialottery.com/Pages/Games-Online/LottoAmericaWin.aspx,52be4f4e2cd70a9835f1cd1a6d561eae8e8fe167c0efd35b7fed7b8205708886,2d49de1402708dbe49fc876877846afc888238623af3362a95470a9df9c04f8a
lotto_america,2026-05-11,musl_lotto_america,https://www.powerball.com/draw-result?date=2026-05-11&gc=lotto-america,d46dee016da7354105f6ebb92c7efd238af048e9431a690ec6f40fb7b64ce3e3,c6c0c5a53b8082c30307d2b6cf05f8e35bf644e1469c975e8cd9db437c310787,iowa_lottery_lotto_america,https://www.ialottery.com/Pages/Games-Online/LottoAmericaWin.aspx,0c04890d44b8f2feec85cf6ef41b725204f71956fb984e0d1116bb49b8452194,2d49de1402708dbe49fc876877846afc888238623af3362a95470a9df9c04f8a
lotto_america,2026-05-13,musl_lotto_america,https://www.powerball.com/draw-result?date=2026-05-13&gc=lotto-america,3c967d8b7123742241e282075d80648a4489d11f2fbeb96b2d620f749c418649,c6a765fa4f304883b1befbe83b7d84c721a07352f2fc89641e336202a7821c18,iowa_lottery_lotto_america,https://www.ialottery.com/Pages/Games-Online/LottoAmericaWin.aspx,bbb6c776f5827b1e40b55f87b3f75bcd414c201d902dbe01a6be39590da03ea1,2d49de1402708dbe49fc876877846afc888238623af3362a95470a9df9c04f8a
lotto_america,2026-05-16,musl_lotto_america,https://www.powerball.com/draw-result?date=2026-05-16&gc=lotto-america,91343dfb6274545b35a59ac5eac3906ce6213ac513c435f6367ce83edb28b00c,5caf2dc68131fb18a8545d922a5c3b82b950c3313e64900adbe54b029db9b2f9,iowa_lottery_lotto_america,https://www.ialottery.com/Pages/Games-Online/LottoAmericaWin.aspx,1e9a84e7c2e3dd233ee1d72fdb7ed42e956b17e7edbec5ae3b4ae000998c5077,2d49de1402708dbe49fc876877846afc888238623af3362a95470a9df9c04f8a
lotto_america,2026-05-18,musl_lotto_america,https://www.powerball.com/draw-result?date=2026-05-18&gc=lotto-america,ce594cb3035245a2c065012621ec4bdc491c3f29d3fafc0e5f9027514e542c1e,94f812ae9962af170f07dfd11099bcd6a2fa3db2d21749d411def5ea273541af,iowa_lottery_lotto_america,https://www.ialottery.com/Pages/Games-Online/LottoAmericaWin.aspx,015415ab7b4e9c0bbf1627b37262ca5960d4b5f6ec4f97ce0419edd2a04aed9b,2d49de1402708dbe49fc876877846afc888238623af3362a95470a9df9c04f8a
lotto_america,2026-05-20,musl_lotto_america,https://www.powerball.com/draw-result?date=2026-05-20&gc=lotto-america,fc8a8f731133f9172550b729585aa3d0c7e9b571881078161972e5bf6bf84ae8,3d98d995a85b56c995860c727c719bd0f61ab428ee0ddd20fbe24bc211a6d69a,iowa_lottery_lotto_america,https://www.ialottery.com/Pages/Games-Online/LottoAmericaWin.aspx,c53b0f105bac5c9f01bd8b6c4afcc2dec5dbf6ab855702a8102b5a3fc8b129a5,2d49de1402708dbe49fc876877846afc888238623af3362a95470a9df9c04f8a
lotto_america,2026-05-23,musl_lotto_america,https://www.powerball.com/draw-result?date=2026-05-23&gc=lotto-america,fffb591cee6fc649bd2b8f1b1a904eeb4e6e4c0f3e91d571b75a5018ee27dc1b,6a589572fbbc6e5b0e140d95e413a454e69d852de43ed17d598dbe0fee1f2381,iowa_lottery_lotto_america,https://www.ialottery.com/Pages/Games-Online/LottoAmericaWin.aspx,fcf2cce9813243fffe8ababc90f9d8c5a93719ceeb3ae50e4b97ba3cec3d948b,2d49de1402708dbe49fc876877846afc888238623af3362a95470a9df9c04f8a
lotto_america,2026-05-25,musl_lotto_america,https://www.powerball.com/draw-result?date=2026-05-25&gc=lotto-america,81e22e003fcc0d38862ef6fb1155ca5cabbfead23a64238be73eb6684feffa63,fb9d7b3e99e0ee86a7399919188ac813b0f0c4d503638b665379ba894c5f62c6,iowa_lottery_lotto_america,https://www.ialottery.com/Pages/Games-Online/LottoAmericaWin.aspx,b6561b64b446fbd728e19975a81cf0c8d98003a07189c6ac13f53d8e1f9bdb42,2d49de1402708dbe49fc876877846afc888238623af3362a95470a9df9c04f8a
lotto_america,2026-05-27,musl_lotto_america,https://www.powerball.com/draw-result?date=2026-05-27&gc=lotto-america,93087606b8dc325e7fc1782bf74f4a7844da5a9d99ecceec7ecb2a3724f93b2e,93c32cb5b54e57a11bb7555bfef39836360b82875d2b68441c7fb912dde1f0a0,iowa_lottery_lotto_america,https://www.ialottery.com/Pages/Games-Online/LottoAmericaWin.aspx,40864d5c13c40e50ac0aedd7eebdc11c7904fe49eb51ffb66cd58d8daad5762f,2d49de1402708dbe49fc876877846afc888238623af3362a95470a9df9c04f8a
lotto_america,2026-05-30,musl_lotto_america,https://www.powerball.com/draw-result?date=2026-05-30&gc=lotto-america,0a5b3e576d81e81ebd1bc48e02e8528005c2b50d95fb58403605ff4e9b2f6eac,48762af27492d18b91784a9a76dc018f0da20c9bee81622c895cac3f77584f12,iowa_lottery_lotto_america,https://www.ialottery.com/Pages/Games-Online/LottoAmericaWin.aspx,c821cb54560d8ed107a28930a12edc5a60a28f114c8bb7570a836efacea27000,2d49de1402708dbe49fc876877846afc888238623af3362a95470a9df9c04f8a
lotto_america,2026-06-01,musl_lotto_america,https://www.powerball.com/draw-result?date=2026-06-01&gc=lotto-america,b11f49094d86ed51f466f5b34971e9ac882277a690203a8b0875bb1ab018083b,b4911aa192eff009ada8b363a7275c8aa004ed7ef3b7e53840c5a1557fe9893f,iowa_lottery_lotto_america,https://www.ialottery.com/Pages/Games-Online/LottoAmericaWin.aspx,ae3424dcc049ed5cbaea7693f4d81980bf5b5ea2d456bbed6a93cffd69bafd71,2d49de1402708dbe49fc876877846afc888238623af3362a95470a9df9c04f8a
lotto_america,2026-06-03,musl_lotto_america,https://www.powerball.com/draw-result?date=2026-06-03&gc=lotto-america,91c664421a4f0ddf408c77cf17bc46d44f9bab786863aaf61a1f412a6e66acda,15162c08e552ae7830edc45ec4504a1ff69916e571b623dafa6e1c625ea7c793,iowa_lottery_lotto_america,https://www.ialottery.com/Pages/Games-Online/LottoAmericaWin.aspx,ee3e6d87e861c6a443c6ff1d332ac3cb12f74f3b24b77f3636b10a9b68f49a31,9795df7957de4d33166394e732a4d7bc77fffc82c08296bcb5980856307b3ed9
lotto_america,2026-06-06,musl_lotto_america,https://www.powerball.com/draw-result?date=2026-06-06&gc=lotto-america,afdc6d40a4533606b860087cb267b87f5f9f62e2192fceaf484070675e2b7e57,12c73106cf43ba13559410cf2fd114af393b7c973c11d6edd6f79886323bcf89,iowa_lottery_lotto_america,https://www.ialottery.com/Pages/Games-Online/LottoAmericaWin.aspx,737af80a8ec1ec1d01d05c301abc7539bfa65be22133342c07ab48b6a564b1a3,9795df7957de4d33166394e732a4d7bc77fffc82c08296bcb5980856307b3ed9
lotto_america,2026-06-08,musl_lotto_america,https://www.powerball.com/draw-result?date=2026-06-08&gc=lotto-america,824b98a5ddbbbf2f88a5870e85a9dc3a4b1b56b50fa3c1f4f0f0a64b295f54e7,2f9893ed678469ffcdeb64cc7d7bb40070ccd881350e3f49b8fda06b4ec9c53f,iowa_lottery_lotto_america,https://www.ialottery.com/Pages/Games-Online/LottoAmericaWin.aspx,986e013f1707c4eb2bddda20687b61d0ef18b31c5174fa1f74c73557393da392,9795df7957de4d33166394e732a4d7bc77fffc82c08296bcb5980856307b3ed9
lotto_america,2026-06-10,musl_lotto_america,https://www.powerball.com/draw-result?date=2026-06-10&gc=lotto-america,0acac4454f97862ebfd1f69cf60f44f4cff6ab4b03df7703e21859830192b03c,2f4f6e3dc2d5b920be7a4df35b12f8d777b293d637285e3545b1a940a7906853,iowa_lottery_lotto_america,https://www.ialottery.com/Pages/Games-Online/LottoAmericaWin.aspx,f881c0dec80c2544362311a79d02775e66764f07911da90d1b637ef9996dd26e,9795df7957de4d33166394e732a4d7bc77fffc82c08296bcb5980856307b3ed9
lotto_america,2026-06-13,musl_lotto_america,https://www.powerball.com/draw-result?date=2026-06-13&gc=lotto-america,e854653574141b4b3c20176c295ecc04e5a18da997de3b4f6868d00dfe42b9e4,7f78f178c3f7beceb452267b36c36f515bfcff6c8b5b5cf43dbe7cd308a5c223,iowa_lottery_lotto_america,https://www.ialottery.com/Pages/Games-Online/LottoAmericaWin.aspx,02139e17423512e53d1bfc86938ffa7aed2b8e96ff79dcb4d41b7db31bcd5f7b,9795df7957de4d33166394e732a4d7bc77fffc82c08296bcb5980856307b3ed9
lotto_america,2026-06-15,musl_lotto_america,https://www.powerball.com/draw-result?date=2026-06-15&gc=lotto-america,ccc51a161844c11d6ba4f7cb759f9ff3a5809c0646646b22d72125601da042c6,b5790770a31f31647235b3a662d5a5d9f1086d79c0a53af2485ac885534f907b,iowa_lottery_lotto_america,https://www.ialottery.com/Pages/Games-Online/LottoAmericaWin.aspx,3796f404ef33ab818e0228165acfdbbbed315b0b66d56333609aa4b69c750a2d,9795df7957de4d33166394e732a4d7bc77fffc82c08296bcb5980856307b3ed9
lotto_america,2026-06-17,musl_lotto_america,https://www.powerball.com/draw-result?date=2026-06-17&gc=lotto-america,6aef8b892dbf4827944f4a969de9c83e827d4bc7e8d5f004d320a705cdcd1d5f,fc6e7eadecada9c8f08582349b52253cee02489f909347fd16ebe74ac6e083d3,iowa_lottery_lotto_america,https://www.ialottery.com/Pages/Games-Online/LottoAmericaWin.aspx,2160e0975a25928a013bbbb1df53e91172c28d54f7968a601b75ed9468466a6d,9795df7957de4d33166394e732a4d7bc77fffc82c08296bcb5980856307b3ed9
lotto_america,2026-06-20,musl_lotto_america,https://www.powerball.com/draw-result?date=2026-06-20&gc=lotto-america,81294f62770c6741e0dd4a855f2ad95f0bba407d4fc7b403e233987cafca1c80,8166e2f98c53c2b0df1b257ab9a7706d60116a16e2b50464cf13c7c6c62db051,iowa_lottery_lotto_america,https://www.ialottery.com/Pages/Games-Online/LottoAmericaWin.aspx,87130be8bf18bc075f078eecc59d48d398be941f715ca2ed99d52189b914cfd1,9795df7957de4d33166394e732a4d7bc77fffc82c08296bcb5980856307b3ed9
lotto_america,2026-06-22,musl_lotto_america,https://www.powerball.com/draw-result?date=2026-06-22&gc=lotto-america,551f87df1fb9929e4134baf09713109e1026ea6eb65105548f2da8b231e02f21,f4ba3db4d97d3894139bd13812bbd9865282bea83e1f8f0996a8cb8da0d675e9,iowa_lottery_lotto_america,https://www.ialottery.com/Pages/Games-Online/LottoAmericaWin.aspx,de8f22356bdd0e3cdeeb5353b9fd92db1dab9929a2f3d18d03cf5fe601abe09a,9795df7957de4d33166394e732a4d7bc77fffc82c08296bcb5980856307b3ed9
lotto_america,2026-06-24,musl_lotto_america,https://www.powerball.com/draw-result?date=2026-06-24&gc=lotto-america,62dc3025dd5be0e9d635ae29724c9ce18fb72b176bac23484addcbc1e30628ec,93eac7e7763ce8fabbd96a2b62646112a05fe53b3d4f65e4517e11117ad7ef8d,iowa_lottery_lotto_america,https://www.ialottery.com/Pages/Games-Online/LottoAmericaWin.aspx,75a228225eb75f79adee104aa03f9171f06fae318501e1d412b87b6634632f84,9795df7957de4d33166394e732a4d7bc77fffc82c08296bcb5980856307b3ed9
lotto_america,2026-06-27,musl_lotto_america,https://www.powerball.com/draw-result?date=2026-06-27&gc=lotto-america,acdc5c155d03e6d791a459cd572a098de18682b77468a0ffe32a988efa6e831b,96f04615627a1bb35d7ccd4c230bfd665f29d4f8cbc2543d0ef19a7b46b5214d,iowa_lottery_lotto_america,https://www.ialottery.com/Pages/Games-Online/LottoAmericaWin.aspx,fce2fe26377b0c6d0aefbcf8feb9f8b340af01f01515173d4337beb56ca0b783,9795df7957de4d33166394e732a4d7bc77fffc82c08296bcb5980856307b3ed9
lotto_america,2026-06-29,musl_lotto_america,https://www.powerball.com/draw-result?date=2026-06-29&gc=lotto-america,185d5d13760db372ec5918ac48db51242430d922d5d10341fcc62584793e9572,c8f01f0005523680b56deab589486f7cd9ef2601b4620f83608d3de329a17a12,iowa_lottery_lotto_america,https://www.ialottery.com/Pages/Games-Online/LottoAmericaWin.aspx,68c90c607d3170060bd26c79e862895ff8934d387e126808f6ce50df954c7709,9795df7957de4d33166394e732a4d7bc77fffc82c08296bcb5980856307b3ed9
lotto_america,2026-07-01,musl_lotto_america,https://www.powerball.com/draw-result?date=2026-07-01&gc=lotto-america,943c1a2c1e642528170956b7941a6c96e5a9c13a322e90f3580eed15f563669b,64113a50f37ddf17b2e6a4ed9e76f76d33f9a91a6a73d3d952aeec7c161c11b7,iowa_lottery_lotto_america,https://www.ialottery.com/Pages/Games-Online/LottoAmericaWin.aspx,d8d642838d6ec01e3de844edbd350bc27e2637e402ddc33c7da75f557fbf7ad6,9795df7957de4d33166394e732a4d7bc77fffc82c08296bcb5980856307b3ed9
lotto_america,2026-07-04,musl_lotto_america,https://www.powerball.com/draw-result?date=2026-07-04&gc=lotto-america,276322c193b5cd658f6c0963bc694338e78f210d95aff1d40e66180877a556a9,e8939092fa6617fca79cb8ce5fa3f55f88f597b3fa405dea605693b2cefb25a1,iowa_lottery_lotto_america,https://www.ialottery.com/Pages/Games-Online/LottoAmericaWin.aspx,49f3f1cc1fbfdbc65bd1569245509ca04415a3304dd921eb68b980c52e47437b,14f60e8f07b2bce4635ce8c7175ad13357fc19855a5f52db16379368e09bc37e
lotto_america,2026-07-06,musl_lotto_america,https://www.powerball.com/draw-result?date=2026-07-06&gc=lotto-america,e0d925d83a903c2651cefaca40f5668fa0fa1e1bcc12cec6401ad710011493a4,efc14483febf3a2e92f2918b3197edcaa9869172fea7aad00f687751bc8325a9,iowa_lottery_lotto_america,https://www.ialottery.com/Pages/Games-Online/LottoAmericaWin.aspx,0507603f9ebfedc9ee6205b63668fc4bb1bdabf963dc84ee28ddba5a36b2d4ae,9a728881856caa0ba31bf6d73785b7668acf8d8961f62383f04cb5295540e5fc
lotto_america,2026-07-08,musl_lotto_america,https://www.powerball.com/draw-result?date=2026-07-08&gc=lotto-america,cb7418b98244d258629a0c34bec254ea1422b8a1f962e4d3924c7f476e0ced6b,49ce5e43da721381fe7463ec617b540917128633b6a6bd799b5adb37a2401035,iowa_lottery_lotto_america,https://www.ialottery.com/Pages/Games-Online/LottoAmericaWin.aspx,8f4c0f995e938a900b6b07d00c950c1faf29d4446b6e56a90fb7111512093d5c,9a728881856caa0ba31bf6d73785b7668acf8d8961f62383f04cb5295540e5fc
lotto_america,2026-07-11,musl_lotto_america,https://www.powerball.com/draw-result?date=2026-07-11&gc=lotto-america,870e88f1ef36fc1c0b7819d6f34c6bbcc708aeca0ee7b68a9cf6f6fcdd370077,96a287189e183d08bba3ee3b46b1e881dfc317fe1eb731651a89ddcb29bc0c4b,iowa_lottery_lotto_america,https://www.ialottery.com/Pages/Games-Online/LottoAmericaWin.aspx,178a3e950f98797b75f04662f6cb82e90d686dd49c57da5e49a3af782e0207e4,9a728881856caa0ba31bf6d73785b7668acf8d8961f62383f04cb5295540e5fc
lotto_america,2026-07-13,musl_lotto_america,https://www.powerball.com/draw-result?date=2026-07-13&gc=lotto-america,45442650af5fcce097da1ac02327dab82a78cd4ad32648e0b284f33d0ce098b2,754142f5b0320473ce3acda820ae02e781556d330937697e7a683a1af8ca3451,iowa_lottery_lotto_america,https://www.ialottery.com/Pages/Games-Online/LottoAmericaWin.aspx,c8b8faf386ee8136b66b53b902c8893d17baa9b4026b45a111b2b14d6404f477,9a728881856caa0ba31bf6d73785b7668acf8d8961f62383f04cb5295540e5fc
lotto_america,2026-07-15,musl_lotto_america,https://www.powerball.com/draw-result?date=2026-07-15&gc=lotto-america,0b2ae49bc7f1e993847d5ac5cdb2a7a66a9c02f00a3a8b5364ecebb994480153,d1641de97e524c38f590b1fc2c63188aa91cc925bb403755a1676208fec497c6,iowa_lottery_lotto_america,https://www.ialottery.com/Pages/Games-Online/LottoAmericaWin.aspx,013ee1f451bd7d6ce452a5a82a5a446e4b2f3127c54494961046d1b26377b05c,9a728881856caa0ba31bf6d73785b7668acf8d8961f62383f04cb5295540e5fc
lotto_america,2026-07-18,musl_lotto_america,https://www.powerball.com/draw-result?date=2026-07-18&gc=lotto-america,02edf334c6a371d012e2349b2ef832dfd4ce91b919ad39fbdf3599630c539694,854a1d26f16ec21e73779ba608eb57374ffaa58d6b54bde430a3b0c806135398,iowa_lottery_lotto_america,https://www.ialottery.com/Pages/Games-Online/LottoAmericaWin.aspx,d8b21dc5a1a55be2f65f5593f2d4b8251606718d03ef12994ea8512cf48bf91e,9a728881856caa0ba31bf6d73785b7668acf8d8961f62383f04cb5295540e5fc
lotto_america,2026-07-20,musl_lotto_america,https://www.powerball.com/draw-result?date=2026-07-20&gc=lotto-america,f2433432d054953f8a2ee36a172e6d5db6d99709c8ff368c9e006409ebed0e05,eabfb65f64e4d566fa60baff84ec0887c4ef6999df55309d8c396a78119c4e1d,iowa_lottery_lotto_america,https://www.ialottery.com/Pages/Games-Online/LottoAmericaWin.aspx,0e0ff33c3096fde464b517d7b9980cdf647cd1f46bba8073d04629382d27d163,9a728881856caa0ba31bf6d73785b7668acf8d8961f62383f04cb5295540e5fc
lotto_america,2026-07-22,musl_lotto_america,https://www.powerball.com/draw-result?date=2026-07-22&gc=lotto-america,7ce3ce80425b4f8b470a604dc0b3c702c27ccf8d147f2ec39f1d8d9835a00aed,2630d8254c563d429bcdaa85f5cf45b28a654db86b8c9951f557a505d1662ec1,iowa_lottery_lotto_america,https://www.ialottery.com/Pages/Games-Online/LottoAmericaWin.aspx,b6fbc840f459e292a07b85fd9a842a555cd794bd9f41d6aaa5f3e1738e8888e7,9a728881856caa0ba31bf6d73785b7668acf8d8961f62383f04cb5295540e5fc
lotto_america,2026-07-25,musl_lotto_america,https://www.powerball.com/draw-result?date=2026-07-25&gc=lotto-america,fc0e0ec1dcfbad0ce00e36a6a4101b44bd7fa650392ea046ff141011e8087df3,474dfc8e5b047f25f235e26706973ad6b76fc88b396409afeb946bfcb6977371,iowa_lottery_lotto_america,https://www.ialottery.com/Pages/Games-Online/LottoAmericaWin.aspx,7b8933d44427ccdb05eaaa11af542728f26822d465bf25df36d7d576045a7dee,9a728881856caa0ba31bf6d73785b7668acf8d8961f62383f04cb5295540e5fc
lotto_america,2026-07-27,musl_lotto_america,https://www.powerball.com/draw-result?date=2026-07-27&gc=lotto-america,1d1dc29573a60c7eb92cfe4fd2aa3d5458eed9bf99525022328d7b15fc325539,8dff54f4b7a07662b1992f81c32e855568f6278ad461fc06e9033035f2cd1254,iowa_lottery_lotto_america,https://www.ialottery.com/Pages/Games-Online/LottoAmericaWin.aspx,218bfe755fc9b2d2cede6b89018d8d526a8f326bb21394680b10775e76cd0078,9a728881856caa0ba31bf6d73785b7668acf8d8961f62383f04cb5295540e5fc
lotto_america,2026-07-29,musl_lotto_america,https://www.powerball.com/draw-result?date=2026-07-29&gc=lotto-america,80761c6cf675458cd9021751e9811a9f2dfd4e96135ce2781536adbb28a1fc3c,ad488c761fc50268fc9782085faab4657239d89a9a54eb5ff22c4eab58ae3129,iowa_lottery_lotto_america,https://www.ialottery.com/Pages/Games-Online/LottoAmericaWin.aspx,dc99ad23184b4f27ec3b240058a90311a48b92041248e4bedb7f60aa824ac53e,9a728881856caa0ba31bf6d73785b7668acf8d8961f62383f04cb5295540e5fc
lotto_america,2026-08-01,musl_lotto_america,https://www.powerball.com/draw-result?date=2026-08-01&gc=lotto-america,6c3dfee024fc0b524ba0dc3d3d19f18fd95c50fecbb6300845b3e24dcf428c91,f5e1640f3138264f53dec1bedaa5fc2717ee88b1a37b06e941ed53b3b2656f7f,iowa_lottery_lotto_america,https://www.ialottery.com/Pages/Games-Online/LottoAmericaWin.aspx,54145a08537e741d5f3f4e709e2c19d23841e0fccc4c11ddbf928f14d79dc199,9a728881856caa0ba31bf6d73785b7668acf8d8961f62383f04cb5295540e5fc
lotto_america,2026-08-03,musl_lotto_america,https://www.powerball.com/draw-result?date=2026-08-03&gc=lotto-america,1f4af60ce710ab29aa98bcf261b4abdeb87d3e63af95d179d110a570a513637a,2e068d512270085c54a4f25e79acbb4d581856f317496ba5dc09c1ce1ffde9e7,iowa_lottery_lotto_america,https://www.ialottery.com/Pages/Games-Online/LottoAmericaWin.aspx,233456ef19a4b6f875d2b4ca927083da0a26ba1688985586e815850492e0d901,9a728881856caa0ba31bf6d73785b7668acf8d8961f62383f04cb5295540e5fc
lotto_america,2026-08-05,musl_lotto_america,https://www.powerball.com/draw-result?date=2026-08-05&gc=lotto-america,4ec291facc46a2de73710e50baf7e494f9548f574b9b50e0bae6868f86f7d17a,df20024f78a0ff3896769d694ad2cb743d7d72023536be12ae99da3d3c8ce2c7,iowa_lottery_lotto_america,https://www.ialottery.com/Pages/Games-Online/LottoAmericaWin.aspx,3495247c640e34a20a056c63c5656945cf5c425a7dbfbcbd982b3212a5930226,b60b369bf920f864c837307ef9c7c05909b75a2ad12826cb62ce260cb6800ea5
lotto_america,2026-08-08,musl_lotto_america,https://www.powerball.com/draw-result?date=2026-08-08&gc=lotto-america,7a95a074b5932255cff1d1c8a185048f289311741d7e9fee18ac1c064805188c,61be4d4f468b777c20222a1bbdcfb1a835367c207ebd6f17f8873c817e02396f,iowa_lottery_lotto_america,https://www.ialottery.com/Pages/Games-Online/LottoAmericaWin.aspx,967b0893bfbd29e7dedfccd2040c8942d25090bd0d1d5e40ae48d32b8a5415ff,b60b369bf920f864c837307ef9c7c05909b75a2ad12826cb62ce260cb6800ea5
lotto_america,2026-08-10,musl_lotto_america,https://www.powerball.com/draw-result?date=2026-08-10&gc=lotto-america,48c3b5fb95c0716bc01612cfe032502c293ecf03ff27b085dfe1af319c3a6b0d,94d980f07568b19cf9072ac5589a431fe2521294ff25bed71ec77e4c3c9a3b30,iowa_lottery_lotto_america,https://www.ialottery.com/Pages/Games-Online/LottoAmericaWin.aspx,23c92f0f27dfab516775417ab5b523debc9a85f082b2ca9e4d8ffac3b4a0a944,b60b369bf920f864c837307ef9c7c05909b75a2ad12826cb62ce260cb6800ea5
lotto_america,2026-08-12,musl_lotto_america,https://www.powerball.com/draw-result?date=2026-08-12&gc=lotto-america,e494e7df835a155f741685c4243635e76f77d64a05ceed45452de7c5cf9431f9,2fdca014e0a4afc36bfb2b39d37e256816e92f77f950bacb22f7e2658c13dea9,iowa_lottery_lotto_america,https://www.ialottery.com/Pages/Games-Online/LottoAmericaWin.aspx,c64f5a991084f9879392a6d2bdf3e5b93dfcc43c2063dbc9111d3fe399e1b836,b60b369bf920f864c837307ef9c7c05909b75a2ad12826cb62ce260cb6800ea5
lotto_america,2026-08-15,musl_lotto_america,https://www.powerball.com/draw-result?date=2026-08-15&gc=lotto-america,71155d423b6ec8b8491d58c193c88bbd227c421b122513af2b6aa153ed2c5a8b,b8b573ec880920c81d50a259718a8e312608beb064806b56499a73c89e3aea1f,iowa_lottery_lotto_america,https://www.ialottery.com/Pages/Games-Online/LottoAmericaWin.aspx,92124ec1d52620be7132d5d0d27f9faebdfa7d0082444c1c1b8b258fdc4dd5ac,b60b369bf920f864c837307ef9c7c05909b75a2ad12826cb62ce260cb6800ea5
lotto_america,2026-08-17,musl_lotto_america,https://www.powerball.com/draw-result?date=2026-08-17&gc=lotto-america,5094389a423897174bec4d808abec56edbe74587ecb9a69f2a4b46454086db1e,b21efc2341ae988c909c64e834766f6c2783408c319edd6c6a375c60ec618e9d,iowa_lottery_lotto_america,https://www.ialottery.com/Pages/Games-Online/LottoAmericaWin.aspx,9c75c62c96db77aba3da492e6743de77d42610960bfaaf95b2953efae09703cd,b60b369bf920f864c837307ef9c7c05909b75a2ad12826cb62ce260cb6800ea5
lotto_america,2026-08-19,musl_lotto_america,https://www.powerball.com/draw-result?date=2026-08-19&gc=lotto-america,3ba86613eef03834a9239fc7f0fe8294da1020975d8e379e4d827796de6d74f3,8ec6a85ba567e6f2feb411dc49032f7602fd2c6bcbddbae398194d4aeb34122c,iowa_lottery_lotto_america,https://www.ialottery.com/Pages/Games-Online/LottoAmericaWin.aspx,c17009881aec43ee7cd9d68a25f400cd8496bec6ad9dd5cf9031e1a33252b5f4,b60b369bf920f864c837307ef9c7c05909b75a2ad12826cb62ce260cb6800ea5
lotto_america,2026-08-22,musl_lotto_america,https://www.powerball.com/draw-result?date=2026-08-22&gc=lotto-america,dbd3372a75a3392ca960a71066b04756aa7c26ac2f1f6d6e3d0cfdb21d8b9afa,bfb64cf121e6dd2f5e51cf5f6976cae8a933df8090cede6874d0e1b33cb2ff62,iowa_lottery_lotto_america,https://www.ialottery.com/Pages/Games-Online/LottoAmericaWin.aspx,c202ec8565a1cb1971fb53c0f714cae060a78176fe7b3233fa64802f4e159a2f,b60b369bf920f864c837307ef9c7c05909b75a2ad12826cb62ce260cb6800ea5
lotto_america,2026-08-24,musl_lotto_america,https://www.powerball.com/draw-result?date=2026-08-24&gc=lotto-america,b6322df0e2547ac87372f5db1297d3679009de31b4728e40a61faaaaad392e4b,56ac6a072daf73c0ed4bf37a0dfee7c424714076212c54d9833cc32a70206978,iowa_lottery_lotto_america,https://www.ialottery.com/Pages/Games-Online/LottoAmericaWin.aspx,1fbb35eea58f25b064d83148f72257b763727740ff77e2f57e843b9e8903e410,b60b369bf920f864c837307ef9c7c05909b75a2ad12826cb62ce260cb6800ea5
lotto_america,2026-08-26,musl_lotto_america,https://www.powerball.com/draw-result?date=2026-08-26&gc=lotto-america,59145e182016d3827043f953d7f693b0648268720cd34d18c605f32a4955d47b,b560c654a98078cbf10ef6a370cc24fed7728cd93a5a7fbcb0c2af139b0608e2,iowa_lottery_lotto_america,https://www.ialottery.com/Pages/Games-Online/LottoAmericaWin.aspx,ba34d7f8b58a03b42a72595427cebc2606516ae2d95af1e1648002245d8d8543,b60b369bf920f864c837307ef9c7c05909b75a2ad12826cb62ce260cb6800ea5
