stable_draw_id,advertised_jackpot_minor_units,jackpot_winner_count,rollover,multiplier,extra_draw_data,prize_tiers_json
mega-millions-1996-09-06,,,,,,[]
mega-millions-1996-09-13,,,,,,[]
mega-millions-1996-09-20,,,,,,[]
mega-millions-1996-09-27,,,,,,[]
mega-millions-1996-10-04,,,,,,[]
mega-millions-1996-10-11,,,,,,[]
mega-millions-1996-10-18,,,,,,[]
mega-millions-1996-10-25,,,,,,[]
mega-millions-1996-11-01,,,,,,[]
mega-millions-1996-11-08,,,,,,[]
mega-millions-1996-11-15,,,,,,[]
mega-millions-1996-11-22,,,,,,[]
mega-millions-1996-11-29,,,,,,[]
mega-millions-1996-12-06,,,,,,[]
mega-millions-1996-12-13,,,,,,[]
mega-millions-1996-12-20,,,,,,[]
mega-millions-1996-12-27,,,,,,[]
mega-millions-1997-01-03,,,,,,[]
mega-millions-1997-01-10,,,,,,[]
mega-millions-1997-01-17,,,,,,[]
mega-millions-1997-01-24,,,,,,[]
mega-millions-1997-01-31,,,,,,[]
mega-millions-1997-02-07,,,,,,[]
mega-millions-1997-02-14,,,,,,[]
mega-millions-1997-02-21,,,,,,[]
mega-millions-1997-02-28,,,,,,[]
mega-millions-1997-03-07,,,,,,[]
mega-millions-1997-03-14,,,,,,[]
mega-millions-1997-03-21,,,,,,[]
mega-millions-1997-03-28,,,,,,[]
mega-millions-1997-04-04,,,,,,[]
mega-millions-1997-04-11,,,,,,[]
mega-millions-1997-04-18,,,,,,[]
mega-millions-1997-04-25,,,,,,[]
mega-millions-1997-05-02,,,,,,[]
mega-millions-1997-05-09,,,,,,[]
mega-millions-1997-05-16,,,,,,[]
mega-millions-1997-05-23,,,,,,[]
mega-millions-1997-05-30,,,,,,[]
mega-millions-1997-06-06,,,,,,[]
mega-millions-1997-06-13,,,,,,[]
mega-millions-1997-06-20,,,,,,[]
mega-millions-1997-06-27,,,,,,[]
mega-millions-1997-07-04,,,,,,[]
mega-millions-1997-07-11,,,,,,[]
mega-millions-1997-07-18,,,,,,[]
mega-millions-1997-07-25,,,,,,[]
mega-millions-1997-08-01,,,,,,[]
mega-millions-1997-08-08,,,,,,[]
mega-millions-1997-08-15,,,,,,[]
mega-millions-1997-08-22,,,,,,[]
mega-millions-1997-08-29,,,,,,[]
mega-millions-1997-09-05,,,,,,[]
mega-millions-1997-09-12,,,,,,[]
mega-millions-1997-09-19,,,,,,[]
mega-millions-1997-09-26,,,,,,[]
mega-millions-1997-10-03,,,,,,[]
mega-millions-1997-10-10,,,,,,[]
mega-millions-1997-10-17,,,,,,[]
mega-millions-1997-10-24,,,,,,[]
mega-millions-1997-10-31,,,,,,[]
mega-millions-1997-11-07,,,,,,[]
mega-millions-1997-11-14,,,,,,[]
mega-millions-1997-11-21,,,,,,[]
mega-millions-1997-11-28,,,,,,[]
mega-millions-1997-12-05,,,,,,[]
mega-millions-1997-12-12,,,,,,[]
mega-millions-1997-12-19,,,,,,[]
mega-millions-1997-12-26,,,,,,[]
mega-millions-1998-01-02,,,,,,[]
mega-millions-1998-01-09,,,,,,[]
mega-millions-1998-01-16,,,,,,[]
mega-millions-1998-01-23,,,,,,[]
mega-millions-1998-01-30,,,,,,[]
mega-millions-1998-02-06,,,,,,[]
mega-millions-1998-02-10,,,,,,[]
mega-millions-1998-02-13,,,,,,[]
mega-millions-1998-02-17,,,,,,[]
mega-millions-1998-02-20,,,,,,[]
mega-millions-1998-02-24,,,,,,[]
mega-millions-1998-02-27,,,,,,[]
mega-millions-1998-03-03,,,,,,[]
mega-millions-1998-03-06,,,,,,[]
mega-millions-1998-03-10,,,,,,[]
mega-millions-1998-03-13,,,,,,[]
mega-millions-1998-03-17,,,,,,[]
mega-millions-1998-03-20,,,,,,[]
mega-millions-1998-03-24,,,,,,[]
mega-millions-1998-03-27,,,,,,[]
mega-millions-1998-03-31,,,,,,[]
mega-millions-1998-04-03,,,,,,[]
mega-millions-1998-04-07,,,,,,[]
mega-millions-1998-04-10,,,,,,[]
mega-millions-1998-04-14,,,,,,[]
mega-millions-1998-04-17,,,,,,[]
mega-millions-1998-04-21,,,,,,[]
mega-millions-1998-04-24,,,,,,[]
mega-millions-1998-04-28,,,,,,[]
mega-millions-1998-05-01,,,,,,[]
mega-millions-1998-05-05,,,,,,[]
mega-millions-1998-05-08,,,,,,[]
mega-millions-1998-05-12,,,,,,[]
mega-millions-1998-05-15,,,,,,[]
mega-millions-1998-05-19,,,,,,[]
mega-millions-1998-05-22,,,,,,[]
mega-millions-1998-05-26,,,,,,[]
mega-millions-1998-05-29,,,,,,[]
mega-millions-1998-06-02,,,,,,[]
mega-millions-1998-06-05,,,,,,[]
mega-millions-1998-06-09,,,,,,[]
mega-millions-1998-06-12,,,,,,[]
mega-millions-1998-06-16,,,,,,[]
mega-millions-1998-06-19,,,,,,[]
mega-millions-1998-06-23,,,,,,[]
mega-millions-1998-06-26,,,,,,[]
mega-millions-1998-06-30,,,,,,[]
mega-millions-1998-07-03,,,,,,[]
mega-millions-1998-07-07,,,,,,[]
mega-millions-1998-07-10,,,,,,[]
mega-millions-1998-07-14,,,,,,[]
mega-millions-1998-07-17,,,,,,[]
mega-millions-1998-07-21,,,,,,[]
mega-millions-1998-07-24,,,,,,[]
mega-millions-1998-07-28,,,,,,[]
mega-millions-1998-07-31,,,,,,[]
mega-millions-1998-08-04,,,,,,[]
mega-millions-1998-08-07,,,,,,[]
mega-millions-1998-08-11,,,,,,[]
mega-millions-1998-08-14,,,,,,[]
mega-millions-1998-08-18,,,,,,[]
mega-millions-1998-08-21,,,,,,[]
mega-millions-1998-08-25,,,,,,[]
mega-millions-1998-08-28,,,,,,[]
mega-millions-1998-09-01,,,,,,[]
mega-millions-1998-09-04,,,,,,[]
mega-millions-1998-09-08,,,,,,[]
mega-millions-1998-09-11,,,,,,[]
mega-millions-1998-09-15,,,,,,[]
mega-millions-1998-09-18,,,,,,[]
mega-millions-1998-09-22,,,,,,[]
mega-millions-1998-09-25,,,,,,[]
mega-millions-1998-09-29,,,,,,[]
mega-millions-1998-10-02,,,,,,[]
mega-millions-1998-10-06,,,,,,[]
mega-millions-1998-10-09,,,,,,[]
mega-millions-1998-10-13,,,,,,[]
mega-millions-1998-10-16,,,,,,[]
mega-millions-1998-10-20,,,,,,[]
mega-millions-1998-10-23,,,,,,[]
mega-millions-1998-10-27,,,,,,[]
mega-millions-1998-10-30,,,,,,[]
mega-millions-1998-11-03,,,,,,[]
mega-millions-1998-11-06,,,,,,[]
mega-millions-1998-11-10,,,,,,[]
mega-millions-1998-11-13,,,,,,[]
mega-millions-1998-11-17,,,,,,[]
mega-millions-1998-11-20,,,,,,[]
mega-millions-1998-11-24,,,,,,[]
mega-millions-1998-11-27,,,,,,[]
mega-millions-1998-12-01,,,,,,[]
mega-millions-1998-12-04,,,,,,[]
mega-millions-1998-12-08,,,,,,[]
mega-millions-1998-12-11,,,,,,[]
mega-millions-1998-12-15,,,,,,[]
mega-millions-1998-12-18,,,,,,[]
mega-millions-1998-12-22,,,,,,[]
mega-millions-1998-12-25,,,,,,[]
mega-millions-1998-12-29,,,,,,[]
mega-millions-1999-01-01,,,,,,[]
mega-millions-1999-01-05,,,,,,[]
mega-millions-1999-01-08,,,,,,[]
mega-millions-1999-01-12,,,,,,[]
mega-millions-1999-01-15,,,,,,[]
mega-millions-1999-01-19,,,,,,[]
mega-millions-1999-01-22,,,,,,[]
mega-millions-1999-01-26,,,,,,[]
mega-millions-1999-01-29,,,,,,[]
mega-millions-1999-02-02,,,,,,[]
mega-millions-1999-02-05,,,,,,[]
mega-millions-1999-02-09,,,,,,[]
mega-millions-1999-02-12,,,,,,[]
mega-millions-1999-02-16,,,,,,[]
mega-millions-1999-02-19,,,,,,[]
mega-millions-1999-02-23,,,,,,[]
mega-millions-1999-02-26,,,,,,[]
mega-millions-1999-03-02,,,,,,[]
mega-millions-1999-03-05,,,,,,[]
mega-millions-1999-03-09,,,,,,[]
mega-millions-1999-03-12,,,,,,[]
mega-millions-1999-03-16,,,,,,[]
mega-millions-1999-03-19,,,,,,[]
mega-millions-1999-03-23,,,,,,[]
mega-millions-1999-03-26,,,,,,[]
mega-millions-1999-03-30,,,,,,[]
mega-millions-1999-04-02,,,,,,[]
mega-millions-1999-04-06,,,,,,[]
mega-millions-1999-04-09,,,,,,[]
mega-millions-1999-04-13,,,,,,[]
mega-millions-1999-04-16,,,,,,[]
mega-millions-1999-04-20,,,,,,[]
mega-millions-1999-04-23,,,,,,[]
mega-millions-1999-04-27,,,,,,[]
mega-millions-1999-04-30,,,,,,[]
mega-millions-1999-05-04,,,,,,[]
mega-millions-1999-05-07,,,,,,[]
mega-millions-1999-05-11,,,,,,[]
mega-millions-1999-05-14,,,,,,[]
mega-millions-1999-05-18,,,,,,[]
mega-millions-1999-05-21,,,,,,[]
mega-millions-1999-05-25,,,,,,[]
mega-millions-1999-05-28,,,,,,[]
mega-millions-1999-06-01,,,,,,[]
mega-millions-1999-06-04,,,,,,[]
mega-millions-1999-06-08,,,,,,[]
mega-millions-1999-06-11,,,,,,[]
mega-millions-1999-06-15,,,,,,[]
mega-millions-1999-06-18,,,,,,[]
mega-millions-1999-06-22,,,,,,[]
mega-millions-1999-06-25,,,,,,[]
mega-millions-1999-06-29,,,,,,[]
mega-millions-1999-07-02,,,,,,[]
mega-millions-1999-07-06,,,,,,[]
mega-millions-1999-07-09,,,,,,[]
mega-millions-1999-07-13,,,,,,[]
mega-millions-1999-07-16,,,,,,[]
mega-millions-1999-07-20,,,,,,[]
mega-millions-1999-07-23,,,,,,[]
mega-millions-1999-07-27,,,,,,[]
mega-millions-1999-07-30,,,,,,[]
mega-millions-1999-08-03,,,,,,[]
mega-millions-1999-08-06,,,,,,[]
mega-millions-1999-08-10,,,,,,[]
mega-millions-1999-08-13,,,,,,[]
mega-millions-1999-08-17,,,,,,[]
mega-millions-1999-08-20,,,,,,[]
mega-millions-1999-08-24,,,,,,[]
mega-millions-1999-08-27,,,,,,[]
mega-millions-1999-08-31,,,,,,[]
mega-millions-1999-09-03,,,,,,[]
mega-millions-1999-09-07,,,,,,[]
mega-millions-1999-09-10,,,,,,[]
mega-millions-1999-09-14,,,,,,[]
mega-millions-1999-09-17,,,,,,[]
mega-millions-1999-09-21,,,,,,[]
mega-millions-1999-09-24,,,,,,[]
mega-millions-1999-09-28,,,,,,[]
mega-millions-1999-10-01,,,,,,[]
mega-millions-1999-10-05,,,,,,[]
mega-millions-1999-10-08,,,,,,[]
mega-millions-1999-10-12,,,,,,[]
mega-millions-1999-10-15,,,,,,[]
mega-millions-1999-10-19,,,,,,[]
mega-millions-1999-10-22,,,,,,[]
mega-millions-1999-10-26,,,,,,[]
mega-millions-1999-10-29,,,,,,[]
mega-millions-1999-11-02,,,,,,[]
mega-millions-1999-11-05,,,,,,[]
mega-millions-1999-11-09,,,,,,[]
mega-millions-1999-11-12,,,,,,[]
mega-millions-1999-11-16,,,,,,[]
mega-millions-1999-11-19,,,,,,[]
mega-millions-1999-11-23,,,,,,[]
mega-millions-1999-11-26,,,,,,[]
mega-millions-1999-11-30,,,,,,[]
mega-millions-1999-12-03,,,,,,[]
mega-millions-1999-12-07,,,,,,[]
mega-millions-1999-12-10,,,,,,[]
mega-millions-1999-12-14,,,,,,[]
mega-millions-1999-12-17,,,,,,[]
mega-millions-1999-12-21,,,,,,[]
mega-millions-1999-12-24,,,,,,[]
mega-millions-1999-12-28,,,,,,[]
mega-millions-1999-12-31,,,,,,[]
mega-millions-2000-01-04,,,,,,[]
mega-millions-2000-01-07,,,,,,[]
mega-millions-2000-01-11,,,,,,[]
mega-millions-2000-01-14,,,,,,[]
mega-millions-2000-01-18,,,,,,[]
mega-millions-2000-01-21,,,,,,[]
mega-millions-2000-01-25,,,,,,[]
mega-millions-2000-01-28,,,,,,[]
mega-millions-2000-02-01,,,,,,[]
mega-millions-2000-02-04,,,,,,[]
mega-millions-2000-02-08,,,,,,[]
mega-millions-2000-02-11,,,,,,[]
mega-millions-2000-02-15,,,,,,[]
mega-millions-2000-02-18,,,,,,[]
mega-millions-2000-02-22,,,,,,[]
mega-millions-2000-02-25,,,,,,[]
mega-millions-2000-02-29,,,,,,[]
mega-millions-2000-03-03,,,,,,[]
mega-millions-2000-03-07,,,,,,[]
mega-millions-2000-03-10,,,,,,[]
mega-millions-2000-03-14,,,,,,[]
mega-millions-2000-03-17,,,,,,[]
mega-millions-2000-03-21,,,,,,[]
mega-millions-2000-03-24,,,,,,[]
mega-millions-2000-03-28,,,,,,[]
mega-millions-2000-03-31,,,,,,[]
mega-millions-2000-04-04,,,,,,[]
mega-millions-2000-04-07,,,,,,[]
mega-millions-2000-04-11,,,,,,[]
mega-millions-2000-04-14,,,,,,[]
mega-millions-2000-04-18,,,,,,[]
mega-millions-2000-04-21,,,,,,[]
mega-millions-2000-04-25,,,,,,[]
mega-millions-2000-04-28,,,,,,[]
mega-millions-2000-05-02,,,,,,[]
mega-millions-2000-05-05,,,,,,[]
mega-millions-2000-05-09,,,,,,[]
mega-millions-2000-05-12,,,,,,[]
mega-millions-2000-05-16,,,,,,[]
mega-millions-2000-05-19,,,,,,[]
mega-millions-2000-05-23,,,,,,[]
mega-millions-2000-05-26,,,,,,[]
mega-millions-2000-05-30,,,,,,[]
mega-millions-2000-06-02,,,,,,[]
mega-millions-2000-06-06,,,,,,[]
mega-millions-2000-06-09,,,,,,[]
mega-millions-2000-06-13,,,,,,[]
mega-millions-2000-06-16,,,,,,[]
mega-millions-2000-06-20,,,,,,[]
mega-millions-2000-06-23,,,,,,[]
mega-millions-2000-06-27,,,,,,[]
mega-millions-2000-06-30,,,,,,[]
mega-millions-2000-07-04,,,,,,[]
mega-millions-2000-07-07,,,,,,[]
mega-millions-2000-07-11,,,,,,[]
mega-millions-2000-07-14,,,,,,[]
mega-millions-2000-07-18,,,,,,[]
mega-millions-2000-07-21,,,,,,[]
mega-millions-2000-07-25,,,,,,[]
mega-millions-2000-07-28,,,,,,[]
mega-millions-2000-08-01,,,,,,[]
mega-millions-2000-08-04,,,,,,[]
mega-millions-2000-08-08,,,,,,[]
mega-millions-2000-08-11,,,,,,[]
mega-millions-2000-08-15,,,,,,[]
mega-millions-2000-08-18,,,,,,[]
mega-millions-2000-08-22,,,,,,[]
mega-millions-2000-08-25,,,,,,[]
mega-millions-2000-08-29,,,,,,[]
mega-millions-2000-09-01,,,,,,[]
mega-millions-2000-09-05,,,,,,[]
mega-millions-2000-09-08,,,,,,[]
mega-millions-2000-09-12,,,,,,[]
mega-millions-2000-09-15,,,,,,[]
mega-millions-2000-09-19,,,,,,[]
mega-millions-2000-09-22,,,,,,[]
mega-millions-2000-09-26,,,,,,[]
mega-millions-2000-09-29,,,,,,[]
mega-millions-2000-10-03,,,,,,[]
mega-millions-2000-10-06,,,,,,[]
mega-millions-2000-10-10,,,,,,[]
mega-millions-2000-10-13,,,,,,[]
mega-millions-2000-10-17,,,,,,[]
mega-millions-2000-10-20,,,,,,[]
mega-millions-2000-10-24,,,,,,[]
mega-millions-2000-10-27,,,,,,[]
mega-millions-2000-10-31,,,,,,[]
mega-millions-2000-11-03,,,,,,[]
mega-millions-2000-11-07,,,,,,[]
mega-millions-2000-11-10,,,,,,[]
mega-millions-2000-11-14,,,,,,[]
mega-millions-2000-11-17,,,,,,[]
mega-millions-2000-11-21,,,,,,[]
mega-millions-2000-11-24,,,,,,[]
mega-millions-2000-11-28,,,,,,[]
mega-millions-2000-12-01,,,,,,[]
mega-millions-2000-12-05,,,,,,[]
mega-millions-2000-12-08,,,,,,[]
mega-millions-2000-12-12,,,,,,[]
mega-millions-2000-12-15,,,,,,[]
mega-millions-2000-12-19,,,,,,[]
mega-millions-2000-12-22,,,,,,[]
mega-millions-2000-12-26,,,,,,[]
mega-millions-2000-12-29,,,,,,[]
mega-millions-2001-01-02,,,,,,[]
mega-millions-2001-01-05,,,,,,[]
mega-millions-2001-01-09,,,,,,[]
mega-millions-2001-01-12,,,,,,[]
mega-millions-2001-01-16,,,,,,[]
mega-millions-2001-01-19,,,,,,[]
mega-millions-2001-01-23,,,,,,[]
mega-millions-2001-01-26,,,,,,[]
mega-millions-2001-01-30,,,,,,[]
mega-millions-2001-02-02,,,,,,[]
mega-millions-2001-02-06,,,,,,[]
mega-millions-2001-02-09,,,,,,[]
mega-millions-2001-02-13,,,,,,[]
mega-millions-2001-02-16,,,,,,[]
mega-millions-2001-02-20,,,,,,[]
mega-millions-2001-02-23,,,,,,[]
mega-millions-2001-02-27,,,,,,[]
mega-millions-2001-03-02,,,,,,[]
mega-millions-2001-03-06,,,,,,[]
mega-millions-2001-03-09,,,,,,[]
mega-millions-2001-03-13,,,,,,[]
mega-millions-2001-03-16,,,,,,[]
mega-millions-2001-03-20,,,,,,[]
mega-millions-2001-03-23,,,,,,[]
mega-millions-2001-03-27,,,,,,[]
mega-millions-2001-03-30,,,,,,[]
mega-millions-2001-04-03,,,,,,[]
mega-millions-2001-04-06,,,,,,[]
mega-millions-2001-04-10,,,,,,[]
mega-millions-2001-04-13,,,,,,[]
mega-millions-2001-04-17,,,,,,[]
mega-millions-2001-04-20,,,,,,[]
mega-millions-2001-04-24,,,,,,[]
mega-millions-2001-04-27,,,,,,[]
mega-millions-2001-05-01,,,,,,[]
mega-millions-2001-05-04,,,,,,[]
mega-millions-2001-05-08,,,,,,[]
mega-millions-2001-05-11,,,,,,[]
mega-millions-2001-05-15,,,,,,[]
mega-millions-2001-05-18,,,,,,[]
mega-millions-2001-05-22,,,,,,[]
mega-millions-2001-05-25,,,,,,[]
mega-millions-2001-05-29,,,,,,[]
mega-millions-2001-06-01,,,,,,[]
mega-millions-2001-06-05,,,,,,[]
mega-millions-2001-06-08,,,,,,[]
mega-millions-2001-06-12,,,,,,[]
mega-millions-2001-06-15,,,,,,[]
mega-millions-2001-06-19,,,,,,[]
mega-millions-2001-06-22,,,,,,[]
mega-millions-2001-06-26,,,,,,[]
mega-millions-2001-06-29,,,,,,[]
mega-millions-2001-07-03,,,,,,[]
mega-millions-2001-07-06,,,,,,[]
mega-millions-2001-07-10,,,,,,[]
mega-millions-2001-07-13,,,,,,[]
mega-millions-2001-07-17,,,,,,[]
mega-millions-2001-07-20,,,,,,[]
mega-millions-2001-07-24,,,,,,[]
mega-millions-2001-07-27,,,,,,[]
mega-millions-2001-07-31,,,,,,[]
mega-millions-2001-08-03,,,,,,[]
mega-millions-2001-08-07,,,,,,[]
mega-millions-2001-08-10,,,,,,[]
mega-millions-2001-08-14,,,,,,[]
mega-millions-2001-08-17,,,,,,[]
mega-millions-2001-08-21,,,,,,[]
mega-millions-2001-08-24,,,,,,[]
mega-millions-2001-08-28,,,,,,[]
mega-millions-2001-08-31,,,,,,[]
mega-millions-2001-09-04,,,,,,[]
mega-millions-2001-09-07,,,,,,[]
mega-millions-2001-09-11,,,,,,[]
mega-millions-2001-09-14,,,,,,[]
mega-millions-2001-09-18,,,,,,[]
mega-millions-2001-09-21,,,,,,[]
mega-millions-2001-09-25,,,,,,[]
mega-millions-2001-09-28,,,,,,[]
mega-millions-2001-10-02,,,,,,[]
mega-millions-2001-10-05,,,,,,[]
mega-millions-2001-10-09,,,,,,[]
mega-millions-2001-10-12,,,,,,[]
mega-millions-2001-10-16,,,,,,[]
mega-millions-2001-10-19,,,,,,[]
mega-millions-2001-10-23,,,,,,[]
mega-millions-2001-10-26,,,,,,[]
mega-millions-2001-10-30,,,,,,[]
mega-millions-2001-11-02,,,,,,[]
mega-millions-2001-11-06,,,,,,[]
mega-millions-2001-11-09,,,,,,[]
mega-millions-2001-11-13,,,,,,[]
mega-millions-2001-11-16,,,,,,[]
mega-millions-2001-11-20,,,,,,[]
mega-millions-2001-11-23,,,,,,[]
mega-millions-2001-11-27,,,,,,[]
mega-millions-2001-11-30,,,,,,[]
mega-millions-2001-12-04,,,,,,[]
mega-millions-2001-12-07,,,,,,[]
mega-millions-2001-12-11,,,,,,[]
mega-millions-2001-12-14,,,,,,[]
mega-millions-2001-12-18,,,,,,[]
mega-millions-2001-12-21,,,,,,[]
mega-millions-2001-12-25,,,,,,[]
mega-millions-2001-12-28,,,,,,[]
mega-millions-2002-01-01,,,,,,[]
mega-millions-2002-01-04,,,,,,[]
mega-millions-2002-01-08,,,,,,[]
mega-millions-2002-01-11,,,,,,[]
mega-millions-2002-01-15,,,,,,[]
mega-millions-2002-01-18,,,,,,[]
mega-millions-2002-01-22,,,,,,[]
mega-millions-2002-01-25,,,,,,[]
mega-millions-2002-01-29,,,,,,[]
mega-millions-2002-02-01,,,,,,[]
mega-millions-2002-02-05,,,,,,[]
mega-millions-2002-02-08,,,,,,[]
mega-millions-2002-02-12,,,,,,[]
mega-millions-2002-02-15,,,,,,[]
mega-millions-2002-02-19,,,,,,[]
mega-millions-2002-02-22,,,,,,[]
mega-millions-2002-02-26,,,,,,[]
mega-millions-2002-03-01,,,,,,[]
mega-millions-2002-03-05,,,,,,[]
mega-millions-2002-03-08,,,,,,[]
mega-millions-2002-03-12,,,,,,[]
mega-millions-2002-03-15,,,,,,[]
mega-millions-2002-03-19,,,,,,[]
mega-millions-2002-03-22,,,,,,[]
mega-millions-2002-03-26,,,,,,[]
mega-millions-2002-03-29,,,,,,[]
mega-millions-2002-04-02,,,,,,[]
mega-millions-2002-04-05,,,,,,[]
mega-millions-2002-04-09,,,,,,[]
mega-millions-2002-04-12,,,,,,[]
mega-millions-2002-04-16,,,,,,[]
mega-millions-2002-04-19,,,,,,[]
mega-millions-2002-04-23,,,,,,[]
mega-millions-2002-04-26,,,,,,[]
mega-millions-2002-04-30,,,,,,[]
mega-millions-2002-05-03,,,,,,[]
mega-millions-2002-05-07,,,,,,[]
mega-millions-2002-05-10,,,,,,[]
mega-millions-2002-05-14,,,,,,[]
mega-millions-2002-05-17,,,,,,[]
mega-millions-2002-05-21,,,,,,[]
mega-millions-2002-05-24,,,,,,[]
mega-millions-2002-05-28,,,,,,[]
mega-millions-2002-05-31,,,,,,[]
mega-millions-2002-06-04,,,,,,[]
mega-millions-2002-06-07,,,,,,[]
mega-millions-2002-06-11,,,,,,[]
mega-millions-2002-06-14,,,,,,[]
mega-millions-2002-06-18,,,,,,[]
mega-millions-2002-06-21,,,,,,[]
mega-millions-2002-06-25,,,,,,[]
mega-millions-2002-06-28,,,,,,[]
mega-millions-2002-07-02,,,,,,[]
mega-millions-2002-07-05,,,,,,[]
mega-millions-2002-07-09,,,,,,[]
mega-millions-2002-07-12,,,,,,[]
mega-millions-2002-07-16,,,,,,[]
mega-millions-2002-07-19,,,,,,[]
mega-millions-2002-07-23,,,,,,[]
mega-millions-2002-07-26,,,,,,[]
mega-millions-2002-07-30,,,,,,[]
mega-millions-2002-08-02,,,,,,[]
mega-millions-2002-08-06,,,,,,[]
mega-millions-2002-08-09,,,,,,[]
mega-millions-2002-08-13,,,,,,[]
mega-millions-2002-08-16,,,,,,[]
mega-millions-2002-08-20,,,,,,[]
mega-millions-2002-08-23,,,,,,[]
mega-millions-2002-08-27,,,,,,[]
mega-millions-2002-08-30,,,,,,[]
mega-millions-2002-09-03,,,,,,[]
mega-millions-2002-09-06,,,,,,[]
mega-millions-2002-09-10,,,,,,[]
mega-millions-2002-09-13,,,,,,[]
mega-millions-2002-09-17,,,,,,[]
mega-millions-2002-09-20,,,,,,[]
mega-millions-2002-09-24,,,,,,[]
mega-millions-2002-09-27,,,,,,[]
mega-millions-2002-10-01,,,,,,[]
mega-millions-2002-10-04,,,,,,[]
mega-millions-2002-10-08,,,,,,[]
mega-millions-2002-10-11,,,,,,[]
mega-millions-2002-10-15,,,,,,[]
mega-millions-2002-10-18,,,,,,[]
mega-millions-2002-10-22,,,,,,[]
mega-millions-2002-10-25,,,,,,[]
mega-millions-2002-10-29,,,,,,[]
mega-millions-2002-11-01,,,,,,[]
mega-millions-2002-11-05,,,,,,[]
mega-millions-2002-11-08,,,,,,[]
mega-millions-2002-11-12,,,,,,[]
mega-millions-2002-11-15,,,,,,[]
mega-millions-2002-11-19,,,,,,[]
mega-millions-2002-11-22,,,,,,[]
mega-millions-2002-11-26,,,,,,[]
mega-millions-2002-11-29,,,,,,[]
mega-millions-2002-12-03,,,,,,[]
mega-millions-2002-12-06,,,,,,[]
mega-millions-2002-12-10,,,,,,[]
mega-millions-2002-12-13,,,,,,[]
mega-millions-2002-12-17,,,,,,[]
mega-millions-2002-12-20,,,,,,[]
mega-millions-2002-12-24,,,,,,[]
mega-millions-2002-12-27,,,,,,[]
mega-millions-2002-12-31,,,,,,[]
mega-millions-2003-01-03,,,,,,[]
mega-millions-2003-01-07,,,,,,[]
mega-millions-2003-01-10,,,,,,[]
mega-millions-2003-01-14,,,,,,[]
mega-millions-2003-01-17,,,,,,[]
mega-millions-2003-01-21,,,,,,[]
mega-millions-2003-01-24,,,,,,[]
mega-millions-2003-01-28,,,,,,[]
mega-millions-2003-01-31,,,,,,[]
mega-millions-2003-02-04,,,,,,[]
mega-millions-2003-02-07,,,,,,[]
mega-millions-2003-02-11,,,,,,[]
mega-millions-2003-02-14,,,,,,[]
mega-millions-2003-02-18,,,,,,[]
mega-millions-2003-02-21,,,,,,[]
mega-millions-2003-02-25,,,,,,[]
mega-millions-2003-02-28,,,,,,[]
mega-millions-2003-03-04,,,,,,[]
mega-millions-2003-03-07,,,,,,[]
mega-millions-2003-03-11,,,,,,[]
mega-millions-2003-03-14,,,,,,[]
mega-millions-2003-03-18,,,,,,[]
mega-millions-2003-03-21,,,,,,[]
mega-millions-2003-03-25,,,,,,[]
mega-millions-2003-03-28,,,,,,[]
mega-millions-2003-04-01,,,,,,[]
mega-millions-2003-04-04,,,,,,[]
mega-millions-2003-04-08,,,,,,[]
mega-millions-2003-04-11,,,,,,[]
mega-millions-2003-04-15,,,,,,[]
mega-millions-2003-04-18,,,,,,[]
mega-millions-2003-04-22,,,,,,[]
mega-millions-2003-04-25,,,,,,[]
mega-millions-2003-04-29,,,,,,[]
mega-millions-2003-05-02,,,,,,[]
mega-millions-2003-05-06,,,,,,[]
mega-millions-2003-05-09,,,,,,[]
mega-millions-2003-05-13,,,,,,[]
mega-millions-2003-05-16,,,,,,[]
mega-millions-2003-05-20,,,,,,[]
mega-millions-2003-05-23,,,,,,[]
mega-millions-2003-05-27,,,,,,[]
mega-millions-2003-05-30,,,,,,[]
mega-millions-2003-06-03,,,,,,[]
mega-millions-2003-06-06,,,,,,[]
mega-millions-2003-06-10,,,,,,[]
mega-millions-2003-06-13,,,,,,[]
mega-millions-2003-06-17,,,,,,[]
mega-millions-2003-06-20,,,,,,[]
mega-millions-2003-06-24,,,,,,[]
mega-millions-2003-06-27,,,,,,[]
mega-millions-2003-07-01,,,,,,[]
mega-millions-2003-07-04,,,,,,[]
mega-millions-2003-07-08,,,,,,[]
mega-millions-2003-07-11,,,,,,[]
mega-millions-2003-07-15,,,,,,[]
mega-millions-2003-07-18,,,,,,[]
mega-millions-2003-07-22,,,,,,[]
mega-millions-2003-07-25,,,,,,[]
mega-millions-2003-07-29,,,,,,[]
mega-millions-2003-08-01,,,,,,[]
mega-millions-2003-08-05,,,,,,[]
mega-millions-2003-08-08,,,,,,[]
mega-millions-2003-08-12,,,,,,[]
mega-millions-2003-08-15,,,,,,[]
mega-millions-2003-08-19,,,,,,[]
mega-millions-2003-08-22,,,,,,[]
mega-millions-2003-08-26,,,,,,[]
mega-millions-2003-08-29,,,,,,[]
mega-millions-2003-09-02,,,,,,[]
mega-millions-2003-09-05,,,,,,[]
mega-millions-2003-09-09,,,,,,[]
mega-millions-2003-09-12,,,,,,[]
mega-millions-2003-09-16,,,,,,[]
mega-millions-2003-09-19,,,,,,[]
mega-millions-2003-09-23,,,,,,[]
mega-millions-2003-09-26,,,,,,[]
mega-millions-2003-09-30,,,,,,[]
mega-millions-2003-10-03,,,,,,[]
mega-millions-2003-10-07,,,,,,[]
mega-millions-2003-10-10,,,,,,[]
mega-millions-2003-10-14,,,,,,[]
mega-millions-2003-10-17,,,,,,[]
mega-millions-2003-10-21,,,,,,[]
mega-millions-2003-10-24,,,,,,[]
mega-millions-2003-10-28,,,,,,[]
mega-millions-2003-10-31,,,,,,[]
mega-millions-2003-11-04,,,,,,[]
mega-millions-2003-11-07,,,,,,[]
mega-millions-2003-11-11,,,,,,[]
mega-millions-2003-11-14,,,,,,[]
mega-millions-2003-11-18,,,,,,[]
mega-millions-2003-11-21,,,,,,[]
mega-millions-2003-11-25,,,,,,[]
mega-millions-2003-11-28,,,,,,[]
mega-millions-2003-12-02,,,,,,[]
mega-millions-2003-12-05,,,,,,[]
mega-millions-2003-12-09,,,,,,[]
mega-millions-2003-12-12,,,,,,[]
mega-millions-2003-12-16,,,,,,[]
mega-millions-2003-12-19,,,,,,[]
mega-millions-2003-12-23,,,,,,[]
mega-millions-2003-12-26,,,,,,[]
mega-millions-2003-12-30,,,,,,[]
mega-millions-2004-01-02,,,,,,[]
mega-millions-2004-01-06,,,,,,[]
mega-millions-2004-01-09,,,,,,[]
mega-millions-2004-01-13,,,,,,[]
mega-millions-2004-01-16,,,,,,[]
mega-millions-2004-01-20,,,,,,[]
mega-millions-2004-01-23,,,,,,[]
mega-millions-2004-01-27,,,,,,[]
mega-millions-2004-01-30,,,,,,[]
mega-millions-2004-02-03,,,,,,[]
mega-millions-2004-02-06,,,,,,[]
mega-millions-2004-02-10,,,,,,[]
mega-millions-2004-02-13,,,,,,[]
mega-millions-2004-02-17,,,,,,[]
mega-millions-2004-02-20,,,,,,[]
mega-millions-2004-02-24,,,,,,[]
mega-millions-2004-02-27,,,,,,[]
mega-millions-2004-03-02,,,,,,[]
mega-millions-2004-03-05,,,,,,[]
mega-millions-2004-03-09,,,,,,[]
mega-millions-2004-03-12,,,,,,[]
mega-millions-2004-03-16,,,,,,[]
mega-millions-2004-03-19,,,,,,[]
mega-millions-2004-03-23,,,,,,[]
mega-millions-2004-03-26,,,,,,[]
mega-millions-2004-03-30,,,,,,[]
mega-millions-2004-04-02,,,,,,[]
mega-millions-2004-04-06,,,,,,[]
mega-millions-2004-04-09,,,,,,[]
mega-millions-2004-04-13,,,,,,[]
mega-millions-2004-04-16,,,,,,[]
mega-millions-2004-04-20,,,,,,[]
mega-millions-2004-04-23,,,,,,[]
mega-millions-2004-04-27,,,,,,[]
mega-millions-2004-04-30,,,,,,[]
mega-millions-2004-05-04,,,,,,[]
mega-millions-2004-05-07,,,,,,[]
mega-millions-2004-05-11,,,,,,[]
mega-millions-2004-05-14,,,,,,[]
mega-millions-2004-05-18,,,,,,[]
mega-millions-2004-05-21,,,,,,[]
mega-millions-2004-05-25,,,,,,[]
mega-millions-2004-05-28,,,,,,[]
mega-millions-2004-06-01,,,,,,[]
mega-millions-2004-06-04,,,,,,[]
mega-millions-2004-06-08,,,,,,[]
mega-millions-2004-06-11,,,,,,[]
mega-millions-2004-06-15,,,,,,[]
mega-millions-2004-06-18,,,,,,[]
mega-millions-2004-06-22,,,,,,[]
mega-millions-2004-06-25,,,,,,[]
mega-millions-2004-06-29,,,,,,[]
mega-millions-2004-07-02,,,,,,[]
mega-millions-2004-07-06,,,,,,[]
mega-millions-2004-07-09,,,,,,[]
mega-millions-2004-07-13,,,,,,[]
mega-millions-2004-07-16,,,,,,[]
mega-millions-2004-07-20,,,,,,[]
mega-millions-2004-07-23,,,,,,[]
mega-millions-2004-07-27,,,,,,[]
mega-millions-2004-07-30,,,,,,[]
mega-millions-2004-08-03,,,,,,[]
mega-millions-2004-08-06,,,,,,[]
mega-millions-2004-08-10,,,,,,[]
mega-millions-2004-08-13,,,,,,[]
mega-millions-2004-08-17,,,,,,[]
mega-millions-2004-08-20,,,,,,[]
mega-millions-2004-08-24,,,,,,[]
mega-millions-2004-08-27,,,,,,[]
mega-millions-2004-08-31,,,,,,[]
mega-millions-2004-09-03,,,,,,[]
mega-millions-2004-09-07,,,,,,[]
mega-millions-2004-09-10,,,,,,[]
mega-millions-2004-09-14,,,,,,[]
mega-millions-2004-09-17,,,,,,[]
mega-millions-2004-09-21,,,,,,[]
mega-millions-2004-09-24,,,,,,[]
mega-millions-2004-09-28,,,,,,[]
mega-millions-2004-10-01,,,,,,[]
mega-millions-2004-10-05,,,,,,[]
mega-millions-2004-10-08,,,,,,[]
mega-millions-2004-10-12,,,,,,[]
mega-millions-2004-10-15,,,,,,[]
mega-millions-2004-10-19,,,,,,[]
mega-millions-2004-10-22,,,,,,[]
mega-millions-2004-10-26,,,,,,[]
mega-millions-2004-10-29,,,,,,[]
mega-millions-2004-11-02,,,,,,[]
mega-millions-2004-11-05,,,,,,[]
mega-millions-2004-11-09,,,,,,[]
mega-millions-2004-11-12,,,,,,[]
mega-millions-2004-11-16,,,,,,[]
mega-millions-2004-11-19,,,,,,[]
mega-millions-2004-11-23,,,,,,[]
mega-millions-2004-11-26,,,,,,[]
mega-millions-2004-11-30,,,,,,[]
mega-millions-2004-12-03,,,,,,[]
mega-millions-2004-12-07,,,,,,[]
mega-millions-2004-12-10,,,,,,[]
mega-millions-2004-12-14,,,,,,[]
mega-millions-2004-12-17,,,,,,[]
mega-millions-2004-12-21,,,,,,[]
mega-millions-2004-12-24,,,,,,[]
mega-millions-2004-12-28,,,,,,[]
mega-millions-2004-12-31,,,,,,[]
mega-millions-2005-01-04,,,,,,[]
mega-millions-2005-01-07,,,,,,[]
mega-millions-2005-01-11,,,,,,[]
mega-millions-2005-01-14,,,,,,[]
mega-millions-2005-01-18,,,,,,[]
mega-millions-2005-01-21,,,,,,[]
mega-millions-2005-01-25,,,,,,[]
mega-millions-2005-01-28,,,,,,[]
mega-millions-2005-02-01,,,,,,[]
mega-millions-2005-02-04,,,,,,[]
mega-millions-2005-02-08,,,,,,[]
mega-millions-2005-02-11,,,,,,[]
mega-millions-2005-02-15,,,,,,[]
mega-millions-2005-02-18,,,,,,[]
mega-millions-2005-02-22,,,,,,[]
mega-millions-2005-02-25,,,,,,[]
mega-millions-2005-03-01,,,,,,[]
mega-millions-2005-03-04,,,,,,[]
mega-millions-2005-03-08,,,,,,[]
mega-millions-2005-03-11,,,,,,[]
mega-millions-2005-03-15,,,,,,[]
mega-millions-2005-03-18,,,,,,[]
mega-millions-2005-03-22,,,,,,[]
mega-millions-2005-03-25,,,,,,[]
mega-millions-2005-03-29,,,,,,[]
mega-millions-2005-04-01,,,,,,[]
mega-millions-2005-04-05,,,,,,[]
mega-millions-2005-04-08,,,,,,[]
mega-millions-2005-04-12,,,,,,[]
mega-millions-2005-04-15,,,,,,[]
mega-millions-2005-04-19,,,,,,[]
mega-millions-2005-04-22,,,,,,[]
mega-millions-2005-04-26,,,,,,[]
mega-millions-2005-04-29,,,,,,[]
mega-millions-2005-05-03,,,,,,[]
mega-millions-2005-05-06,,,,,,[]
mega-millions-2005-05-10,,,,,,[]
mega-millions-2005-05-13,,,,,,[]
mega-millions-2005-05-17,,,,,,[]
mega-millions-2005-05-20,,,,,,[]
mega-millions-2005-05-24,,,,,,[]
mega-millions-2005-05-27,,,,,,[]
mega-millions-2005-05-31,,,,,,[]
mega-millions-2005-06-03,,,,,,[]
mega-millions-2005-06-07,,,,,,[]
mega-millions-2005-06-10,,,,,,[]
mega-millions-2005-06-14,,,,,,[]
mega-millions-2005-06-17,,,,,,[]
mega-millions-2005-06-21,,,,,,[]
mega-millions-2005-06-24,,,,,,[]
mega-millions-2005-06-28,,,,,,[]
mega-millions-2005-07-01,,,,,,[]
mega-millions-2005-07-05,,,,,,[]
mega-millions-2005-07-08,,,,,,[]
mega-millions-2005-07-12,,,,,,[]
mega-millions-2005-07-15,,,,,,[]
mega-millions-2005-07-19,,,,,,[]
mega-millions-2005-07-22,,,,,,[]
mega-millions-2005-07-26,,,,,,[]
mega-millions-2005-07-29,,,,,,[]
mega-millions-2005-08-02,,,,,,[]
mega-millions-2005-08-05,,,,,,[]
mega-millions-2005-08-09,,,,,,[]
mega-millions-2005-08-12,,,,,,[]
mega-millions-2005-08-16,,,,,,[]
mega-millions-2005-08-19,,,,,,[]
mega-millions-2005-08-23,,,,,,[]
mega-millions-2005-08-26,,,,,,[]
mega-millions-2005-08-30,,,,,,[]
mega-millions-2005-09-02,,,,,,[]
mega-millions-2005-09-06,,,,,,[]
mega-millions-2005-09-09,,,,,,[]
mega-millions-2005-09-13,,,,,,[]
mega-millions-2005-09-16,,,,,,[]
mega-millions-2005-09-20,,,,,,[]
mega-millions-2005-09-23,,,,,,[]
mega-millions-2005-09-27,,,,,,[]
mega-millions-2005-09-30,,,,,,[]
mega-millions-2005-10-04,,,,,,[]
mega-millions-2005-10-07,,,,,,[]
mega-millions-2005-10-11,,,,,,[]
mega-millions-2005-10-14,,,,,,[]
mega-millions-2005-10-18,,,,,,[]
mega-millions-2005-10-21,,,,,,[]
mega-millions-2005-10-25,,,,,,[]
mega-millions-2005-10-28,,,,,,[]
mega-millions-2005-11-01,,,,,,[]
mega-millions-2005-11-04,,,,,,[]
mega-millions-2005-11-08,,,,,,[]
mega-millions-2005-11-11,,,,,,[]
mega-millions-2005-11-15,,,,,,[]
mega-millions-2005-11-18,,,,,,[]
mega-millions-2005-11-22,,,,,,[]
mega-millions-2005-11-25,,,,,,[]
mega-millions-2005-11-29,,,,,,[]
mega-millions-2005-12-02,,,,,,[]
mega-millions-2005-12-06,,,,,,[]
mega-millions-2005-12-09,,,,,,[]
mega-millions-2005-12-13,,,,,,[]
mega-millions-2005-12-16,,,,,,[]
mega-millions-2005-12-20,,,,,,[]
mega-millions-2005-12-23,,,,,,[]
mega-millions-2005-12-27,,,,,,[]
mega-millions-2005-12-30,,,,,,[]
mega-millions-2006-01-03,,,,,,[]
mega-millions-2006-01-06,,,,,,[]
mega-millions-2006-01-10,,,,,,[]
mega-millions-2006-01-13,,,,,,[]
mega-millions-2006-01-17,,,,,,[]
mega-millions-2006-01-20,,,,,,[]
mega-millions-2006-01-24,,,,,,[]
mega-millions-2006-01-27,,,,,,[]
mega-millions-2006-01-31,,,,,,[]
mega-millions-2006-02-03,,,,,,[]
mega-millions-2006-02-07,,,,,,[]
mega-millions-2006-02-10,,,,,,[]
mega-millions-2006-02-14,,,,,,[]
mega-millions-2006-02-17,,,,,,[]
mega-millions-2006-02-21,,,,,,[]
mega-millions-2006-02-24,,,,,,[]
mega-millions-2006-02-28,,,,,,[]
mega-millions-2006-03-03,,,,,,[]
mega-millions-2006-03-07,,,,,,[]
mega-millions-2006-03-10,,,,,,[]
mega-millions-2006-03-14,,,,,,[]
mega-millions-2006-03-17,,,,,,[]
mega-millions-2006-03-21,,,,,,[]
mega-millions-2006-03-24,,,,,,[]
mega-millions-2006-03-28,,,,,,[]
mega-millions-2006-03-31,,,,,,[]
mega-millions-2006-04-04,,,,,,[]
mega-millions-2006-04-07,,,,,,[]
mega-millions-2006-04-11,,,,,,[]
mega-millions-2006-04-14,,,,,,[]
mega-millions-2006-04-18,,,,,,[]
mega-millions-2006-04-21,,,,,,[]
mega-millions-2006-04-25,,,,,,[]
mega-millions-2006-04-28,,,,,,[]
mega-millions-2006-05-02,,,,,,[]
mega-millions-2006-05-05,,,,,,[]
mega-millions-2006-05-09,,,,,,[]
mega-millions-2006-05-12,,,,,,[]
mega-millions-2006-05-16,,,,,,[]
mega-millions-2006-05-19,,,,,,[]
mega-millions-2006-05-23,,,,,,[]
mega-millions-2006-05-26,,,,,,[]
mega-millions-2006-05-30,,,,,,[]
mega-millions-2006-06-02,,,,,,[]
mega-millions-2006-06-06,,,,,,[]
mega-millions-2006-06-09,,,,,,[]
mega-millions-2006-06-13,,,,,,[]
mega-millions-2006-06-16,,,,,,[]
mega-millions-2006-06-20,,,,,,[]
mega-millions-2006-06-23,,,,,,[]
mega-millions-2006-06-27,,,,,,[]
mega-millions-2006-06-30,,,,,,[]
mega-millions-2006-07-04,,,,,,[]
mega-millions-2006-07-07,,,,,,[]
mega-millions-2006-07-11,,,,,,[]
mega-millions-2006-07-14,,,,,,[]
mega-millions-2006-07-18,,,,,,[]
mega-millions-2006-07-21,,,,,,[]
mega-millions-2006-07-25,,,,,,[]
mega-millions-2006-07-28,,,,,,[]
mega-millions-2006-08-01,,,,,,[]
mega-millions-2006-08-04,,,,,,[]
mega-millions-2006-08-08,,,,,,[]
mega-millions-2006-08-11,,,,,,[]
mega-millions-2006-08-15,,,,,,[]
mega-millions-2006-08-18,,,,,,[]
mega-millions-2006-08-22,,,,,,[]
mega-millions-2006-08-25,,,,,,[]
mega-millions-2006-08-29,,,,,,[]
mega-millions-2006-09-01,,,,,,[]
mega-millions-2006-09-05,,,,,,[]
mega-millions-2006-09-08,,,,,,[]
mega-millions-2006-09-12,,,,,,[]
mega-millions-2006-09-15,,,,,,[]
mega-millions-2006-09-19,,,,,,[]
mega-millions-2006-09-22,,,,,,[]
mega-millions-2006-09-26,,,,,,[]
mega-millions-2006-09-29,,,,,,[]
mega-millions-2006-10-03,,,,,,[]
mega-millions-2006-10-06,,,,,,[]
mega-millions-2006-10-10,,,,,,[]
mega-millions-2006-10-13,,,,,,[]
mega-millions-2006-10-17,,,,,,[]
mega-millions-2006-10-20,,,,,,[]
mega-millions-2006-10-24,,,,,,[]
mega-millions-2006-10-27,,,,,,[]
mega-millions-2006-10-31,,,,,,[]
mega-millions-2006-11-03,,,,,,[]
mega-millions-2006-11-07,,,,,,[]
mega-millions-2006-11-10,,,,,,[]
mega-millions-2006-11-14,,,,,,[]
mega-millions-2006-11-17,,,,,,[]
mega-millions-2006-11-21,,,,,,[]
mega-millions-2006-11-24,,,,,,[]
mega-millions-2006-11-28,,,,,,[]
mega-millions-2006-12-01,,,,,,[]
mega-millions-2006-12-05,,,,,,[]
mega-millions-2006-12-08,,,,,,[]
mega-millions-2006-12-12,,,,,,[]
mega-millions-2006-12-15,,,,,,[]
mega-millions-2006-12-19,,,,,,[]
mega-millions-2006-12-22,,,,,,[]
mega-millions-2006-12-26,,,,,,[]
mega-millions-2006-12-29,,,,,,[]
mega-millions-2007-01-02,,,,,,[]
mega-millions-2007-01-05,,,,,,[]
mega-millions-2007-01-09,,,,,,[]
mega-millions-2007-01-12,,,,,,[]
mega-millions-2007-01-16,,,,,,[]
mega-millions-2007-01-19,,,,,,[]
mega-millions-2007-01-23,,,,,,[]
mega-millions-2007-01-26,,,,,,[]
mega-millions-2007-01-30,,,,,,[]
mega-millions-2007-02-02,,,,,,[]
mega-millions-2007-02-06,,,,,,[]
mega-millions-2007-02-09,,,,,,[]
mega-millions-2007-02-13,,,,,,[]
mega-millions-2007-02-16,,,,,,[]
mega-millions-2007-02-20,,,,,,[]
mega-millions-2007-02-23,,,,,,[]
mega-millions-2007-02-27,,,,,,[]
mega-millions-2007-03-02,,,,,,[]
mega-millions-2007-03-06,,,,,,[]
mega-millions-2007-03-09,,,,,,[]
mega-millions-2007-03-13,,,,,,[]
mega-millions-2007-03-16,,,,,,[]
mega-millions-2007-03-20,,,,,,[]
mega-millions-2007-03-23,,,,,,[]
mega-millions-2007-03-27,,,,,,[]
mega-millions-2007-03-30,,,,,,[]
mega-millions-2007-04-03,,,,,,[]
mega-millions-2007-04-06,,,,,,[]
mega-millions-2007-04-10,,,,,,[]
mega-millions-2007-04-13,,,,,,[]
mega-millions-2007-04-17,,,,,,[]
mega-millions-2007-04-20,,,,,,[]
mega-millions-2007-04-24,,,,,,[]
mega-millions-2007-04-27,,,,,,[]
mega-millions-2007-05-01,,,,,,[]
mega-millions-2007-05-04,,,,,,[]
mega-millions-2007-05-08,,,,,,[]
mega-millions-2007-05-11,,,,,,[]
mega-millions-2007-05-15,,,,,,[]
mega-millions-2007-05-18,,,,,,[]
mega-millions-2007-05-22,,,,,,[]
mega-millions-2007-05-25,,,,,,[]
mega-millions-2007-05-29,,,,,,[]
mega-millions-2007-06-01,,,,,,[]
mega-millions-2007-06-05,,,,,,[]
mega-millions-2007-06-08,,,,,,[]
mega-millions-2007-06-12,,,,,,[]
mega-millions-2007-06-15,,,,,,[]
mega-millions-2007-06-19,,,,,,[]
mega-millions-2007-06-22,,,,,,[]
mega-millions-2007-06-26,,,,,,[]
mega-millions-2007-06-29,,,,,,[]
mega-millions-2007-07-03,,,,,,[]
mega-millions-2007-07-06,,,,,,[]
mega-millions-2007-07-10,,,,,,[]
mega-millions-2007-07-13,,,,,,[]
mega-millions-2007-07-17,,,,,,[]
mega-millions-2007-07-20,,,,,,[]
mega-millions-2007-07-24,,,,,,[]
mega-millions-2007-07-27,,,,,,[]
mega-millions-2007-07-31,,,,,,[]
mega-millions-2007-08-03,,,,,,[]
mega-millions-2007-08-07,,,,,,[]
mega-millions-2007-08-10,,,,,,[]
mega-millions-2007-08-14,,,,,,[]
mega-millions-2007-08-17,,,,,,[]
mega-millions-2007-08-21,,,,,,[]
mega-millions-2007-08-24,,,,,,[]
mega-millions-2007-08-28,,,,,,[]
mega-millions-2007-08-31,,,,,,[]
mega-millions-2007-09-04,,,,,,[]
mega-millions-2007-09-07,,,,,,[]
mega-millions-2007-09-11,,,,,,[]
mega-millions-2007-09-14,,,,,,[]
mega-millions-2007-09-18,,,,,,[]
mega-millions-2007-09-21,,,,,,[]
mega-millions-2007-09-25,,,,,,[]
mega-millions-2007-09-28,,,,,,[]
mega-millions-2007-10-02,,,,,,[]
mega-millions-2007-10-05,,,,,,[]
mega-millions-2007-10-09,,,,,,[]
mega-millions-2007-10-12,,,,,,[]
mega-millions-2007-10-16,,,,,,[]
mega-millions-2007-10-19,,,,,,[]
mega-millions-2007-10-23,,,,,,[]
mega-millions-2007-10-26,,,,,,[]
mega-millions-2007-10-30,,,,,,[]
mega-millions-2007-11-02,,,,,,[]
mega-millions-2007-11-06,,,,,,[]
mega-millions-2007-11-09,,,,,,[]
mega-millions-2007-11-13,,,,,,[]
mega-millions-2007-11-16,,,,,,[]
mega-millions-2007-11-20,,,,,,[]
mega-millions-2007-11-23,,,,,,[]
mega-millions-2007-11-27,,,,,,[]
mega-millions-2007-11-30,,,,,,[]
mega-millions-2007-12-04,,,,,,[]
mega-millions-2007-12-07,,,,,,[]
mega-millions-2007-12-11,,,,,,[]
mega-millions-2007-12-14,,,,,,[]
mega-millions-2007-12-18,,,,,,[]
mega-millions-2007-12-21,,,,,,[]
mega-millions-2007-12-25,,,,,,[]
mega-millions-2007-12-28,,,,,,[]
mega-millions-2008-01-01,,,,,,[]
mega-millions-2008-01-04,,,,,,[]
mega-millions-2008-01-08,,,,,,[]
mega-millions-2008-01-11,,,,,,[]
mega-millions-2008-01-15,,,,,,[]
mega-millions-2008-01-18,,,,,,[]
mega-millions-2008-01-22,,,,,,[]
mega-millions-2008-01-25,,,,,,[]
mega-millions-2008-01-29,,,,,,[]
mega-millions-2008-02-01,,,,,,[]
mega-millions-2008-02-05,,,,,,[]
mega-millions-2008-02-08,,,,,,[]
mega-millions-2008-02-12,,,,,,[]
mega-millions-2008-02-15,,,,,,[]
mega-millions-2008-02-19,,,,,,[]
mega-millions-2008-02-22,,,,,,[]
mega-millions-2008-02-26,,,,,,[]
mega-millions-2008-02-29,,,,,,[]
mega-millions-2008-03-04,,,,,,[]
mega-millions-2008-03-07,,,,,,[]
mega-millions-2008-03-11,,,,,,[]
mega-millions-2008-03-14,,,,,,[]
mega-millions-2008-03-18,,,,,,[]
mega-millions-2008-03-21,,,,,,[]
mega-millions-2008-03-25,,,,,,[]
mega-millions-2008-03-28,,,,,,[]
mega-millions-2008-04-01,,,,,,[]
mega-millions-2008-04-04,,,,,,[]
mega-millions-2008-04-08,,,,,,[]
mega-millions-2008-04-11,,,,,,[]
mega-millions-2008-04-15,,,,,,[]
mega-millions-2008-04-18,,,,,,[]
mega-millions-2008-04-22,,,,,,[]
mega-millions-2008-04-25,,,,,,[]
mega-millions-2008-04-29,,,,,,[]
mega-millions-2008-05-02,,,,,,[]
mega-millions-2008-05-06,,,,,,[]
mega-millions-2008-05-09,,,,,,[]
mega-millions-2008-05-13,,,,,,[]
mega-millions-2008-05-16,,,,,,[]
mega-millions-2008-05-20,,,,,,[]
mega-millions-2008-05-23,,,,,,[]
mega-millions-2008-05-27,,,,,,[]
mega-millions-2008-05-30,,,,,,[]
mega-millions-2008-06-03,,,,,,[]
mega-millions-2008-06-06,,,,,,[]
mega-millions-2008-06-10,,,,,,[]
mega-millions-2008-06-13,,,,,,[]
mega-millions-2008-06-17,,,,,,[]
mega-millions-2008-06-20,,,,,,[]
mega-millions-2008-06-24,,,,,,[]
mega-millions-2008-06-27,,,,,,[]
mega-millions-2008-07-01,,,,,,[]
mega-millions-2008-07-04,,,,,,[]
mega-millions-2008-07-08,,,,,,[]
mega-millions-2008-07-11,,,,,,[]
mega-millions-2008-07-15,,,,,,[]
mega-millions-2008-07-18,,,,,,[]
mega-millions-2008-07-22,,,,,,[]
mega-millions-2008-07-25,,,,,,[]
mega-millions-2008-07-29,,,,,,[]
mega-millions-2008-08-01,,,,,,[]
mega-millions-2008-08-05,,,,,,[]
mega-millions-2008-08-08,,,,,,[]
mega-millions-2008-08-12,,,,,,[]
mega-millions-2008-08-15,,,,,,[]
mega-millions-2008-08-19,,,,,,[]
mega-millions-2008-08-22,,,,,,[]
mega-millions-2008-08-26,,,,,,[]
mega-millions-2008-08-29,,,,,,[]
mega-millions-2008-09-02,,,,,,[]
mega-millions-2008-09-05,,,,,,[]
mega-millions-2008-09-09,,,,,,[]
mega-millions-2008-09-12,,,,,,[]
mega-millions-2008-09-16,,,,,,[]
mega-millions-2008-09-19,,,,,,[]
mega-millions-2008-09-23,,,,,,[]
mega-millions-2008-09-26,,,,,,[]
mega-millions-2008-09-30,,,,,,[]
mega-millions-2008-10-03,,,,,,[]
mega-millions-2008-10-07,,,,,,[]
mega-millions-2008-10-10,,,,,,[]
mega-millions-2008-10-14,,,,,,[]
mega-millions-2008-10-17,,,,,,[]
mega-millions-2008-10-21,,,,,,[]
mega-millions-2008-10-24,,,,,,[]
mega-millions-2008-10-28,,,,,,[]
mega-millions-2008-10-31,,,,,,[]
mega-millions-2008-11-04,,,,,,[]
mega-millions-2008-11-07,,,,,,[]
mega-millions-2008-11-11,,,,,,[]
mega-millions-2008-11-14,,,,,,[]
mega-millions-2008-11-18,,,,,,[]
mega-millions-2008-11-21,,,,,,[]
mega-millions-2008-11-25,,,,,,[]
mega-millions-2008-11-28,,,,,,[]
mega-millions-2008-12-02,,,,,,[]
mega-millions-2008-12-05,,,,,,[]
mega-millions-2008-12-09,,,,,,[]
mega-millions-2008-12-12,,,,,,[]
mega-millions-2008-12-16,,,,,,[]
mega-millions-2008-12-19,,,,,,[]
mega-millions-2008-12-23,,,,,,[]
mega-millions-2008-12-26,,,,,,[]
mega-millions-2008-12-30,,,,,,[]
mega-millions-2009-01-02,,,,,,[]
mega-millions-2009-01-06,,,,,,[]
mega-millions-2009-01-09,,,,,,[]
mega-millions-2009-01-13,,,,,,[]
mega-millions-2009-01-16,,,,,,[]
mega-millions-2009-01-20,,,,,,[]
mega-millions-2009-01-23,,,,,,[]
mega-millions-2009-01-27,,,,,,[]
mega-millions-2009-01-30,,,,,,[]
mega-millions-2009-02-03,,,,,,[]
mega-millions-2009-02-06,,,,,,[]
mega-millions-2009-02-10,,,,,,[]
mega-millions-2009-02-13,,,,,,[]
mega-millions-2009-02-17,,,,,,[]
mega-millions-2009-02-20,,,,,,[]
mega-millions-2009-02-24,,,,,,[]
mega-millions-2009-02-27,,,,,,[]
mega-millions-2009-03-03,,,,,,[]
mega-millions-2009-03-06,,,,,,[]
mega-millions-2009-03-10,,,,,,[]
mega-millions-2009-03-13,,,,,,[]
mega-millions-2009-03-17,,,,,,[]
mega-millions-2009-03-20,,,,,,[]
mega-millions-2009-03-24,,,,,,[]
mega-millions-2009-03-27,,,,,,[]
mega-millions-2009-03-31,,,,,,[]
mega-millions-2009-04-03,,,,,,[]
mega-millions-2009-04-07,,,,,,[]
mega-millions-2009-04-10,,,,,,[]
mega-millions-2009-04-14,,,,,,[]
mega-millions-2009-04-17,,,,,,[]
mega-millions-2009-04-21,,,,,,[]
mega-millions-2009-04-24,,,,,,[]
mega-millions-2009-04-28,,,,,,[]
mega-millions-2009-05-01,,,,,,[]
mega-millions-2009-05-05,,,,,,[]
mega-millions-2009-05-08,,,,,,[]
mega-millions-2009-05-12,,,,,,[]
mega-millions-2009-05-15,,,,,,[]
mega-millions-2009-05-19,,,,,,[]
mega-millions-2009-05-22,,,,,,[]
mega-millions-2009-05-26,,,,,,[]
mega-millions-2009-05-29,,,,,,[]
mega-millions-2009-06-02,,,,,,[]
mega-millions-2009-06-05,,,,,,[]
mega-millions-2009-06-09,,,,,,[]
mega-millions-2009-06-12,,,,,,[]
mega-millions-2009-06-16,,,,,,[]
mega-millions-2009-06-19,,,,,,[]
mega-millions-2009-06-23,,,,,,[]
mega-millions-2009-06-26,,,,,,[]
mega-millions-2009-06-30,,,,,,[]
mega-millions-2009-07-03,,,,,,[]
mega-millions-2009-07-07,,,,,,[]
mega-millions-2009-07-10,,,,,,[]
mega-millions-2009-07-14,,,,,,[]
mega-millions-2009-07-17,,,,,,[]
mega-millions-2009-07-21,,,,,,[]
mega-millions-2009-07-24,,,,,,[]
mega-millions-2009-07-28,,,,,,[]
mega-millions-2009-07-31,,,,,,[]
mega-millions-2009-08-04,,,,,,[]
mega-millions-2009-08-07,,,,,,[]
mega-millions-2009-08-11,,,,,,[]
mega-millions-2009-08-14,,,,,,[]
mega-millions-2009-08-18,,,,,,[]
mega-millions-2009-08-21,,,,,,[]
mega-millions-2009-08-25,,,,,,[]
mega-millions-2009-08-28,,,,,,[]
mega-millions-2009-09-01,,,,,,[]
mega-millions-2009-09-04,,,,,,[]
mega-millions-2009-09-08,,,,,,[]
mega-millions-2009-09-11,,,,,,[]
mega-millions-2009-09-15,,,,,,[]
mega-millions-2009-09-18,,,,,,[]
mega-millions-2009-09-22,,,,,,[]
mega-millions-2009-09-25,,,,,,[]
mega-millions-2009-09-29,,,,,,[]
mega-millions-2009-10-02,,,,,,[]
mega-millions-2009-10-06,,,,,,[]
mega-millions-2009-10-09,,,,,,[]
mega-millions-2009-10-13,,,,,,[]
mega-millions-2009-10-16,,,,,,[]
mega-millions-2009-10-20,,,,,,[]
mega-millions-2009-10-23,,,,,,[]
mega-millions-2009-10-27,,,,,,[]
mega-millions-2009-10-30,,,,,,[]
mega-millions-2009-11-03,,,,,,[]
mega-millions-2009-11-06,,,,,,[]
mega-millions-2009-11-10,,,,,,[]
mega-millions-2009-11-13,,,,,,[]
mega-millions-2009-11-17,,,,,,[]
mega-millions-2009-11-20,,,,,,[]
mega-millions-2009-11-24,,,,,,[]
mega-millions-2009-11-27,,,,,,[]
mega-millions-2009-12-01,,,,,,[]
mega-millions-2009-12-04,,,,,,[]
mega-millions-2009-12-08,,,,,,[]
mega-millions-2009-12-11,,,,,,[]
mega-millions-2009-12-15,,,,,,[]
mega-millions-2009-12-18,,,,,,[]
mega-millions-2009-12-22,,,,,,[]
mega-millions-2009-12-25,,,,,,[]
mega-millions-2009-12-29,,,,,,[]
mega-millions-2010-01-01,,,,,,[]
mega-millions-2010-01-05,,,,,,[]
mega-millions-2010-01-08,,,,,,[]
mega-millions-2010-01-12,,,,,,[]
mega-millions-2010-01-15,,,,,,[]
mega-millions-2010-01-19,,,,,,[]
mega-millions-2010-01-22,,,,,,[]
mega-millions-2010-01-26,,,,,,[]
mega-millions-2010-01-29,,,,,,[]
mega-millions-2010-02-02,,,,,,[]
mega-millions-2010-02-05,,,,,,[]
mega-millions-2010-02-09,,,,,,[]
mega-millions-2010-02-12,,,,,,[]
mega-millions-2010-02-16,,,,,,[]
mega-millions-2010-02-19,,,,,,[]
mega-millions-2010-02-23,,,,,,[]
mega-millions-2010-02-26,,,,,,[]
mega-millions-2010-03-02,,,,,,[]
mega-millions-2010-03-05,,,,,,[]
mega-millions-2010-03-09,,,,,,[]
mega-millions-2010-03-12,,,,,,[]
mega-millions-2010-03-16,,,,,,[]
mega-millions-2010-03-19,,,,,,[]
mega-millions-2010-03-23,,,,,,[]
mega-millions-2010-03-26,,,,,,[]
mega-millions-2010-03-30,,,,,,[]
mega-millions-2010-04-02,,,,,,[]
mega-millions-2010-04-06,,,,,,[]
mega-millions-2010-04-09,,,,,,[]
mega-millions-2010-04-13,,,,,,[]
mega-millions-2010-04-16,,,,,,[]
mega-millions-2010-04-20,,,,,,[]
mega-millions-2010-04-23,,,,,,[]
mega-millions-2010-04-27,,,,,,[]
mega-millions-2010-04-30,,,,,,[]
mega-millions-2010-05-04,,,,,,[]
mega-millions-2010-05-07,,,,,,[]
mega-millions-2010-05-11,,,,,,[]
mega-millions-2010-05-14,,,,,,[]
mega-millions-2010-05-18,,,,,,[]
mega-millions-2010-05-21,,,,,,[]
mega-millions-2010-05-25,,,,,,[]
mega-millions-2010-05-28,,,,,,[]
mega-millions-2010-06-01,,,,,,[]
mega-millions-2010-06-04,,,,,,[]
mega-millions-2010-06-08,,,,,,[]
mega-millions-2010-06-11,,,,,,[]
mega-millions-2010-06-15,,,,,,[]
mega-millions-2010-06-18,,,,,,[]
mega-millions-2010-06-22,,,,,,[]
mega-millions-2010-06-25,,,,,,[]
mega-millions-2010-06-29,,,,,,[]
mega-millions-2010-07-02,,,,,,[]
mega-millions-2010-07-06,,,,,,[]
mega-millions-2010-07-09,,,,,,[]
mega-millions-2010-07-13,,,,,,[]
mega-millions-2010-07-16,,,,,,[]
mega-millions-2010-07-20,,,,,,[]
mega-millions-2010-07-23,,,,,,[]
mega-millions-2010-07-27,,,,,,[]
mega-millions-2010-07-30,,,,,,[]
mega-millions-2010-08-03,,,,,,[]
mega-millions-2010-08-06,,,,,,[]
mega-millions-2010-08-10,,,,,,[]
mega-millions-2010-08-13,,,,,,[]
mega-millions-2010-08-17,,,,,,[]
mega-millions-2010-08-20,,,,,,[]
mega-millions-2010-08-24,,,,,,[]
mega-millions-2010-08-27,,,,,,[]
mega-millions-2010-08-31,,,,,,[]
mega-millions-2010-09-03,,,,,,[]
mega-millions-2010-09-07,,,,,,[]
mega-millions-2010-09-10,,,,,,[]
mega-millions-2010-09-14,,,,,,[]
mega-millions-2010-09-17,,,,,,[]
mega-millions-2010-09-21,,,,,,[]
mega-millions-2010-09-24,,,,,,[]
mega-millions-2010-09-28,,,,,,[]
mega-millions-2010-10-01,,,,,,[]
mega-millions-2010-10-05,,,,,,[]
mega-millions-2010-10-08,,,,,,[]
mega-millions-2010-10-12,,,,,,[]
mega-millions-2010-10-15,,,,,,[]
mega-millions-2010-10-19,,,,,,[]
mega-millions-2010-10-22,,,,,,[]
mega-millions-2010-10-26,,,,,,[]
mega-millions-2010-10-29,,,,,,[]
mega-millions-2010-11-02,,,,,,[]
mega-millions-2010-11-05,,,,,,[]
mega-millions-2010-11-09,,,,,,[]
mega-millions-2010-11-12,,,,,,[]
mega-millions-2010-11-16,,,,,,[]
mega-millions-2010-11-19,,,,,,[]
mega-millions-2010-11-23,,,,,,[]
mega-millions-2010-11-26,,,,,,[]
mega-millions-2010-11-30,,,,,,[]
mega-millions-2010-12-03,,,,,,[]
mega-millions-2010-12-07,,,,,,[]
mega-millions-2010-12-10,,,,,,[]
mega-millions-2010-12-14,,,,,,[]
mega-millions-2010-12-17,,,,,,[]
mega-millions-2010-12-21,,,,,,[]
mega-millions-2010-12-24,,,,,,[]
mega-millions-2010-12-28,,,,,,[]
mega-millions-2010-12-31,,,,,,[]
mega-millions-2011-01-04,,,,,,[]
mega-millions-2011-01-07,,,,,,[]
mega-millions-2011-01-11,,,,,,[]
mega-millions-2011-01-14,,,,,,[]
mega-millions-2011-01-18,,,,,,[]
mega-millions-2011-01-21,,,,,,[]
mega-millions-2011-01-25,,,,,,[]
mega-millions-2011-01-28,,,,,,[]
mega-millions-2011-02-01,,,,,,[]
mega-millions-2011-02-04,,,,,,[]
mega-millions-2011-02-08,,,,,,[]
mega-millions-2011-02-11,,,,,,[]
mega-millions-2011-02-15,,,,,,[]
mega-millions-2011-02-18,,,,,,[]
mega-millions-2011-02-22,,,,,,[]
mega-millions-2011-02-25,,,,,,[]
mega-millions-2011-03-01,,,,,,[]
mega-millions-2011-03-04,,,,,,[]
mega-millions-2011-03-08,,,,,,[]
mega-millions-2011-03-11,,,,,,[]
mega-millions-2011-03-15,,,,,,[]
mega-millions-2011-03-18,,,,,,[]
mega-millions-2011-03-22,,,,,,[]
mega-millions-2011-03-25,,,,,,[]
mega-millions-2011-03-29,,,,,,[]
mega-millions-2011-04-01,,,,,,[]
mega-millions-2011-04-05,,,,,,[]
mega-millions-2011-04-08,,,,,,[]
mega-millions-2011-04-12,,,,,,[]
mega-millions-2011-04-15,,,,,,[]
mega-millions-2011-04-19,,,,,,[]
mega-millions-2011-04-22,,,,,,[]
mega-millions-2011-04-26,,,,,,[]
mega-millions-2011-04-29,,,,,,[]
mega-millions-2011-05-03,,,,,,[]
mega-millions-2011-05-06,,,,,,[]
mega-millions-2011-05-10,,,,,,[]
mega-millions-2011-05-13,,,,,,[]
mega-millions-2011-05-17,,,,,,[]
mega-millions-2011-05-20,,,,,,[]
mega-millions-2011-05-24,,,,,,[]
mega-millions-2011-05-27,,,,,,[]
mega-millions-2011-05-31,,,,,,[]
mega-millions-2011-06-03,,,,,,[]
mega-millions-2011-06-07,,,,,,[]
mega-millions-2011-06-10,,,,,,[]
mega-millions-2011-06-14,,,,,,[]
mega-millions-2011-06-17,,,,,,[]
mega-millions-2011-06-21,,,,,,[]
mega-millions-2011-06-24,,,,,,[]
mega-millions-2011-06-28,,,,,,[]
mega-millions-2011-07-01,,,,,,[]
mega-millions-2011-07-05,,,,,,[]
mega-millions-2011-07-08,,,,,,[]
mega-millions-2011-07-12,,,,,,[]
mega-millions-2011-07-15,,,,,,[]
mega-millions-2011-07-19,,,,,,[]
mega-millions-2011-07-22,,,,,,[]
mega-millions-2011-07-26,,,,,,[]
mega-millions-2011-07-29,,,,,,[]
mega-millions-2011-08-02,,,,,,[]
mega-millions-2011-08-05,,,,,,[]
mega-millions-2011-08-09,,,,,,[]
mega-millions-2011-08-12,,,,,,[]
mega-millions-2011-08-16,,,,,,[]
mega-millions-2011-08-19,,,,,,[]
mega-millions-2011-08-23,,,,,,[]
mega-millions-2011-08-26,,,,,,[]
mega-millions-2011-08-30,,,,,,[]
mega-millions-2011-09-02,,,,,,[]
mega-millions-2011-09-06,,,,,,[]
mega-millions-2011-09-09,,,,,,[]
mega-millions-2011-09-13,,,,,,[]
mega-millions-2011-09-16,,,,,,[]
mega-millions-2011-09-20,,,,,,[]
mega-millions-2011-09-23,,,,,,[]
mega-millions-2011-09-27,,,,,,[]
mega-millions-2011-09-30,,,,,,[]
mega-millions-2011-10-04,,,,,,[]
mega-millions-2011-10-07,,,,,,[]
mega-millions-2011-10-11,,,,,,[]
mega-millions-2011-10-14,,,,,,[]
mega-millions-2011-10-18,,,,,,[]
mega-millions-2011-10-21,,,,,,[]
mega-millions-2011-10-25,,,,,,[]
mega-millions-2011-10-28,,,,,,[]
mega-millions-2011-11-01,,,,,,[]
mega-millions-2011-11-04,,,,,,[]
mega-millions-2011-11-08,,,,,,[]
mega-millions-2011-11-11,,,,,,[]
mega-millions-2011-11-15,,,,,,[]
mega-millions-2011-11-18,,,,,,[]
mega-millions-2011-11-22,,,,,,[]
mega-millions-2011-11-25,,,,,,[]
mega-millions-2011-11-29,,,,,,[]
mega-millions-2011-12-02,,,,,,[]
mega-millions-2011-12-06,,,,,,[]
mega-millions-2011-12-09,,,,,,[]
mega-millions-2011-12-13,,,,,,[]
mega-millions-2011-12-16,,,,,,[]
mega-millions-2011-12-20,,,,,,[]
mega-millions-2011-12-23,,,,,,[]
mega-millions-2011-12-27,,,,,,[]
mega-millions-2011-12-30,,,,,,[]
mega-millions-2012-01-03,,,,,,[]
mega-millions-2012-01-06,,,,,,[]
mega-millions-2012-01-10,,,,,,[]
mega-millions-2012-01-13,,,,,,[]
mega-millions-2012-01-17,,,,,,[]
mega-millions-2012-01-20,,,,,,[]
mega-millions-2012-01-24,,,,,,[]
mega-millions-2012-01-27,,,,,,[]
mega-millions-2012-01-31,,,,,,[]
mega-millions-2012-02-03,,,,,,[]
mega-millions-2012-02-07,,,,,,[]
mega-millions-2012-02-10,,,,,,[]
mega-millions-2012-02-14,,,,,,[]
mega-millions-2012-02-17,,,,,,[]
mega-millions-2012-02-21,,,,,,[]
mega-millions-2012-02-24,,,,,,[]
mega-millions-2012-02-28,,,,,,[]
mega-millions-2012-03-02,,,,,,[]
mega-millions-2012-03-06,,,,,,[]
mega-millions-2012-03-09,,,,,,[]
mega-millions-2012-03-13,,,,,,[]
mega-millions-2012-03-16,,,,,,[]
mega-millions-2012-03-20,,,,,,[]
mega-millions-2012-03-23,,,,,,[]
mega-millions-2012-03-27,,,,,,[]
mega-millions-2012-03-30,,,,,,[]
mega-millions-2012-04-03,,,,,,[]
mega-millions-2012-04-06,,,,,,[]
mega-millions-2012-04-10,,,,,,[]
mega-millions-2012-04-13,,,,,,[]
mega-millions-2012-04-17,,,,,,[]
mega-millions-2012-04-20,,,,,,[]
mega-millions-2012-04-24,,,,,,[]
mega-millions-2012-04-27,,,,,,[]
mega-millions-2012-05-01,,,,,,[]
mega-millions-2012-05-04,,,,,,[]
mega-millions-2012-05-08,,,,,,[]
mega-millions-2012-05-11,,,,,,[]
mega-millions-2012-05-15,,,,,,[]
mega-millions-2012-05-18,,,,,,[]
mega-millions-2012-05-22,,,,,,[]
mega-millions-2012-05-25,,,,,,[]
mega-millions-2012-05-29,,,,,,[]
mega-millions-2012-06-01,,,,,,[]
mega-millions-2012-06-05,,,,,,[]
mega-millions-2012-06-08,,,,,,[]
mega-millions-2012-06-12,,,,,,[]
mega-millions-2012-06-15,,,,,,[]
mega-millions-2012-06-19,,,,,,[]
mega-millions-2012-06-22,,,,,,[]
mega-millions-2012-06-26,,,,,,[]
mega-millions-2012-06-29,,,,,,[]
mega-millions-2012-07-03,,,,,,[]
mega-millions-2012-07-06,,,,,,[]
mega-millions-2012-07-10,,,,,,[]
mega-millions-2012-07-13,,,,,,[]
mega-millions-2012-07-17,,,,,,[]
mega-millions-2012-07-20,,,,,,[]
mega-millions-2012-07-24,,,,,,[]
mega-millions-2012-07-27,,,,,,[]
mega-millions-2012-07-31,,,,,,[]
mega-millions-2012-08-03,,,,,,[]
mega-millions-2012-08-07,,,,,,[]
mega-millions-2012-08-10,,,,,,[]
mega-millions-2012-08-14,,,,,,[]
mega-millions-2012-08-17,,,,,,[]
mega-millions-2012-08-21,,,,,,[]
mega-millions-2012-08-24,,,,,,[]
mega-millions-2012-08-28,,,,,,[]
mega-millions-2012-08-31,,,,,,[]
mega-millions-2012-09-04,,,,,,[]
mega-millions-2012-09-07,,,,,,[]
mega-millions-2012-09-11,,,,,,[]
mega-millions-2012-09-14,,,,,,[]
mega-millions-2012-09-18,,,,,,[]
mega-millions-2012-09-21,,,,,,[]
mega-millions-2012-09-25,,,,,,[]
mega-millions-2012-09-28,,,,,,[]
mega-millions-2012-10-02,,,,,,[]
mega-millions-2012-10-05,,,,,,[]
mega-millions-2012-10-09,,,,,,[]
mega-millions-2012-10-12,,,,,,[]
mega-millions-2012-10-16,,,,,,[]
mega-millions-2012-10-19,,,,,,[]
mega-millions-2012-10-23,,,,,,[]
mega-millions-2012-10-26,,,,,,[]
mega-millions-2012-10-30,,,,,,[]
mega-millions-2012-11-02,,,,,,[]
mega-millions-2012-11-06,,,,,,[]
mega-millions-2012-11-09,,,,,,[]
mega-millions-2012-11-13,,,,,,[]
mega-millions-2012-11-16,,,,,,[]
mega-millions-2012-11-20,,,,,,[]
mega-millions-2012-11-23,,,,,,[]
mega-millions-2012-11-27,,,,,,[]
mega-millions-2012-11-30,,,,,,[]
mega-millions-2012-12-04,,,,,,[]
mega-millions-2012-12-07,,,,,,[]
mega-millions-2012-12-11,,,,,,[]
mega-millions-2012-12-14,,,,,,[]
mega-millions-2012-12-18,,,,,,[]
mega-millions-2012-12-21,,,,,,[]
mega-millions-2012-12-25,,,,,,[]
mega-millions-2012-12-28,,,,,,[]
mega-millions-2013-01-01,,,,,,[]
mega-millions-2013-01-04,,,,,,[]
mega-millions-2013-01-08,,,,,,[]
mega-millions-2013-01-11,,,,,,[]
mega-millions-2013-01-15,,,,,,[]
mega-millions-2013-01-18,,,,,,[]
mega-millions-2013-01-22,,,,,,[]
mega-millions-2013-01-25,,,,,,[]
mega-millions-2013-01-29,,,,,,[]
mega-millions-2013-02-01,,,,,,[]
mega-millions-2013-02-05,,,,,,[]
mega-millions-2013-02-08,,,,,,[]
mega-millions-2013-02-12,,,,,,[]
mega-millions-2013-02-15,,,,,,[]
mega-millions-2013-02-19,,,,,,[]
mega-millions-2013-02-22,,,,,,[]
mega-millions-2013-02-26,,,,,,[]
mega-millions-2013-03-01,,,,,,[]
mega-millions-2013-03-05,,,,,,[]
mega-millions-2013-03-08,,,,,,[]
mega-millions-2013-03-12,,,,,,[]
mega-millions-2013-03-15,,,,,,[]
mega-millions-2013-03-19,,,,,,[]
mega-millions-2013-03-22,,,,,,[]
mega-millions-2013-03-26,,,,,,[]
mega-millions-2013-03-29,,,,,,[]
mega-millions-2013-04-02,,,,,,[]
mega-millions-2013-04-05,,,,,,[]
mega-millions-2013-04-09,,,,,,[]
mega-millions-2013-04-12,,,,,,[]
mega-millions-2013-04-16,,,,,,[]
mega-millions-2013-04-19,,,,,,[]
mega-millions-2013-04-23,,,,,,[]
mega-millions-2013-04-26,,,,,,[]
mega-millions-2013-04-30,,,,,,[]
mega-millions-2013-05-03,,,,,,[]
mega-millions-2013-05-07,,,,,,[]
mega-millions-2013-05-10,,,,,,[]
mega-millions-2013-05-14,,,,,,[]
mega-millions-2013-05-17,,,,,,[]
mega-millions-2013-05-21,,,,,,[]
mega-millions-2013-05-24,,,,,,[]
mega-millions-2013-05-28,,,,,,[]
mega-millions-2013-05-31,,,,,,[]
mega-millions-2013-06-04,,,,,,[]
mega-millions-2013-06-07,,,,,,[]
mega-millions-2013-06-11,,,,,,[]
mega-millions-2013-06-14,,,,,,[]
mega-millions-2013-06-18,,,,,,[]
mega-millions-2013-06-21,,,,,,[]
mega-millions-2013-06-25,,,,,,[]
mega-millions-2013-06-28,,,,,,[]
mega-millions-2013-07-02,,,,,,[]
mega-millions-2013-07-05,,,,,,[]
mega-millions-2013-07-09,,,,,,[]
mega-millions-2013-07-12,,,,,,[]
mega-millions-2013-07-16,,,,,,[]
mega-millions-2013-07-19,,,,,,[]
mega-millions-2013-07-23,,,,,,[]
mega-millions-2013-07-26,,,,,,[]
mega-millions-2013-07-30,,,,,,[]
mega-millions-2013-08-02,,,,,,[]
mega-millions-2013-08-06,,,,,,[]
mega-millions-2013-08-09,,,,,,[]
mega-millions-2013-08-13,,,,,,[]
mega-millions-2013-08-16,,,,,,[]
mega-millions-2013-08-20,,,,,,[]
mega-millions-2013-08-23,,,,,,[]
mega-millions-2013-08-27,,,,,,[]
mega-millions-2013-08-30,,,,,,[]
mega-millions-2013-09-03,,,,,,[]
mega-millions-2013-09-06,,,,,,[]
mega-millions-2013-09-10,,,,,,[]
mega-millions-2013-09-13,,,,,,[]
mega-millions-2013-09-17,,,,,,[]
mega-millions-2013-09-20,,,,,,[]
mega-millions-2013-09-24,,,,,,[]
mega-millions-2013-09-27,,,,,,[]
mega-millions-2013-10-01,,,,,,[]
mega-millions-2013-10-04,,,,,,[]
mega-millions-2013-10-08,,,,,,[]
mega-millions-2013-10-11,,,,,,[]
mega-millions-2013-10-15,,,,,,[]
mega-millions-2013-10-18,,,,,,[]
mega-millions-2013-10-22,,,,,,[]
mega-millions-2013-10-25,,,,,,[]
mega-millions-2013-10-29,,,,,,[]
mega-millions-2013-11-01,,,,,,[]
mega-millions-2013-11-05,,,,,,[]
mega-millions-2013-11-08,,,,,,[]
mega-millions-2013-11-12,,,,,,[]
mega-millions-2013-11-15,,,,,,[]
mega-millions-2013-11-19,,,,,,[]
mega-millions-2013-11-22,,,,,,[]
mega-millions-2013-11-26,,,,,,[]
mega-millions-2013-11-29,,,,,,[]
mega-millions-2013-12-03,,,,,,[]
mega-millions-2013-12-06,,,,,,[]
mega-millions-2013-12-10,,,,,,[]
mega-millions-2013-12-13,,,,,,[]
mega-millions-2013-12-17,,,,,,[]
mega-millions-2013-12-20,,,,,,[]
mega-millions-2013-12-24,,,,,,[]
mega-millions-2013-12-27,,,,,,[]
mega-millions-2013-12-31,,,,,,[]
mega-millions-2014-01-03,,,,,,[]
mega-millions-2014-01-07,,,,,,[]
mega-millions-2014-01-10,,,,,,[]
mega-millions-2014-01-14,,,,,,[]
mega-millions-2014-01-17,,,,,,[]
mega-millions-2014-01-21,,,,,,[]
mega-millions-2014-01-24,,,,,,[]
mega-millions-2014-01-28,,,,,,[]
mega-millions-2014-01-31,,,,,,[]
mega-millions-2014-02-04,,,,,,[]
mega-millions-2014-02-07,,,,,,[]
mega-millions-2014-02-11,,,,,,[]
mega-millions-2014-02-14,,,,,,[]
mega-millions-2014-02-18,,,,,,[]
mega-millions-2014-02-21,,,,,,[]
mega-millions-2014-02-25,,,,,,[]
mega-millions-2014-02-28,,,,,,[]
mega-millions-2014-03-04,,,,,,[]
mega-millions-2014-03-07,,,,,,[]
mega-millions-2014-03-11,,,,,,[]
mega-millions-2014-03-14,,,,,,[]
mega-millions-2014-03-18,,,,,,[]
mega-millions-2014-03-21,,,,,,[]
mega-millions-2014-03-25,,,,,,[]
mega-millions-2014-03-28,,,,,,[]
mega-millions-2014-04-01,,,,,,[]
mega-millions-2014-04-04,,,,,,[]
mega-millions-2014-04-08,,,,,,[]
mega-millions-2014-04-11,,,,,,[]
mega-millions-2014-04-15,,,,,,[]
mega-millions-2014-04-18,,,,,,[]
mega-millions-2014-04-22,,,,,,[]
mega-millions-2014-04-25,,,,,,[]
mega-millions-2014-04-29,,,,,,[]
mega-millions-2014-05-02,,,,,,[]
mega-millions-2014-05-06,,,,,,[]
mega-millions-2014-05-09,,,,,,[]
mega-millions-2014-05-13,,,,,,[]
mega-millions-2014-05-16,,,,,,[]
mega-millions-2014-05-20,,,,,,[]
mega-millions-2014-05-23,,,,,,[]
mega-millions-2014-05-27,,,,,,[]
mega-millions-2014-05-30,,,,,,[]
mega-millions-2014-06-03,,,,,,[]
mega-millions-2014-06-06,,,,,,[]
mega-millions-2014-06-10,,,,,,[]
mega-millions-2014-06-13,,,,,,[]
mega-millions-2014-06-17,,,,,,[]
mega-millions-2014-06-20,,,,,,[]
mega-millions-2014-06-24,,,,,,[]
mega-millions-2014-06-27,,,,,,[]
mega-millions-2014-07-01,,,,,,[]
mega-millions-2014-07-04,,,,,,[]
mega-millions-2014-07-08,,,,,,[]
mega-millions-2014-07-11,,,,,,[]
mega-millions-2014-07-15,,,,,,[]
mega-millions-2014-07-18,,,,,,[]
mega-millions-2014-07-22,,,,,,[]
mega-millions-2014-07-25,,,,,,[]
mega-millions-2014-07-29,,,,,,[]
mega-millions-2014-08-01,,,,,,[]
mega-millions-2014-08-05,,,,,,[]
mega-millions-2014-08-08,,,,,,[]
mega-millions-2014-08-12,,,,,,[]
mega-millions-2014-08-15,,,,,,[]
mega-millions-2014-08-19,,,,,,[]
mega-millions-2014-08-22,,,,,,[]
mega-millions-2014-08-26,,,,,,[]
mega-millions-2014-08-29,,,,,,[]
mega-millions-2014-09-02,,,,,,[]
mega-millions-2014-09-05,,,,,,[]
mega-millions-2014-09-09,,,,,,[]
mega-millions-2014-09-12,,,,,,[]
mega-millions-2014-09-16,,,,,,[]
mega-millions-2014-09-19,,,,,,[]
mega-millions-2014-09-23,,,,,,[]
mega-millions-2014-09-26,,,,,,[]
mega-millions-2014-09-30,,,,,,[]
mega-millions-2014-10-03,,,,,,[]
mega-millions-2014-10-07,,,,,,[]
mega-millions-2014-10-10,,,,,,[]
mega-millions-2014-10-14,,,,,,[]
mega-millions-2014-10-17,,,,,,[]
mega-millions-2014-10-21,,,,,,[]
mega-millions-2014-10-24,,,,,,[]
mega-millions-2014-10-28,,,,,,[]
mega-millions-2014-10-31,,,,,,[]
mega-millions-2014-11-04,,,,,,[]
mega-millions-2014-11-07,,,,,,[]
mega-millions-2014-11-11,,,,,,[]
mega-millions-2014-11-14,,,,,,[]
mega-millions-2014-11-18,,,,,,[]
mega-millions-2014-11-21,,,,,,[]
mega-millions-2014-11-25,,,,,,[]
mega-millions-2014-11-28,,,,,,[]
mega-millions-2014-12-02,,,,,,[]
mega-millions-2014-12-05,,,,,,[]
mega-millions-2014-12-09,,,,,,[]
mega-millions-2014-12-12,,,,,,[]
mega-millions-2014-12-16,,,,,,[]
mega-millions-2014-12-19,,,,,,[]
mega-millions-2014-12-23,,,,,,[]
mega-millions-2014-12-26,,,,,,[]
mega-millions-2014-12-30,,,,,,[]
mega-millions-2015-01-02,,,,,,[]
mega-millions-2015-01-06,,,,,,[]
mega-millions-2015-01-09,,,,,,[]
mega-millions-2015-01-13,,,,,,[]
mega-millions-2015-01-16,,,,,,[]
mega-millions-2015-01-20,,,,,,[]
mega-millions-2015-01-23,,,,,,[]
mega-millions-2015-01-27,,,,,,[]
mega-millions-2015-01-30,,,,,,[]
mega-millions-2015-02-03,,,,,,[]
mega-millions-2015-02-06,,,,,,[]
mega-millions-2015-02-10,,,,,,[]
mega-millions-2015-02-13,,,,,,[]
mega-millions-2015-02-17,,,,,,[]
mega-millions-2015-02-20,,,,,,[]
mega-millions-2015-02-24,,,,,,[]
mega-millions-2015-02-27,,,,,,[]
mega-millions-2015-03-03,,,,,,[]
mega-millions-2015-03-06,,,,,,[]
mega-millions-2015-03-10,,,,,,[]
mega-millions-2015-03-13,,,,,,[]
mega-millions-2015-03-17,,,,,,[]
mega-millions-2015-03-20,,,,,,[]
mega-millions-2015-03-24,,,,,,[]
mega-millions-2015-03-27,,,,,,[]
mega-millions-2015-03-31,,,,,,[]
mega-millions-2015-04-03,,,,,,[]
mega-millions-2015-04-07,,,,,,[]
mega-millions-2015-04-10,,,,,,[]
mega-millions-2015-04-14,,,,,,[]
mega-millions-2015-04-17,,,,,,[]
mega-millions-2015-04-21,,,,,,[]
mega-millions-2015-04-24,,,,,,[]
mega-millions-2015-04-28,,,,,,[]
mega-millions-2015-05-01,,,,,,[]
mega-millions-2015-05-05,,,,,,[]
mega-millions-2015-05-08,,,,,,[]
mega-millions-2015-05-12,,,,,,[]
mega-millions-2015-05-15,,,,,,[]
mega-millions-2015-05-19,,,,,,[]
mega-millions-2015-05-22,,,,,,[]
mega-millions-2015-05-26,,,,,,[]
mega-millions-2015-05-29,,,,,,[]
mega-millions-2015-06-02,,,,,,[]
mega-millions-2015-06-05,,,,,,[]
mega-millions-2015-06-09,,,,,,[]
mega-millions-2015-06-12,,,,,,[]
mega-millions-2015-06-16,,,,,,[]
mega-millions-2015-06-19,,,,,,[]
mega-millions-2015-06-23,,,,,,[]
mega-millions-2015-06-26,,,,,,[]
mega-millions-2015-06-30,,,,,,[]
mega-millions-2015-07-03,,,,,,[]
mega-millions-2015-07-07,,,,,,[]
mega-millions-2015-07-10,,,,,,[]
mega-millions-2015-07-14,,,,,,[]
mega-millions-2015-07-17,,,,,,[]
mega-millions-2015-07-21,,,,,,[]
mega-millions-2015-07-24,,,,,,[]
mega-millions-2015-07-28,,,,,,[]
mega-millions-2015-07-31,,,,,,[]
mega-millions-2015-08-04,,,,,,[]
mega-millions-2015-08-07,,,,,,[]
mega-millions-2015-08-11,,,,,,[]
mega-millions-2015-08-14,,,,,,[]
mega-millions-2015-08-18,,,,,,[]
mega-millions-2015-08-21,,,,,,[]
mega-millions-2015-08-25,,,,,,[]
mega-millions-2015-08-28,,,,,,[]
mega-millions-2015-09-01,,,,,,[]
mega-millions-2015-09-04,,,,,,[]
mega-millions-2015-09-08,,,,,,[]
mega-millions-2015-09-11,,,,,,[]
mega-millions-2015-09-15,,,,,,[]
mega-millions-2015-09-18,,,,,,[]
mega-millions-2015-09-22,,,,,,[]
mega-millions-2015-09-25,,,,,,[]
mega-millions-2015-09-29,,,,,,[]
mega-millions-2015-10-02,,,,,,[]
mega-millions-2015-10-06,,,,,,[]
mega-millions-2015-10-09,,,,,,[]
mega-millions-2015-10-13,,,,,,[]
mega-millions-2015-10-16,,,,,,[]
mega-millions-2015-10-20,,,,,,[]
mega-millions-2015-10-23,,,,,,[]
mega-millions-2015-10-27,,,,,,[]
mega-millions-2015-10-30,,,,,,[]
mega-millions-2015-11-03,,,,,,[]
mega-millions-2015-11-06,,,,,,[]
mega-millions-2015-11-10,,,,,,[]
mega-millions-2015-11-13,,,,,,[]
mega-millions-2015-11-17,,,,,,[]
mega-millions-2015-11-20,,,,,,[]
mega-millions-2015-11-24,,,,,,[]
mega-millions-2015-11-27,,,,,,[]
mega-millions-2015-12-01,,,,,,[]
mega-millions-2015-12-04,,,,,,[]
mega-millions-2015-12-08,,,,,,[]
mega-millions-2015-12-11,,,,,,[]
mega-millions-2015-12-15,,,,,,[]
mega-millions-2015-12-18,,,,,,[]
mega-millions-2015-12-22,,,,,,[]
mega-millions-2015-12-25,,,,,,[]
mega-millions-2015-12-29,,,,,,[]
mega-millions-2016-01-01,,,,,,[]
mega-millions-2016-01-05,,,,,,[]
mega-millions-2016-01-08,,,,,,[]
mega-millions-2016-01-12,,,,,,[]
mega-millions-2016-01-15,,,,,,[]
mega-millions-2016-01-19,,,,,,[]
mega-millions-2016-01-22,,,,,,[]
mega-millions-2016-01-26,,,,,,[]
mega-millions-2016-01-29,,,,,,[]
mega-millions-2016-02-02,,,,,,[]
mega-millions-2016-02-05,,,,,,[]
mega-millions-2016-02-09,,,,,,[]
mega-millions-2016-02-12,,,,,,[]
mega-millions-2016-02-16,,,,,,[]
mega-millions-2016-02-19,,,,,,[]
mega-millions-2016-02-23,,,,,,[]
mega-millions-2016-02-26,,,,,,[]
mega-millions-2016-03-01,,,,,,[]
mega-millions-2016-03-04,,,,,,[]
mega-millions-2016-03-08,,,,,,[]
mega-millions-2016-03-11,,,,,,[]
mega-millions-2016-03-15,,,,,,[]
mega-millions-2016-03-18,,,,,,[]
mega-millions-2016-03-22,,,,,,[]
mega-millions-2016-03-25,,,,,,[]
mega-millions-2016-03-29,,,,,,[]
mega-millions-2016-04-01,,,,,,[]
mega-millions-2016-04-05,,,,,,[]
mega-millions-2016-04-08,,,,,,[]
mega-millions-2016-04-12,,,,,,[]
mega-millions-2016-04-15,,,,,,[]
mega-millions-2016-04-19,,,,,,[]
mega-millions-2016-04-22,,,,,,[]
mega-millions-2016-04-26,,,,,,[]
mega-millions-2016-04-29,,,,,,[]
mega-millions-2016-05-03,,,,,,[]
mega-millions-2016-05-06,,,,,,[]
mega-millions-2016-05-10,,,,,,[]
mega-millions-2016-05-13,,,,,,[]
mega-millions-2016-05-17,,,,,,[]
mega-millions-2016-05-20,,,,,,[]
mega-millions-2016-05-24,,,,,,[]
mega-millions-2016-05-27,,,,,,[]
mega-millions-2016-05-31,,,,,,[]
mega-millions-2016-06-03,,,,,,[]
mega-millions-2016-06-07,,,,,,[]
mega-millions-2016-06-10,,,,,,[]
mega-millions-2016-06-14,,,,,,[]
mega-millions-2016-06-17,,,,,,[]
mega-millions-2016-06-21,,,,,,[]
mega-millions-2016-06-24,,,,,,[]
mega-millions-2016-06-28,,,,,,[]
mega-millions-2016-07-01,,,,,,[]
mega-millions-2016-07-05,,,,,,[]
mega-millions-2016-07-08,,,,,,[]
mega-millions-2016-07-12,,,,,,[]
mega-millions-2016-07-15,,,,,,[]
mega-millions-2016-07-19,,,,,,[]
mega-millions-2016-07-22,,,,,,[]
mega-millions-2016-07-26,,,,,,[]
mega-millions-2016-07-29,,,,,,[]
mega-millions-2016-08-02,,,,,,[]
mega-millions-2016-08-05,,,,,,[]
mega-millions-2016-08-09,,,,,,[]
mega-millions-2016-08-12,,,,,,[]
mega-millions-2016-08-16,,,,,,[]
mega-millions-2016-08-19,,,,,,[]
mega-millions-2016-08-23,,,,,,[]
mega-millions-2016-08-26,,,,,,[]
mega-millions-2016-08-30,,,,,,[]
mega-millions-2016-09-02,,,,,,[]
mega-millions-2016-09-06,,,,,,[]
mega-millions-2016-09-09,,,,,,[]
mega-millions-2016-09-13,,,,,,[]
mega-millions-2016-09-16,,,,,,[]
mega-millions-2016-09-20,,,,,,[]
mega-millions-2016-09-23,,,,,,[]
mega-millions-2016-09-27,,,,,,[]
mega-millions-2016-09-30,,,,,,[]
mega-millions-2016-10-04,,,,,,[]
mega-millions-2016-10-07,,,,,,[]
mega-millions-2016-10-11,,,,,,[]
mega-millions-2016-10-14,,,,,,[]
mega-millions-2016-10-18,,,,,,[]
mega-millions-2016-10-21,,,,,,[]
mega-millions-2016-10-25,,,,,,[]
mega-millions-2016-10-28,,,,,,[]
mega-millions-2016-11-01,,,,,,[]
mega-millions-2016-11-04,,,,,,[]
mega-millions-2016-11-08,,,,,,[]
mega-millions-2016-11-11,,,,,,[]
mega-millions-2016-11-15,,,,,,[]
mega-millions-2016-11-18,,,,,,[]
mega-millions-2016-11-22,,,,,,[]
mega-millions-2016-11-25,,,,,,[]
mega-millions-2016-11-29,,,,,,[]
mega-millions-2016-12-02,,,,,,[]
mega-millions-2016-12-06,,,,,,[]
mega-millions-2016-12-09,,,,,,[]
mega-millions-2016-12-13,,,,,,[]
mega-millions-2016-12-16,,,,,,[]
mega-millions-2016-12-20,,,,,,[]
mega-millions-2016-12-23,,,,,,[]
mega-millions-2016-12-27,,,,,,[]
mega-millions-2016-12-30,,,,,,[]
mega-millions-2017-01-03,,,,,,[]
mega-millions-2017-01-06,,,,,,[]
mega-millions-2017-01-10,,,,,,[]
mega-millions-2017-01-13,,,,,,[]
mega-millions-2017-01-17,,,,,,[]
mega-millions-2017-01-20,,,,,,[]
mega-millions-2017-01-24,,,,,,[]
mega-millions-2017-01-27,,,,,,[]
mega-millions-2017-01-31,,,,,,[]
mega-millions-2017-02-03,,,,,,[]
mega-millions-2017-02-07,,,,,,[]
mega-millions-2017-02-10,,,,,,[]
mega-millions-2017-02-14,,,,,,[]
mega-millions-2017-02-17,,,,,,[]
mega-millions-2017-02-21,,,,,,[]
mega-millions-2017-02-24,,,,,,[]
mega-millions-2017-02-28,,,,,,[]
mega-millions-2017-03-03,,,,,,[]
mega-millions-2017-03-07,,,,,,[]
mega-millions-2017-03-10,,,,,,[]
mega-millions-2017-03-14,,,,,,[]
mega-millions-2017-03-17,,,,,,[]
mega-millions-2017-03-21,,,,,,[]
mega-millions-2017-03-24,,,,,,[]
mega-millions-2017-03-28,,,,,,[]
mega-millions-2017-03-31,,,,,,[]
mega-millions-2017-04-04,,,,,,[]
mega-millions-2017-04-07,,,,,,[]
mega-millions-2017-04-11,,,,,,[]
mega-millions-2017-04-14,,,,,,[]
mega-millions-2017-04-18,,,,,,[]
mega-millions-2017-04-21,,,,,,[]
mega-millions-2017-04-25,,,,,,[]
mega-millions-2017-04-28,,,,,,[]
mega-millions-2017-05-02,,,,,,[]
mega-millions-2017-05-05,,,,,,[]
mega-millions-2017-05-09,,,,,,[]
mega-millions-2017-05-12,,,,,,[]
mega-millions-2017-05-16,,,,,,[]
mega-millions-2017-05-19,,,,,,[]
mega-millions-2017-05-23,,,,,,[]
mega-millions-2017-05-26,,,,,,[]
mega-millions-2017-05-30,,,,,,[]
mega-millions-2017-06-02,,,,,,[]
mega-millions-2017-06-06,,,,,,[]
mega-millions-2017-06-09,,,,,,[]
mega-millions-2017-06-13,,,,,,[]
mega-millions-2017-06-16,,,,,,[]
mega-millions-2017-06-20,,,,,,[]
mega-millions-2017-06-23,,,,,,[]
mega-millions-2017-06-27,,,,,,[]
mega-millions-2017-06-30,,,,,,[]
mega-millions-2017-07-04,,,,,,[]
mega-millions-2017-07-07,,,,,,[]
mega-millions-2017-07-11,,,,,,[]
mega-millions-2017-07-14,,,,,,[]
mega-millions-2017-07-18,,,,,,[]
mega-millions-2017-07-21,,,,,,[]
mega-millions-2017-07-25,,,,,,[]
mega-millions-2017-07-28,,,,,,[]
mega-millions-2017-08-01,,,,,,[]
mega-millions-2017-08-04,,,,,,[]
mega-millions-2017-08-08,,,,,,[]
mega-millions-2017-08-11,,,,,,[]
mega-millions-2017-08-15,,,,,,[]
mega-millions-2017-08-18,,,,,,[]
mega-millions-2017-08-22,,,,,,[]
mega-millions-2017-08-25,,,,,,[]
mega-millions-2017-08-29,,,,,,[]
mega-millions-2017-09-01,,,,,,[]
mega-millions-2017-09-05,,,,,,[]
mega-millions-2017-09-08,,,,,,[]
mega-millions-2017-09-12,,,,,,[]
mega-millions-2017-09-15,,,,,,[]
mega-millions-2017-09-19,,,,,,[]
mega-millions-2017-09-22,,,,,,[]
mega-millions-2017-09-26,,,,,,[]
mega-millions-2017-09-29,,,,,,[]
mega-millions-2017-10-03,,,,,,[]
mega-millions-2017-10-06,,,,,,[]
mega-millions-2017-10-10,,,,,,[]
mega-millions-2017-10-13,,,,,,[]
mega-millions-2017-10-17,,,,,,[]
mega-millions-2017-10-20,,,,,,[]
mega-millions-2017-10-24,,,,,,[]
mega-millions-2017-10-27,,,,,,[]
mega-millions-2017-10-31,,,,,,[]
mega-millions-2017-11-03,,,,,,[]
mega-millions-2017-11-07,,,,,,[]
mega-millions-2017-11-10,,,,,,[]
mega-millions-2017-11-14,,,,,,[]
mega-millions-2017-11-17,,,,,,[]
mega-millions-2017-11-21,,,,,,[]
mega-millions-2017-11-24,,,,,,[]
mega-millions-2017-11-28,,,,,,[]
mega-millions-2017-12-01,,,,,,[]
mega-millions-2017-12-05,,,,,,[]
mega-millions-2017-12-08,,,,,,[]
mega-millions-2017-12-12,,,,,,[]
mega-millions-2017-12-15,,,,,,[]
mega-millions-2017-12-19,,,,,,[]
mega-millions-2017-12-22,,,,,,[]
mega-millions-2017-12-26,,,,,,[]
mega-millions-2017-12-29,,,,,,[]
mega-millions-2018-01-02,,,,,,[]
mega-millions-2018-01-05,,,,,,[]
mega-millions-2018-01-09,,,,,,[]
mega-millions-2018-01-12,,,,,,[]
mega-millions-2018-01-16,,,,,,[]
mega-millions-2018-01-19,,,,,,[]
mega-millions-2018-01-23,,,,,,[]
mega-millions-2018-01-26,,,,,,[]
mega-millions-2018-01-30,,,,,,[]
mega-millions-2018-02-02,,,,,,[]
mega-millions-2018-02-06,,,,,,[]
mega-millions-2018-02-09,,,,,,[]
mega-millions-2018-02-13,,,,,,[]
mega-millions-2018-02-16,,,,,,[]
mega-millions-2018-02-20,,,,,,[]
mega-millions-2018-02-23,,,,,,[]
mega-millions-2018-02-27,,,,,,[]
mega-millions-2018-03-02,,,,,,[]
mega-millions-2018-03-06,,,,,,[]
mega-millions-2018-03-09,,,,,,[]
mega-millions-2018-03-13,,,,,,[]
mega-millions-2018-03-16,,,,,,[]
mega-millions-2018-03-20,,,,,,[]
mega-millions-2018-03-23,,,,,,[]
mega-millions-2018-03-27,,,,,,[]
mega-millions-2018-03-30,,,,,,[]
mega-millions-2018-04-03,,,,,,[]
mega-millions-2018-04-06,,,,,,[]
mega-millions-2018-04-10,,,,,,[]
mega-millions-2018-04-13,,,,,,[]
mega-millions-2018-04-17,,,,,,[]
mega-millions-2018-04-20,,,,,,[]
mega-millions-2018-04-24,,,,,,[]
mega-millions-2018-04-27,,,,,,[]
mega-millions-2018-05-01,,,,,,[]
mega-millions-2018-05-04,,,,,,[]
mega-millions-2018-05-08,,,,,,[]
mega-millions-2018-05-11,,,,,,[]
mega-millions-2018-05-15,,,,,,[]
mega-millions-2018-05-18,,,,,,[]
mega-millions-2018-05-22,,,,,,[]
mega-millions-2018-05-25,,,,,,[]
mega-millions-2018-05-29,,,,,,[]
mega-millions-2018-06-01,,,,,,[]
mega-millions-2018-06-05,,,,,,[]
mega-millions-2018-06-08,,,,,,[]
mega-millions-2018-06-12,,,,,,[]
mega-millions-2018-06-15,,,,,,[]
mega-millions-2018-06-19,,,,,,[]
mega-millions-2018-06-22,,,,,,[]
mega-millions-2018-06-26,,,,,,[]
mega-millions-2018-06-29,,,,,,[]
mega-millions-2018-07-03,,,,,,[]
mega-millions-2018-07-06,,,,,,[]
mega-millions-2018-07-10,,,,,,[]
mega-millions-2018-07-13,,,,,,[]
mega-millions-2018-07-17,,,,,,[]
mega-millions-2018-07-20,,,,,,[]
mega-millions-2018-07-24,,,,,,[]
mega-millions-2018-07-27,,,,,,[]
mega-millions-2018-07-31,,,,,,[]
mega-millions-2018-08-03,,,,,,[]
mega-millions-2018-08-07,,,,,,[]
mega-millions-2018-08-10,,,,,,[]
mega-millions-2018-08-14,,,,,,[]
mega-millions-2018-08-17,,,,,,[]
mega-millions-2018-08-21,,,,,,[]
mega-millions-2018-08-24,,,,,,[]
mega-millions-2018-08-28,,,,,,[]
mega-millions-2018-08-31,,,,,,[]
mega-millions-2018-09-04,,,,,,[]
mega-millions-2018-09-07,,,,,,[]
mega-millions-2018-09-11,,,,,,[]
mega-millions-2018-09-14,,,,,,[]
mega-millions-2018-09-18,,,,,,[]
mega-millions-2018-09-21,,,,,,[]
mega-millions-2018-09-25,,,,,,[]
mega-millions-2018-09-28,,,,,,[]
mega-millions-2018-10-02,,,,,,[]
mega-millions-2018-10-05,,,,,,[]
mega-millions-2018-10-09,,,,,,[]
mega-millions-2018-10-12,,,,,,[]
mega-millions-2018-10-16,,,,,,[]
mega-millions-2018-10-19,,,,,,[]
mega-millions-2018-10-23,,,,,,[]
mega-millions-2018-10-26,,,,,,[]
mega-millions-2018-10-30,,,,,,[]
mega-millions-2018-11-02,,,,,,[]
mega-millions-2018-11-06,,,,,,[]
mega-millions-2018-11-09,,,,,,[]
mega-millions-2018-11-13,,,,,,[]
mega-millions-2018-11-16,,,,,,[]
mega-millions-2018-11-20,,,,,,[]
mega-millions-2018-11-23,,,,,,[]
mega-millions-2018-11-27,,,,,,[]
mega-millions-2018-11-30,,,,,,[]
mega-millions-2018-12-04,,,,,,[]
mega-millions-2018-12-07,,,,,,[]
mega-millions-2018-12-11,,,,,,[]
mega-millions-2018-12-14,,,,,,[]
mega-millions-2018-12-18,,,,,,[]
mega-millions-2018-12-21,,,,,,[]
mega-millions-2018-12-25,,,,,,[]
mega-millions-2018-12-28,,,,,,[]
mega-millions-2019-01-01,,,,,,[]
mega-millions-2019-01-04,,,,,,[]
mega-millions-2019-01-08,,,,,,[]
mega-millions-2019-01-11,,,,,,[]
mega-millions-2019-01-15,,,,,,[]
mega-millions-2019-01-18,,,,,,[]
mega-millions-2019-01-22,,,,,,[]
mega-millions-2019-01-25,,,,,,[]
mega-millions-2019-01-29,,,,,,[]
mega-millions-2019-02-01,,,,,,[]
mega-millions-2019-02-05,,,,,,[]
mega-millions-2019-02-08,,,,,,[]
mega-millions-2019-02-12,,,,,,[]
mega-millions-2019-02-15,,,,,,[]
mega-millions-2019-02-19,,,,,,[]
mega-millions-2019-02-22,,,,,,[]
mega-millions-2019-02-26,,,,,,[]
mega-millions-2019-03-01,,,,,,[]
mega-millions-2019-03-05,,,,,,[]
mega-millions-2019-03-08,,,,,,[]
mega-millions-2019-03-12,,,,,,[]
mega-millions-2019-03-15,,,,,,[]
mega-millions-2019-03-19,,,,,,[]
mega-millions-2019-03-22,,,,,,[]
mega-millions-2019-03-26,,,,,,[]
mega-millions-2019-03-29,,,,,,[]
mega-millions-2019-04-02,,,,,,[]
mega-millions-2019-04-05,,,,,,[]
mega-millions-2019-04-09,,,,,,[]
mega-millions-2019-04-12,,,,,,[]
mega-millions-2019-04-16,,,,,,[]
mega-millions-2019-04-19,,,,,,[]
mega-millions-2019-04-23,,,,,,[]
mega-millions-2019-04-26,,,,,,[]
mega-millions-2019-04-30,,,,,,[]
mega-millions-2019-05-03,,,,,,[]
mega-millions-2019-05-07,,,,,,[]
mega-millions-2019-05-10,,,,,,[]
mega-millions-2019-05-14,,,,,,[]
mega-millions-2019-05-17,,,,,,[]
mega-millions-2019-05-21,,,,,,[]
mega-millions-2019-05-24,,,,,,[]
mega-millions-2019-05-28,,,,,,[]
mega-millions-2019-05-31,,,,,,[]
mega-millions-2019-06-04,,,,,,[]
mega-millions-2019-06-07,,,,,,[]
mega-millions-2019-06-11,,,,,,[]
mega-millions-2019-06-14,,,,,,[]
mega-millions-2019-06-18,,,,,,[]
mega-millions-2019-06-21,,,,,,[]
mega-millions-2019-06-25,,,,,,[]
mega-millions-2019-06-28,,,,,,[]
mega-millions-2019-07-02,,,,,,[]
mega-millions-2019-07-05,,,,,,[]
mega-millions-2019-07-09,,,,,,[]
mega-millions-2019-07-12,,,,,,[]
mega-millions-2019-07-16,,,,,,[]
mega-millions-2019-07-19,,,,,,[]
mega-millions-2019-07-23,,,,,,[]
mega-millions-2019-07-26,,,,,,[]
mega-millions-2019-07-30,,,,,,[]
mega-millions-2019-08-02,,,,,,[]
mega-millions-2019-08-06,,,,,,[]
mega-millions-2019-08-09,,,,,,[]
mega-millions-2019-08-13,,,,,,[]
mega-millions-2019-08-16,,,,,,[]
mega-millions-2019-08-20,,,,,,[]
mega-millions-2019-08-23,,,,,,[]
mega-millions-2019-08-27,,,,,,[]
mega-millions-2019-08-30,,,,,,[]
mega-millions-2019-09-03,,,,,,[]
mega-millions-2019-09-06,,,,,,[]
mega-millions-2019-09-10,,,,,,[]
mega-millions-2019-09-13,,,,,,[]
mega-millions-2019-09-17,,,,,,[]
mega-millions-2019-09-20,,,,,,[]
mega-millions-2019-09-24,,,,,,[]
mega-millions-2019-09-27,,,,,,[]
mega-millions-2019-10-01,,,,,,[]
mega-millions-2019-10-04,,,,,,[]
mega-millions-2019-10-08,,,,,,[]
mega-millions-2019-10-11,,,,,,[]
mega-millions-2019-10-15,,,,,,[]
mega-millions-2019-10-18,,,,,,[]
mega-millions-2019-10-22,,,,,,[]
mega-millions-2019-10-25,,,,,,[]
mega-millions-2019-10-29,,,,,,[]
mega-millions-2019-11-01,,,,,,[]
mega-millions-2019-11-05,,,,,,[]
mega-millions-2019-11-08,,,,,,[]
mega-millions-2019-11-12,,,,,,[]
mega-millions-2019-11-15,,,,,,[]
mega-millions-2019-11-19,,,,,,[]
mega-millions-2019-11-22,,,,,,[]
mega-millions-2019-11-26,,,,,,[]
mega-millions-2019-11-29,,,,,,[]
mega-millions-2019-12-03,,,,,,[]
mega-millions-2019-12-06,,,,,,[]
mega-millions-2019-12-10,,,,,,[]
mega-millions-2019-12-13,,,,,,[]
mega-millions-2019-12-17,,,,,,[]
mega-millions-2019-12-20,,,,,,[]
mega-millions-2019-12-24,,,,,,[]
mega-millions-2019-12-27,,,,,,[]
mega-millions-2019-12-31,,,,,,[]
mega-millions-2020-01-03,,,,,,[]
mega-millions-2020-01-07,,,,,,[]
mega-millions-2020-01-10,,,,,,[]
mega-millions-2020-01-14,,,,,,[]
mega-millions-2020-01-17,,,,,,[]
mega-millions-2020-01-21,,,,,,[]
mega-millions-2020-01-24,,,,,,[]
mega-millions-2020-01-28,,,,,,[]
mega-millions-2020-01-31,,,,,,[]
mega-millions-2020-02-04,,,,,,[]
mega-millions-2020-02-07,,,,,,[]
mega-millions-2020-02-11,,,,,,[]
mega-millions-2020-02-14,,,,,,[]
mega-millions-2020-02-18,,,,,,[]
mega-millions-2020-02-21,,,,,,[]
mega-millions-2020-02-25,,,,,,[]
mega-millions-2020-02-28,,,,,,[]
mega-millions-2020-03-03,,,,,,[]
mega-millions-2020-03-06,,,,,,[]
mega-millions-2020-03-10,,,,,,[]
mega-millions-2020-03-13,,,,,,[]
mega-millions-2020-03-17,,,,,,[]
mega-millions-2020-03-20,,,,,,[]
mega-millions-2020-03-24,,,,,,[]
mega-millions-2020-03-27,,,,,,[]
mega-millions-2020-03-31,,,,,,[]
mega-millions-2020-04-03,,,,,,[]
mega-millions-2020-04-07,,,,,,[]
mega-millions-2020-04-10,,,,,,[]
mega-millions-2020-04-14,,,,,,[]
mega-millions-2020-04-17,,,,,,[]
mega-millions-2020-04-21,,,,,,[]
mega-millions-2020-04-24,,,,,,[]
mega-millions-2020-04-28,,,,,,[]
mega-millions-2020-05-01,,,,,,[]
mega-millions-2020-05-05,,,,,,[]
mega-millions-2020-05-08,,,,,,[]
mega-millions-2020-05-12,,,,,,[]
mega-millions-2020-05-15,,,,,,[]
mega-millions-2020-05-19,,,,,,[]
mega-millions-2020-05-22,,,,,,[]
mega-millions-2020-05-26,,,,,,[]
mega-millions-2020-05-29,,,,,,[]
mega-millions-2020-06-02,,,,,,[]
mega-millions-2020-06-05,,,,,,[]
mega-millions-2020-06-09,,,,,,[]
mega-millions-2020-06-12,,,,,,[]
mega-millions-2020-06-16,,,,,,[]
mega-millions-2020-06-19,,,,,,[]
mega-millions-2020-06-23,,,,,,[]
mega-millions-2020-06-26,,,,,,[]
mega-millions-2020-06-30,,,,,,[]
mega-millions-2020-07-03,,,,,,[]
mega-millions-2020-07-07,,,,,,[]
mega-millions-2020-07-10,,,,,,[]
mega-millions-2020-07-14,,,,,,[]
mega-millions-2020-07-17,,,,,,[]
mega-millions-2020-07-21,,,,,,[]
mega-millions-2020-07-24,,,,,,[]
mega-millions-2020-07-28,,,,,,[]
mega-millions-2020-07-31,,,,,,[]
mega-millions-2020-08-04,,,,,,[]
mega-millions-2020-08-07,,,,,,[]
mega-millions-2020-08-11,,,,,,[]
mega-millions-2020-08-14,,,,,,[]
mega-millions-2020-08-18,,,,,,[]
mega-millions-2020-08-21,,,,,,[]
mega-millions-2020-08-25,,,,,,[]
mega-millions-2020-08-28,,,,,,[]
mega-millions-2020-09-01,,,,,,[]
mega-millions-2020-09-04,,,,,,[]
mega-millions-2020-09-08,,,,,,[]
mega-millions-2020-09-11,,,,,,[]
mega-millions-2020-09-15,,,,,,[]
mega-millions-2020-09-18,,,,,,[]
mega-millions-2020-09-22,,,,,,[]
mega-millions-2020-09-25,,,,,,[]
mega-millions-2020-09-29,,,,,,[]
mega-millions-2020-10-02,,,,,,[]
mega-millions-2020-10-06,,,,,,[]
mega-millions-2020-10-09,,,,,,[]
mega-millions-2020-10-13,,,,,,[]
mega-millions-2020-10-16,,,,,,[]
mega-millions-2020-10-20,,,,,,[]
mega-millions-2020-10-23,,,,,,[]
mega-millions-2020-10-27,,,,,,[]
mega-millions-2020-10-30,,,,,,[]
mega-millions-2020-11-03,,,,,,[]
mega-millions-2020-11-06,,,,,,[]
mega-millions-2020-11-10,,,,,,[]
mega-millions-2020-11-13,,,,,,[]
mega-millions-2020-11-17,,,,,,[]
mega-millions-2020-11-20,,,,,,[]
mega-millions-2020-11-24,,,,,,[]
mega-millions-2020-11-27,,,,,,[]
mega-millions-2020-12-01,,,,,,[]
mega-millions-2020-12-04,,,,,,[]
mega-millions-2020-12-08,,,,,,[]
mega-millions-2020-12-11,,,,,,[]
mega-millions-2020-12-15,,,,,,[]
mega-millions-2020-12-18,,,,,,[]
mega-millions-2020-12-22,,,,,,[]
mega-millions-2020-12-25,,,,,,[]
mega-millions-2020-12-29,,,,,,[]
mega-millions-2021-01-01,,,,,,[]
mega-millions-2021-01-05,,,,,,[]
mega-millions-2021-01-08,,,,,,[]
mega-millions-2021-01-12,,,,,,[]
mega-millions-2021-01-15,,,,,,[]
mega-millions-2021-01-19,,,,,,[]
mega-millions-2021-01-22,,,,,,[]
mega-millions-2021-01-26,,,,,,[]
mega-millions-2021-01-29,,,,,,[]
mega-millions-2021-02-02,,,,,,[]
mega-millions-2021-02-05,,,,,,[]
mega-millions-2021-02-09,,,,,,[]
mega-millions-2021-02-12,,,,,,[]
mega-millions-2021-02-16,,,,,,[]
mega-millions-2021-02-19,,,,,,[]
mega-millions-2021-02-23,,,,,,[]
mega-millions-2021-02-26,,,,,,[]
mega-millions-2021-03-02,,,,,,[]
mega-millions-2021-03-05,,,,,,[]
mega-millions-2021-03-09,,,,,,[]
mega-millions-2021-03-12,,,,,,[]
mega-millions-2021-03-16,,,,,,[]
mega-millions-2021-03-19,,,,,,[]
mega-millions-2021-03-23,,,,,,[]
mega-millions-2021-03-26,,,,,,[]
mega-millions-2021-03-30,,,,,,[]
mega-millions-2021-04-02,,,,,,[]
mega-millions-2021-04-06,,,,,,[]
mega-millions-2021-04-09,,,,,,[]
mega-millions-2021-04-13,,,,,,[]
mega-millions-2021-04-16,,,,,,[]
mega-millions-2021-04-20,,,,,,[]
mega-millions-2021-04-23,,,,,,[]
mega-millions-2021-04-27,,,,,,[]
mega-millions-2021-04-30,,,,,,[]
mega-millions-2021-05-04,,,,,,[]
mega-millions-2021-05-07,,,,,,[]
mega-millions-2021-05-11,,,,,,[]
mega-millions-2021-05-14,,,,,,[]
mega-millions-2021-05-18,,,,,,[]
mega-millions-2021-05-21,,,,,,[]
mega-millions-2021-05-25,,,,,,[]
mega-millions-2021-05-28,,,,,,[]
mega-millions-2021-06-01,,,,,,[]
mega-millions-2021-06-04,,,,,,[]
mega-millions-2021-06-08,,,,,,[]
mega-millions-2021-06-11,,,,,,[]
mega-millions-2021-06-15,,,,,,[]
mega-millions-2021-06-18,,,,,,[]
mega-millions-2021-06-22,,,,,,[]
mega-millions-2021-06-25,,,,,,[]
mega-millions-2021-06-29,,,,,,[]
mega-millions-2021-07-02,,,,,,[]
mega-millions-2021-07-06,,,,,,[]
mega-millions-2021-07-09,,,,,,[]
mega-millions-2021-07-13,,,,,,[]
mega-millions-2021-07-16,,,,,,[]
mega-millions-2021-07-20,,,,,,[]
mega-millions-2021-07-23,,,,,,[]
mega-millions-2021-07-27,,,,,,[]
mega-millions-2021-07-30,,,,,,[]
mega-millions-2021-08-03,,,,,,[]
mega-millions-2021-08-06,,,,,,[]
mega-millions-2021-08-10,,,,,,[]
mega-millions-2021-08-13,,,,,,[]
mega-millions-2021-08-17,,,,,,[]
mega-millions-2021-08-20,,,,,,[]
mega-millions-2021-08-24,,,,,,[]
mega-millions-2021-08-27,,,,,,[]
mega-millions-2021-08-31,,,,,,[]
mega-millions-2021-09-03,,,,,,[]
mega-millions-2021-09-07,,,,,,[]
mega-millions-2021-09-10,,,,,,[]
mega-millions-2021-09-14,,,,,,[]
mega-millions-2021-09-17,,,,,,[]
mega-millions-2021-09-21,,,,,,[]
mega-millions-2021-09-24,,,,,,[]
mega-millions-2021-09-28,,,,,,[]
mega-millions-2021-10-01,,,,,,[]
mega-millions-2021-10-05,,,,,,[]
mega-millions-2021-10-08,,,,,,[]
mega-millions-2021-10-12,,,,,,[]
mega-millions-2021-10-15,,,,,,[]
mega-millions-2021-10-19,,,,,,[]
mega-millions-2021-10-22,,,,,,[]
mega-millions-2021-10-26,,,,,,[]
mega-millions-2021-10-29,,,,,,[]
mega-millions-2021-11-02,,,,,,[]
mega-millions-2021-11-05,,,,,,[]
mega-millions-2021-11-09,,,,,,[]
mega-millions-2021-11-12,,,,,,[]
mega-millions-2021-11-16,,,,,,[]
mega-millions-2021-11-19,,,,,,[]
mega-millions-2021-11-23,,,,,,[]
mega-millions-2021-11-26,,,,,,[]
mega-millions-2021-11-30,,,,,,[]
mega-millions-2021-12-03,,,,,,[]
mega-millions-2021-12-07,,,,,,[]
mega-millions-2021-12-10,,,,,,[]
mega-millions-2021-12-14,,,,,,[]
mega-millions-2021-12-17,,,,,,[]
mega-millions-2021-12-21,,,,,,[]
mega-millions-2021-12-24,,,,,,[]
mega-millions-2021-12-28,,,,,,[]
mega-millions-2021-12-31,,,,,,[]
mega-millions-2022-01-04,,,,,,[]
mega-millions-2022-01-07,,,,,,[]
mega-millions-2022-01-11,,,,,,[]
mega-millions-2022-01-14,,,,,,[]
mega-millions-2022-01-18,,,,,,[]
mega-millions-2022-01-21,,,,,,[]
mega-millions-2022-01-25,,,,,,[]
mega-millions-2022-01-28,,,,,,[]
mega-millions-2022-02-01,,,,,,[]
mega-millions-2022-02-04,,,,,,[]
mega-millions-2022-02-08,,,,,,[]
mega-millions-2022-02-11,,,,,,[]
mega-millions-2022-02-15,,,,,,[]
mega-millions-2022-02-18,,,,,,[]
mega-millions-2022-02-22,,,,,,[]
mega-millions-2022-02-25,,,,,,[]
mega-millions-2022-03-01,,,,,,[]
mega-millions-2022-03-04,,,,,,[]
mega-millions-2022-03-08,,,,,,[]
mega-millions-2022-03-11,,,,,,[]
mega-millions-2022-03-15,,,,,,[]
mega-millions-2022-03-18,,,,,,[]
mega-millions-2022-03-22,,,,,,[]
mega-millions-2022-03-25,,,,,,[]
mega-millions-2022-03-29,,,,,,[]
mega-millions-2022-04-01,,,,,,[]
mega-millions-2022-04-05,,,,,,[]
mega-millions-2022-04-08,,,,,,[]
mega-millions-2022-04-12,,,,,,[]
mega-millions-2022-04-15,,,,,,[]
mega-millions-2022-04-19,,,,,,[]
mega-millions-2022-04-22,,,,,,[]
mega-millions-2022-04-26,,,,,,[]
mega-millions-2022-04-29,,,,,,[]
mega-millions-2022-05-03,,,,,,[]
mega-millions-2022-05-06,,,,,,[]
mega-millions-2022-05-10,,,,,,[]
mega-millions-2022-05-13,,,,,,[]
mega-millions-2022-05-17,,,,,,[]
mega-millions-2022-05-20,,,,,,[]
mega-millions-2022-05-24,,,,,,[]
mega-millions-2022-05-27,,,,,,[]
mega-millions-2022-05-31,,,,,,[]
mega-millions-2022-06-03,,,,,,[]
mega-millions-2022-06-07,,,,,,[]
mega-millions-2022-06-10,,,,,,[]
mega-millions-2022-06-14,,,,,,[]
mega-millions-2022-06-17,,,,,,[]
mega-millions-2022-06-21,,,,,,[]
mega-millions-2022-06-24,,,,,,[]
mega-millions-2022-06-28,,,,,,[]
mega-millions-2022-07-01,,,,,,[]
mega-millions-2022-07-05,,,,,,[]
mega-millions-2022-07-08,,,,,,[]
mega-millions-2022-07-12,,,,,,[]
mega-millions-2022-07-15,,,,,,[]
mega-millions-2022-07-19,,,,,,[]
mega-millions-2022-07-22,,,,,,[]
mega-millions-2022-07-26,,,,,,[]
mega-millions-2022-07-29,,,,,,[]
mega-millions-2022-08-02,,,,,,[]
mega-millions-2022-08-05,,,,,,[]
mega-millions-2022-08-09,,,,,,[]
mega-millions-2022-08-12,,,,,,[]
mega-millions-2022-08-16,,,,,,[]
mega-millions-2022-08-19,,,,,,[]
mega-millions-2022-08-23,,,,,,[]
mega-millions-2022-08-26,,,,,,[]
mega-millions-2022-08-30,,,,,,[]
mega-millions-2022-09-02,,,,,,[]
mega-millions-2022-09-06,,,,,,[]
mega-millions-2022-09-09,,,,,,[]
mega-millions-2022-09-13,,,,,,[]
mega-millions-2022-09-16,,,,,,[]
mega-millions-2022-09-20,,,,,,[]
mega-millions-2022-09-23,,,,,,[]
mega-millions-2022-09-27,,,,,,[]
mega-millions-2022-09-30,,,,,,[]
mega-millions-2022-10-04,,,,,,[]
mega-millions-2022-10-07,,,,,,[]
mega-millions-2022-10-11,,,,,,[]
mega-millions-2022-10-14,,,,,,[]
mega-millions-2022-10-18,,,,,,[]
mega-millions-2022-10-21,,,,,,[]
mega-millions-2022-10-25,,,,,,[]
mega-millions-2022-10-28,,,,,,[]
mega-millions-2022-11-01,,,,,,[]
mega-millions-2022-11-04,,,,,,[]
mega-millions-2022-11-08,,,,,,[]
mega-millions-2022-11-11,,,,,,[]
mega-millions-2022-11-15,,,,,,[]
mega-millions-2022-11-18,,,,,,[]
mega-millions-2022-11-22,,,,,,[]
mega-millions-2022-11-25,,,,,,[]
mega-millions-2022-11-29,,,,,,[]
mega-millions-2022-12-02,,,,,,[]
mega-millions-2022-12-06,,,,,,[]
mega-millions-2022-12-09,,,,,,[]
mega-millions-2022-12-13,,,,,,[]
mega-millions-2022-12-16,,,,,,[]
mega-millions-2022-12-20,,,,,,[]
mega-millions-2022-12-23,,,,,,[]
mega-millions-2022-12-27,,,,,,[]
mega-millions-2022-12-30,,,,,,[]
mega-millions-2023-01-03,,,,,,[]
mega-millions-2023-01-06,,,,,,[]
mega-millions-2023-01-10,,,,,,[]
mega-millions-2023-01-13,,,,,,[]
mega-millions-2023-01-17,,,,,,[]
mega-millions-2023-01-20,,,,,,[]
mega-millions-2023-01-24,,,,,,[]
mega-millions-2023-01-27,,,,,,[]
mega-millions-2023-01-31,,,,,,[]
mega-millions-2023-02-03,,,,,,[]
mega-millions-2023-02-07,,,,,,[]
mega-millions-2023-02-10,,,,,,[]
mega-millions-2023-02-14,,,,,,[]
mega-millions-2023-02-17,,,,,,[]
mega-millions-2023-02-21,,,,,,[]
mega-millions-2023-02-24,,,,,,[]
mega-millions-2023-02-28,,,,,,[]
mega-millions-2023-03-03,,,,,,[]
mega-millions-2023-03-07,,,,,,[]
mega-millions-2023-03-10,,,,,,[]
mega-millions-2023-03-14,,,,,,[]
mega-millions-2023-03-17,,,,,,[]
mega-millions-2023-03-21,,,,,,[]
mega-millions-2023-03-24,,,,,,[]
mega-millions-2023-03-28,,,,,,[]
mega-millions-2023-03-31,,,,,,[]
mega-millions-2023-04-04,,,,,,[]
mega-millions-2023-04-07,,,,,,[]
mega-millions-2023-04-11,,,,,,[]
mega-millions-2023-04-14,,,,,,[]
mega-millions-2023-04-18,,,,,,[]
mega-millions-2023-04-21,,,,,,[]
mega-millions-2023-04-25,,,,,,[]
mega-millions-2023-04-28,,,,,,[]
mega-millions-2023-05-02,,,,,,[]
mega-millions-2023-05-05,,,,,,[]
mega-millions-2023-05-09,,,,,,[]
mega-millions-2023-05-12,,,,,,[]
mega-millions-2023-05-16,,,,,,[]
mega-millions-2023-05-19,,,,,,[]
mega-millions-2023-05-23,,,,,,[]
mega-millions-2023-05-26,,,,,,[]
mega-millions-2023-05-30,,,,,,[]
mega-millions-2023-06-02,,,,,,[]
mega-millions-2023-06-06,,,,,,[]
mega-millions-2023-06-09,,,,,,[]
mega-millions-2023-06-13,,,,,,[]
mega-millions-2023-06-16,,,,,,[]
mega-millions-2023-06-20,,,,,,[]
mega-millions-2023-06-23,,,,,,[]
mega-millions-2023-06-27,,,,,,[]
mega-millions-2023-06-30,,,,,,[]
mega-millions-2023-07-04,,,,,,[]
mega-millions-2023-07-07,,,,,,[]
mega-millions-2023-07-11,,,,,,[]
mega-millions-2023-07-14,,,,,,[]
mega-millions-2023-07-18,,,,,,[]
mega-millions-2023-07-21,,,,,,[]
mega-millions-2023-07-25,,,,,,[]
mega-millions-2023-07-28,,,,,,[]
mega-millions-2023-08-01,,,,,,[]
mega-millions-2023-08-04,,,,,,[]
mega-millions-2023-08-08,,,,,,[]
mega-millions-2023-08-11,,,,,,[]
mega-millions-2023-08-15,,,,,,[]
mega-millions-2023-08-18,,,,,,[]
mega-millions-2023-08-22,,,,,,[]
mega-millions-2023-08-25,,,,,,[]
mega-millions-2023-08-29,,,,,,[]
mega-millions-2023-09-01,,,,,,[]
mega-millions-2023-09-05,,,,,,[]
mega-millions-2023-09-08,,,,,,[]
mega-millions-2023-09-12,,,,,,[]
mega-millions-2023-09-15,,,,,,[]
mega-millions-2023-09-19,,,,,,[]
mega-millions-2023-09-22,,,,,,[]
mega-millions-2023-09-26,,,,,,[]
mega-millions-2023-09-29,,,,,,[]
mega-millions-2023-10-03,,,,,,[]
mega-millions-2023-10-06,,,,,,[]
mega-millions-2023-10-10,,,,,,[]
mega-millions-2023-10-13,,,,,,[]
mega-millions-2023-10-17,,,,,,[]
mega-millions-2023-10-20,,,,,,[]
mega-millions-2023-10-24,,,,,,[]
mega-millions-2023-10-27,,,,,,[]
mega-millions-2023-10-31,,,,,,[]
mega-millions-2023-11-03,,,,,,[]
mega-millions-2023-11-07,,,,,,[]
mega-millions-2023-11-10,,,,,,[]
mega-millions-2023-11-14,,,,,,[]
mega-millions-2023-11-17,,,,,,[]
mega-millions-2023-11-21,,,,,,[]
mega-millions-2023-11-24,,,,,,[]
mega-millions-2023-11-28,,,,,,[]
mega-millions-2023-12-01,,,,,,[]
mega-millions-2023-12-05,,,,,,[]
mega-millions-2023-12-08,,,,,,[]
mega-millions-2023-12-12,,,,,,[]
mega-millions-2023-12-15,,,,,,[]
mega-millions-2023-12-19,,,,,,[]
mega-millions-2023-12-22,,,,,,[]
mega-millions-2023-12-26,,,,,,[]
mega-millions-2023-12-29,,,,,,[]
mega-millions-2024-01-02,,,,,,[]
mega-millions-2024-01-05,,,,,,[]
mega-millions-2024-01-09,,,,,,[]
mega-millions-2024-01-12,,,,,,[]
mega-millions-2024-01-16,,,,,,[]
mega-millions-2024-01-19,,,,,,[]
mega-millions-2024-01-23,,,,,,[]
mega-millions-2024-01-26,,,,,,[]
mega-millions-2024-01-30,,,,,,[]
mega-millions-2024-02-02,,,,,,[]
mega-millions-2024-02-06,,,,,,[]
mega-millions-2024-02-09,,,,,,[]
mega-millions-2024-02-13,,,,,,[]
mega-millions-2024-02-16,,,,,,[]
mega-millions-2024-02-20,,,,,,[]
mega-millions-2024-02-23,,,,,,[]
mega-millions-2024-02-27,,,,,,[]
mega-millions-2024-03-01,,,,,,[]
mega-millions-2024-03-05,,,,,,[]
mega-millions-2024-03-08,,,,,,[]
mega-millions-2024-03-12,,,,,,[]
mega-millions-2024-03-15,,,,,,[]
mega-millions-2024-03-19,,,,,,[]
mega-millions-2024-03-22,,,,,,[]
mega-millions-2024-03-26,,,,,,[]
mega-millions-2024-03-29,,,,,,[]
mega-millions-2024-04-02,,,,,,[]
mega-millions-2024-04-05,,,,,,[]
mega-millions-2024-04-09,,,,,,[]
mega-millions-2024-04-12,,,,,,[]
mega-millions-2024-04-16,,,,,,[]
mega-millions-2024-04-19,,,,,,[]
mega-millions-2024-04-23,,,,,,[]
mega-millions-2024-04-26,,,,,,[]
mega-millions-2024-04-30,,,,,,[]
mega-millions-2024-05-03,,,,,,[]
mega-millions-2024-05-07,,,,,,[]
mega-millions-2024-05-10,,,,,,[]
mega-millions-2024-05-14,,,,,,[]
mega-millions-2024-05-17,,,,,,[]
mega-millions-2024-05-21,,,,,,[]
mega-millions-2024-05-24,,,,,,[]
mega-millions-2024-05-28,,,,,,[]
mega-millions-2024-05-31,,,,,,[]
mega-millions-2024-06-04,,,,,,[]
mega-millions-2024-06-07,,,,,,[]
mega-millions-2024-06-11,,,,,,[]
mega-millions-2024-06-14,,,,,,[]
mega-millions-2024-06-18,,,,,,[]
mega-millions-2024-06-21,,,,,,[]
mega-millions-2024-06-25,,,,,,[]
mega-millions-2024-06-28,,,,,,[]
mega-millions-2024-07-02,,,,,,[]
mega-millions-2024-07-05,,,,,,[]
mega-millions-2024-07-09,,,,,,[]
mega-millions-2024-07-12,,,,,,[]
mega-millions-2024-07-16,,,,,,[]
mega-millions-2024-07-19,,,,,,[]
mega-millions-2024-07-23,,,,,,[]
mega-millions-2024-07-26,,,,,,[]
mega-millions-2024-07-30,,,,,,[]
mega-millions-2024-08-02,,,,,,[]
mega-millions-2024-08-06,,,,,,[]
mega-millions-2024-08-09,,,,,,[]
mega-millions-2024-08-13,,,,,,[]
mega-millions-2024-08-16,,,,,,[]
mega-millions-2024-08-20,,,,,,[]
mega-millions-2024-08-23,,,,,,[]
mega-millions-2024-08-27,,,,,,[]
mega-millions-2024-08-30,,,,,,[]
mega-millions-2024-09-03,,,,,,[]
mega-millions-2024-09-06,,,,,,[]
mega-millions-2024-09-10,,,,,,[]
mega-millions-2024-09-13,,,,,,[]
mega-millions-2024-09-17,,,,,,[]
mega-millions-2024-09-20,,,,,,[]
mega-millions-2024-09-24,,,,,,[]
mega-millions-2024-09-27,,,,,,[]
mega-millions-2024-10-01,,,,,,[]
mega-millions-2024-10-04,,,,,,[]
mega-millions-2024-10-08,,,,,,[]
mega-millions-2024-10-11,,,,,,[]
mega-millions-2024-10-15,,,,,,[]
mega-millions-2024-10-18,,,,,,[]
mega-millions-2024-10-22,,,,,,[]
mega-millions-2024-10-25,,,,,,[]
mega-millions-2024-10-29,,,,,,[]
mega-millions-2024-11-01,,,,,,[]
mega-millions-2024-11-05,,,,,,[]
mega-millions-2024-11-08,,,,,,[]
mega-millions-2024-11-12,,,,,,[]
mega-millions-2024-11-15,,,,,,[]
mega-millions-2024-11-19,,,,,,[]
mega-millions-2024-11-22,,,,,,[]
mega-millions-2024-11-26,,,,,,[]
mega-millions-2024-11-29,,,,,,[]
mega-millions-2024-12-03,,,,,,[]
mega-millions-2024-12-06,,,,,,[]
mega-millions-2024-12-10,,,,,,[]
mega-millions-2024-12-13,,,,,,[]
mega-millions-2024-12-17,,,,,,[]
mega-millions-2024-12-20,,,,,,[]
mega-millions-2024-12-24,,,,,,[]
mega-millions-2024-12-27,,,,,,[]
mega-millions-2024-12-31,,,,,,[]
mega-millions-2025-01-03,,,,,,[]
mega-millions-2025-01-07,,,,,,[]
mega-millions-2025-01-10,,,,,,[]
mega-millions-2025-01-14,,,,,,[]
mega-millions-2025-01-17,,,,,,[]
mega-millions-2025-01-21,,,,,,[]
mega-millions-2025-01-24,,,,,,[]
mega-millions-2025-01-28,,,,,,[]
mega-millions-2025-01-31,,,,,,[]
mega-millions-2025-02-04,,,,,,[]
mega-millions-2025-02-07,,,,,,[]
mega-millions-2025-02-11,,,,,,[]
mega-millions-2025-02-14,,,,,,[]
mega-millions-2025-02-18,,,,,,[]
mega-millions-2025-02-21,,,,,,[]
mega-millions-2025-02-25,,,,,,[]
mega-millions-2025-02-28,,,,,,[]
mega-millions-2025-03-04,,,,,,[]
mega-millions-2025-03-07,,,,,,[]
mega-millions-2025-03-11,,,,,,[]
mega-millions-2025-03-14,,,,,,[]
mega-millions-2025-03-18,,,,,,[]
mega-millions-2025-03-21,,,,,,[]
mega-millions-2025-03-25,,,,,,[]
mega-millions-2025-03-28,,,,,,[]
mega-millions-2025-04-01,,,,,,[]
mega-millions-2025-04-04,,,,,,[]
mega-millions-2025-04-08,,,,,,[]
mega-millions-2025-04-11,,,,,,[]
mega-millions-2025-04-15,,,,,,[]
mega-millions-2025-04-18,,,,,,[]
mega-millions-2025-04-22,,,,,,[]
mega-millions-2025-04-25,,,,,,[]
mega-millions-2025-04-29,,,,,,[]
mega-millions-2025-05-02,,,,,,[]
mega-millions-2025-05-06,,,,,,[]
mega-millions-2025-05-09,,,,,,[]
mega-millions-2025-05-13,,,,,,[]
mega-millions-2025-05-16,,,,,,[]
mega-millions-2025-05-20,,,,,,[]
mega-millions-2025-05-23,,,,,,[]
mega-millions-2025-05-27,,,,,,[]
mega-millions-2025-05-30,,,,,,[]
mega-millions-2025-06-03,,,,,,[]
mega-millions-2025-06-06,,,,,,[]
mega-millions-2025-06-10,,,,,,[]
mega-millions-2025-06-13,,,,,,[]
mega-millions-2025-06-17,,,,,,[]
mega-millions-2025-06-20,,,,,,[]
mega-millions-2025-06-24,,,,,,[]
mega-millions-2025-06-27,,,,,,[]
mega-millions-2025-07-01,,,,,,[]
mega-millions-2025-07-04,,,,,,[]
mega-millions-2025-07-08,,,,,,[]
mega-millions-2025-07-11,,,,,,[]
mega-millions-2025-07-15,,,,,,[]
mega-millions-2025-07-18,,,,,,[]
mega-millions-2025-07-22,,,,,,[]
mega-millions-2025-07-25,,,,,,[]
mega-millions-2025-07-29,,,,,,[]
mega-millions-2025-08-01,,,,,,[]
mega-millions-2025-08-05,,,,,,[]
mega-millions-2025-08-08,,,,,,[]
mega-millions-2025-08-12,,,,,,[]
mega-millions-2025-08-15,,,,,,[]
mega-millions-2025-08-19,,,,,,[]
mega-millions-2025-08-22,,,,,,[]
mega-millions-2025-08-26,,,,,,[]
mega-millions-2025-08-29,,,,,,[]
mega-millions-2025-09-02,,,,,,[]
mega-millions-2025-09-05,,,,,,[]
mega-millions-2025-09-09,,,,,,[]
mega-millions-2025-09-12,,,,,,[]
mega-millions-2025-09-16,,,,,,[]
mega-millions-2025-09-19,,,,,,[]
mega-millions-2025-09-23,,,,,,[]
mega-millions-2025-09-26,,,,,,[]
mega-millions-2025-09-30,,,,,,[]
mega-millions-2025-10-03,,,,,,[]
mega-millions-2025-10-07,,,,,,[]
mega-millions-2025-10-10,,,,,,[]
mega-millions-2025-10-14,,,,,,[]
mega-millions-2025-10-17,,,,,,[]
mega-millions-2025-10-21,,,,,,[]
mega-millions-2025-10-24,,,,,,[]
mega-millions-2025-10-28,,,,,,[]
mega-millions-2025-10-31,,,,,,[]
mega-millions-2025-11-04,,,,,,[]
mega-millions-2025-11-07,,,,,,[]
mega-millions-2025-11-11,,,,,,[]
mega-millions-2025-11-14,,,,,,[]
mega-millions-2025-11-18,,,,,,[]
mega-millions-2025-11-21,,,,,,[]
mega-millions-2025-11-25,,,,,,[]
mega-millions-2025-11-28,,,,,,[]
mega-millions-2025-12-02,,,,,,[]
mega-millions-2025-12-05,,,,,,[]
mega-millions-2025-12-09,,,,,,[]
mega-millions-2025-12-12,,,,,,[]
mega-millions-2025-12-16,,,,,,[]
mega-millions-2025-12-19,,,,,,[]
mega-millions-2025-12-23,,,,,,[]
mega-millions-2025-12-26,,,,,,[]
mega-millions-2025-12-30,,,,,,[]
mega-millions-2026-01-02,,,,,,[]
mega-millions-2026-01-06,,,,,,[]
mega-millions-2026-01-09,,,,,,[]
mega-millions-2026-01-13,,,,,,[]
mega-millions-2026-01-16,,,,,,[]
mega-millions-2026-01-20,,,,,,[]
mega-millions-2026-01-23,,,,,,[]
mega-millions-2026-01-27,,,,,,[]
mega-millions-2026-01-30,,,,,,[]
mega-millions-2026-02-03,,,,,,[]
mega-millions-2026-02-06,,,,,,[]
mega-millions-2026-02-10,,,,,,[]
mega-millions-2026-02-13,,,,,,[]
mega-millions-2026-02-17,,,,,,[]
mega-millions-2026-02-20,,,,,,[]
mega-millions-2026-02-24,,,,,,[]
mega-millions-2026-02-27,,,,,,[]
mega-millions-2026-03-03,,,,,,[]
mega-millions-2026-03-06,,,,,,[]
mega-millions-2026-03-10,,,,,,[]
mega-millions-2026-03-13,,,,,,[]
mega-millions-2026-03-17,,,,,,[]
mega-millions-2026-03-20,,,,,,[]
mega-millions-2026-03-24,,,,,,[]
mega-millions-2026-03-27,,,,,,[]
mega-millions-2026-03-31,,,,,,[]
mega-millions-2026-04-03,,,,,,[]
mega-millions-2026-04-07,,,,,,[]
mega-millions-2026-04-10,,,,,,[]
mega-millions-2026-04-14,,,,,,[]
mega-millions-2026-04-17,,,,,,[]
mega-millions-2026-04-21,,,,,,[]
mega-millions-2026-04-24,,,,,,[]
mega-millions-2026-04-28,,,,,,[]
mega-millions-2026-05-01,,,,,,[]
mega-millions-2026-05-05,,,,,,[]
mega-millions-2026-05-08,,,,,,[]
mega-millions-2026-05-12,,,,,,[]
mega-millions-2026-05-15,,,,,,[]
mega-millions-2026-05-19,,,,,,[]
mega-millions-2026-05-22,,,,,,[]
mega-millions-2026-05-26,,,,,,[]
mega-millions-2026-05-29,,,,,,[]
mega-millions-2026-06-02,,,,,,[]
mega-millions-2026-06-05,,,,,,[]
mega-millions-2026-06-09,,,,,,[]
mega-millions-2026-06-12,,,,,,[]
mega-millions-2026-06-16,,,,,,[]
mega-millions-2026-06-19,,,,,,[]
mega-millions-2026-06-23,,,,,,[]
mega-millions-2026-06-26,,,,,,[]
mega-millions-2026-06-30,,,,,,[]
mega-millions-2026-07-03,,,,,,[]
mega-millions-2026-07-07,,,,,,[]
mega-millions-2026-07-10,,,,,,[]
mega-millions-2026-07-14,,,,,,[]
mega-millions-2026-07-17,,,,,,[]
mega-millions-2026-07-21,,,,,,[]
mega-millions-2026-07-24,,,,,,[]
mega-millions-2026-07-28,,,,,,[]
mega-millions-2026-07-31,,,,,,[]
mega-millions-2026-08-04,,,,,,[]
mega-millions-2026-08-07,,,,,,[]
mega-millions-2026-08-11,,,,,,[]
mega-millions-2026-08-14,,,,,,[]
mega-millions-2026-08-18,,,,,,[]
mega-millions-2026-08-21,,,,,,[]
mega-millions-2026-08-25,,,,,,[]
mega-millions-2026-08-28,,,,,,[]
