stable_draw_id,advertised_jackpot_minor_units,jackpot_winner_count,rollover,multiplier,extra_draw_data,prize_tiers_json
powerball-1992-04-22,,,,,,[]
powerball-1992-04-25,,,,,,[]
powerball-1992-04-29,,,,,,[]
powerball-1992-05-02,,,,,,[]
powerball-1992-05-06,,,,,,[]
powerball-1992-05-09,,,,,,[]
powerball-1992-05-13,,,,,,[]
powerball-1992-05-16,,,,,,[]
powerball-1992-05-20,,,,,,[]
powerball-1992-05-23,,,,,,[]
powerball-1992-05-27,,,,,,[]
powerball-1992-05-30,,,,,,[]
powerball-1992-06-03,,,,,,[]
powerball-1992-06-06,,,,,,[]
powerball-1992-06-10,,,,,,[]
powerball-1992-06-13,,,,,,[]
powerball-1992-06-17,,,,,,[]
powerball-1992-06-20,,,,,,[]
powerball-1992-06-24,,,,,,[]
powerball-1992-06-27,,,,,,[]
powerball-1992-07-01,,,,,,[]
powerball-1992-07-04,,,,,,[]
powerball-1992-07-08,,,,,,[]
powerball-1992-07-11,,,,,,[]
powerball-1992-07-15,,,,,,[]
powerball-1992-07-18,,,,,,[]
powerball-1992-07-22,,,,,,[]
powerball-1992-07-25,,,,,,[]
powerball-1992-07-29,,,,,,[]
powerball-1992-08-01,,,,,,[]
powerball-1992-08-05,,,,,,[]
powerball-1992-08-08,,,,,,[]
powerball-1992-08-12,,,,,,[]
powerball-1992-08-15,,,,,,[]
powerball-1992-08-19,,,,,,[]
powerball-1992-08-22,,,,,,[]
powerball-1992-08-26,,,,,,[]
powerball-1992-08-29,,,,,,[]
powerball-1992-09-02,,,,,,[]
powerball-1992-09-05,,,,,,[]
powerball-1992-09-09,,,,,,[]
powerball-1992-09-12,,,,,,[]
powerball-1992-09-16,,,,,,[]
powerball-1992-09-19,,,,,,[]
powerball-1992-09-23,,,,,,[]
powerball-1992-09-26,,,,,,[]
powerball-1992-09-30,,,,,,[]
powerball-1992-10-03,,,,,,[]
powerball-1992-10-07,,,,,,[]
powerball-1992-10-10,,,,,,[]
powerball-1992-10-14,,,,,,[]
powerball-1992-10-17,,,,,,[]
powerball-1992-10-21,,,,,,[]
powerball-1992-10-24,,,,,,[]
powerball-1992-10-28,,,,,,[]
powerball-1992-10-31,,,,,,[]
powerball-1992-11-04,,,,,,[]
powerball-1992-11-07,,,,,,[]
powerball-1992-11-11,,,,,,[]
powerball-1992-11-14,,,,,,[]
powerball-1992-11-18,,,,,,[]
powerball-1992-11-21,,,,,,[]
powerball-1992-11-25,,,,,,[]
powerball-1992-11-28,,,,,,[]
powerball-1992-12-02,,,,,,[]
powerball-1992-12-05,,,,,,[]
powerball-1992-12-09,,,,,,[]
powerball-1992-12-12,,,,,,[]
powerball-1992-12-16,,,,,,[]
powerball-1992-12-19,,,,,,[]
powerball-1992-12-23,,,,,,[]
powerball-1992-12-26,,,,,,[]
powerball-1992-12-30,,,,,,[]
powerball-1993-01-02,,,,,,[]
powerball-1993-01-06,,,,,,[]
powerball-1993-01-09,,,,,,[]
powerball-1993-01-13,,,,,,[]
powerball-1993-01-16,,,,,,[]
powerball-1993-01-20,,,,,,[]
powerball-1993-01-23,,,,,,[]
powerball-1993-01-27,,,,,,[]
powerball-1993-01-30,,,,,,[]
powerball-1993-02-03,,,,,,[]
powerball-1993-02-06,,,,,,[]
powerball-1993-02-10,,,,,,[]
powerball-1993-02-13,,,,,,[]
powerball-1993-02-17,,,,,,[]
powerball-1993-02-20,,,,,,[]
powerball-1993-02-24,,,,,,[]
powerball-1993-02-27,,,,,,[]
powerball-1993-03-03,,,,,,[]
powerball-1993-03-06,,,,,,[]
powerball-1993-03-10,,,,,,[]
powerball-1993-03-13,,,,,,[]
powerball-1993-03-17,,,,,,[]
powerball-1993-03-20,,,,,,[]
powerball-1993-03-24,,,,,,[]
powerball-1993-03-27,,,,,,[]
powerball-1993-03-31,,,,,,[]
powerball-1993-04-03,,,,,,[]
powerball-1993-04-07,,,,,,[]
powerball-1993-04-10,,,,,,[]
powerball-1993-04-14,,,,,,[]
powerball-1993-04-17,,,,,,[]
powerball-1993-04-21,,,,,,[]
powerball-1993-04-24,,,,,,[]
powerball-1993-04-28,,,,,,[]
powerball-1993-05-01,,,,,,[]
powerball-1993-05-05,,,,,,[]
powerball-1993-05-08,,,,,,[]
powerball-1993-05-12,,,,,,[]
powerball-1993-05-15,,,,,,[]
powerball-1993-05-19,,,,,,[]
powerball-1993-05-22,,,,,,[]
powerball-1993-05-26,,,,,,[]
powerball-1993-05-29,,,,,,[]
powerball-1993-06-02,,,,,,[]
powerball-1993-06-05,,,,,,[]
powerball-1993-06-09,,,,,,[]
powerball-1993-06-12,,,,,,[]
powerball-1993-06-16,,,,,,[]
powerball-1993-06-19,,,,,,[]
powerball-1993-06-23,,,,,,[]
powerball-1993-06-26,,,,,,[]
powerball-1993-06-30,,,,,,[]
powerball-1993-07-03,,,,,,[]
powerball-1993-07-07,,,,,,[]
powerball-1993-07-10,,,,,,[]
powerball-1993-07-14,,,,,,[]
powerball-1993-07-17,,,,,,[]
powerball-1993-07-21,,,,,,[]
powerball-1993-07-24,,,,,,[]
powerball-1993-07-28,,,,,,[]
powerball-1993-07-31,,,,,,[]
powerball-1993-08-04,,,,,,[]
powerball-1993-08-07,,,,,,[]
powerball-1993-08-11,,,,,,[]
powerball-1993-08-14,,,,,,[]
powerball-1993-08-18,,,,,,[]
powerball-1993-08-21,,,,,,[]
powerball-1993-08-25,,,,,,[]
powerball-1993-08-28,,,,,,[]
powerball-1993-09-01,,,,,,[]
powerball-1993-09-04,,,,,,[]
powerball-1993-09-08,,,,,,[]
powerball-1993-09-11,,,,,,[]
powerball-1993-09-15,,,,,,[]
powerball-1993-09-18,,,,,,[]
powerball-1993-09-22,,,,,,[]
powerball-1993-09-25,,,,,,[]
powerball-1993-09-29,,,,,,[]
powerball-1993-10-02,,,,,,[]
powerball-1993-10-06,,,,,,[]
powerball-1993-10-09,,,,,,[]
powerball-1993-10-13,,,,,,[]
powerball-1993-10-16,,,,,,[]
powerball-1993-10-20,,,,,,[]
powerball-1993-10-23,,,,,,[]
powerball-1993-10-27,,,,,,[]
powerball-1993-10-30,,,,,,[]
powerball-1993-11-03,,,,,,[]
powerball-1993-11-06,,,,,,[]
powerball-1993-11-10,,,,,,[]
powerball-1993-11-13,,,,,,[]
powerball-1993-11-17,,,,,,[]
powerball-1993-11-20,,,,,,[]
powerball-1993-11-24,,,,,,[]
powerball-1993-11-27,,,,,,[]
powerball-1993-12-01,,,,,,[]
powerball-1993-12-04,,,,,,[]
powerball-1993-12-08,,,,,,[]
powerball-1993-12-11,,,,,,[]
powerball-1993-12-15,,,,,,[]
powerball-1993-12-18,,,,,,[]
powerball-1993-12-22,,,,,,[]
powerball-1993-12-25,,,,,,[]
powerball-1993-12-29,,,,,,[]
powerball-1994-01-01,,,,,,[]
powerball-1994-01-05,,,,,,[]
powerball-1994-01-08,,,,,,[]
powerball-1994-01-12,,,,,,[]
powerball-1994-01-15,,,,,,[]
powerball-1994-01-19,,,,,,[]
powerball-1994-01-22,,,,,,[]
powerball-1994-01-26,,,,,,[]
powerball-1994-01-29,,,,,,[]
powerball-1994-02-02,,,,,,[]
powerball-1994-02-05,,,,,,[]
powerball-1994-02-09,,,,,,[]
powerball-1994-02-12,,,,,,[]
powerball-1994-02-16,,,,,,[]
powerball-1994-02-19,,,,,,[]
powerball-1994-02-23,,,,,,[]
powerball-1994-02-26,,,,,,[]
powerball-1994-03-02,,,,,,[]
powerball-1994-03-05,,,,,,[]
powerball-1994-03-09,,,,,,[]
powerball-1994-03-12,,,,,,[]
powerball-1994-03-16,,,,,,[]
powerball-1994-03-19,,,,,,[]
powerball-1994-03-23,,,,,,[]
powerball-1994-03-26,,,,,,[]
powerball-1994-03-30,,,,,,[]
powerball-1994-04-02,,,,,,[]
powerball-1994-04-06,,,,,,[]
powerball-1994-04-09,,,,,,[]
powerball-1994-04-13,,,,,,[]
powerball-1994-04-16,,,,,,[]
powerball-1994-04-20,,,,,,[]
powerball-1994-04-23,,,,,,[]
powerball-1994-04-27,,,,,,[]
powerball-1994-04-30,,,,,,[]
powerball-1994-05-04,,,,,,[]
powerball-1994-05-07,,,,,,[]
powerball-1994-05-11,,,,,,[]
powerball-1994-05-14,,,,,,[]
powerball-1994-05-18,,,,,,[]
powerball-1994-05-21,,,,,,[]
powerball-1994-05-25,,,,,,[]
powerball-1994-05-28,,,,,,[]
powerball-1994-06-01,,,,,,[]
powerball-1994-06-04,,,,,,[]
powerball-1994-06-08,,,,,,[]
powerball-1994-06-11,,,,,,[]
powerball-1994-06-15,,,,,,[]
powerball-1994-06-18,,,,,,[]
powerball-1994-06-22,,,,,,[]
powerball-1994-06-25,,,,,,[]
powerball-1994-06-29,,,,,,[]
powerball-1994-07-02,,,,,,[]
powerball-1994-07-06,,,,,,[]
powerball-1994-07-09,,,,,,[]
powerball-1994-07-13,,,,,,[]
powerball-1994-07-16,,,,,,[]
powerball-1994-07-20,,,,,,[]
powerball-1994-07-23,,,,,,[]
powerball-1994-07-27,,,,,,[]
powerball-1994-07-30,,,,,,[]
powerball-1994-08-03,,,,,,[]
powerball-1994-08-06,,,,,,[]
powerball-1994-08-10,,,,,,[]
powerball-1994-08-13,,,,,,[]
powerball-1994-08-17,,,,,,[]
powerball-1994-08-20,,,,,,[]
powerball-1994-08-24,,,,,,[]
powerball-1994-08-27,,,,,,[]
powerball-1994-08-31,,,,,,[]
powerball-1994-09-03,,,,,,[]
powerball-1994-09-07,,,,,,[]
powerball-1994-09-10,,,,,,[]
powerball-1994-09-14,,,,,,[]
powerball-1994-09-17,,,,,,[]
powerball-1994-09-21,,,,,,[]
powerball-1994-09-24,,,,,,[]
powerball-1994-09-28,,,,,,[]
powerball-1994-10-01,,,,,,[]
powerball-1994-10-05,,,,,,[]
powerball-1994-10-08,,,,,,[]
powerball-1994-10-12,,,,,,[]
powerball-1994-10-15,,,,,,[]
powerball-1994-10-19,,,,,,[]
powerball-1994-10-22,,,,,,[]
powerball-1994-10-26,,,,,,[]
powerball-1994-10-29,,,,,,[]
powerball-1994-11-02,,,,,,[]
powerball-1994-11-05,,,,,,[]
powerball-1994-11-09,,,,,,[]
powerball-1994-11-12,,,,,,[]
powerball-1994-11-16,,,,,,[]
powerball-1994-11-19,,,,,,[]
powerball-1994-11-23,,,,,,[]
powerball-1994-11-26,,,,,,[]
powerball-1994-11-30,,,,,,[]
powerball-1994-12-03,,,,,,[]
powerball-1994-12-07,,,,,,[]
powerball-1994-12-10,,,,,,[]
powerball-1994-12-14,,,,,,[]
powerball-1994-12-17,,,,,,[]
powerball-1994-12-21,,,,,,[]
powerball-1994-12-24,,,,,,[]
powerball-1994-12-28,,,,,,[]
powerball-1994-12-31,,,,,,[]
powerball-1995-01-04,,,,,,[]
powerball-1995-01-07,,,,,,[]
powerball-1995-01-11,,,,,,[]
powerball-1995-01-14,,,,,,[]
powerball-1995-01-18,,,,,,[]
powerball-1995-01-21,,,,,,[]
powerball-1995-01-25,,,,,,[]
powerball-1995-01-28,,,,,,[]
powerball-1995-02-01,,,,,,[]
powerball-1995-02-04,,,,,,[]
powerball-1995-02-08,,,,,,[]
powerball-1995-02-11,,,,,,[]
powerball-1995-02-15,,,,,,[]
powerball-1995-02-18,,,,,,[]
powerball-1995-02-22,,,,,,[]
powerball-1995-02-25,,,,,,[]
powerball-1995-03-01,,,,,,[]
powerball-1995-03-04,,,,,,[]
powerball-1995-03-08,,,,,,[]
powerball-1995-03-11,,,,,,[]
powerball-1995-03-15,,,,,,[]
powerball-1995-03-18,,,,,,[]
powerball-1995-03-22,,,,,,[]
powerball-1995-03-25,,,,,,[]
powerball-1995-03-29,,,,,,[]
powerball-1995-04-01,,,,,,[]
powerball-1995-04-05,,,,,,[]
powerball-1995-04-08,,,,,,[]
powerball-1995-04-12,,,,,,[]
powerball-1995-04-15,,,,,,[]
powerball-1995-04-19,,,,,,[]
powerball-1995-04-22,,,,,,[]
powerball-1995-04-26,,,,,,[]
powerball-1995-04-29,,,,,,[]
powerball-1995-05-03,,,,,,[]
powerball-1995-05-06,,,,,,[]
powerball-1995-05-10,,,,,,[]
powerball-1995-05-13,,,,,,[]
powerball-1995-05-17,,,,,,[]
powerball-1995-05-20,,,,,,[]
powerball-1995-05-24,,,,,,[]
powerball-1995-05-27,,,,,,[]
powerball-1995-05-31,,,,,,[]
powerball-1995-06-03,,,,,,[]
powerball-1995-06-07,,,,,,[]
powerball-1995-06-10,,,,,,[]
powerball-1995-06-14,,,,,,[]
powerball-1995-06-17,,,,,,[]
powerball-1995-06-21,,,,,,[]
powerball-1995-06-24,,,,,,[]
powerball-1995-06-28,,,,,,[]
powerball-1995-07-01,,,,,,[]
powerball-1995-07-05,,,,,,[]
powerball-1995-07-08,,,,,,[]
powerball-1995-07-12,,,,,,[]
powerball-1995-07-15,,,,,,[]
powerball-1995-07-19,,,,,,[]
powerball-1995-07-22,,,,,,[]
powerball-1995-07-26,,,,,,[]
powerball-1995-07-29,,,,,,[]
powerball-1995-08-02,,,,,,[]
powerball-1995-08-05,,,,,,[]
powerball-1995-08-09,,,,,,[]
powerball-1995-08-12,,,,,,[]
powerball-1995-08-16,,,,,,[]
powerball-1995-08-19,,,,,,[]
powerball-1995-08-23,,,,,,[]
powerball-1995-08-26,,,,,,[]
powerball-1995-08-30,,,,,,[]
powerball-1995-09-02,,,,,,[]
powerball-1995-09-06,,,,,,[]
powerball-1995-09-09,,,,,,[]
powerball-1995-09-13,,,,,,[]
powerball-1995-09-16,,,,,,[]
powerball-1995-09-20,,,,,,[]
powerball-1995-09-23,,,,,,[]
powerball-1995-09-27,,,,,,[]
powerball-1995-09-30,,,,,,[]
powerball-1995-10-04,,,,,,[]
powerball-1995-10-07,,,,,,[]
powerball-1995-10-11,,,,,,[]
powerball-1995-10-14,,,,,,[]
powerball-1995-10-18,,,,,,[]
powerball-1995-10-21,,,,,,[]
powerball-1995-10-25,,,,,,[]
powerball-1995-10-28,,,,,,[]
powerball-1995-11-01,,,,,,[]
powerball-1995-11-04,,,,,,[]
powerball-1995-11-08,,,,,,[]
powerball-1995-11-11,,,,,,[]
powerball-1995-11-15,,,,,,[]
powerball-1995-11-18,,,,,,[]
powerball-1995-11-22,,,,,,[]
powerball-1995-11-25,,,,,,[]
powerball-1995-11-29,,,,,,[]
powerball-1995-12-02,,,,,,[]
powerball-1995-12-06,,,,,,[]
powerball-1995-12-09,,,,,,[]
powerball-1995-12-13,,,,,,[]
powerball-1995-12-16,,,,,,[]
powerball-1995-12-20,,,,,,[]
powerball-1995-12-23,,,,,,[]
powerball-1995-12-27,,,,,,[]
powerball-1995-12-30,,,,,,[]
powerball-1996-01-03,,,,,,[]
powerball-1996-01-06,,,,,,[]
powerball-1996-01-10,,,,,,[]
powerball-1996-01-13,,,,,,[]
powerball-1996-01-17,,,,,,[]
powerball-1996-01-20,,,,,,[]
powerball-1996-01-24,,,,,,[]
powerball-1996-01-27,,,,,,[]
powerball-1996-01-31,,,,,,[]
powerball-1996-02-03,,,,,,[]
powerball-1996-02-07,,,,,,[]
powerball-1996-02-10,,,,,,[]
powerball-1996-02-14,,,,,,[]
powerball-1996-02-17,,,,,,[]
powerball-1996-02-21,,,,,,[]
powerball-1996-02-24,,,,,,[]
powerball-1996-02-28,,,,,,[]
powerball-1996-03-02,,,,,,[]
powerball-1996-03-06,,,,,,[]
powerball-1996-03-09,,,,,,[]
powerball-1996-03-13,,,,,,[]
powerball-1996-03-16,,,,,,[]
powerball-1996-03-20,,,,,,[]
powerball-1996-03-23,,,,,,[]
powerball-1996-03-27,,,,,,[]
powerball-1996-03-30,,,,,,[]
powerball-1996-04-03,,,,,,[]
powerball-1996-04-06,,,,,,[]
powerball-1996-04-10,,,,,,[]
powerball-1996-04-13,,,,,,[]
powerball-1996-04-17,,,,,,[]
powerball-1996-04-20,,,,,,[]
powerball-1996-04-24,,,,,,[]
powerball-1996-04-27,,,,,,[]
powerball-1996-05-01,,,,,,[]
powerball-1996-05-04,,,,,,[]
powerball-1996-05-08,,,,,,[]
powerball-1996-05-11,,,,,,[]
powerball-1996-05-15,,,,,,[]
powerball-1996-05-18,,,,,,[]
powerball-1996-05-22,,,,,,[]
powerball-1996-05-25,,,,,,[]
powerball-1996-05-29,,,,,,[]
powerball-1996-06-01,,,,,,[]
powerball-1996-06-05,,,,,,[]
powerball-1996-06-08,,,,,,[]
powerball-1996-06-12,,,,,,[]
powerball-1996-06-15,,,,,,[]
powerball-1996-06-19,,,,,,[]
powerball-1996-06-22,,,,,,[]
powerball-1996-06-26,,,,,,[]
powerball-1996-06-29,,,,,,[]
powerball-1996-07-03,,,,,,[]
powerball-1996-07-06,,,,,,[]
powerball-1996-07-10,,,,,,[]
powerball-1996-07-13,,,,,,[]
powerball-1996-07-17,,,,,,[]
powerball-1996-07-20,,,,,,[]
powerball-1996-07-24,,,,,,[]
powerball-1996-07-27,,,,,,[]
powerball-1996-07-31,,,,,,[]
powerball-1996-08-03,,,,,,[]
powerball-1996-08-07,,,,,,[]
powerball-1996-08-10,,,,,,[]
powerball-1996-08-14,,,,,,[]
powerball-1996-08-17,,,,,,[]
powerball-1996-08-21,,,,,,[]
powerball-1996-08-24,,,,,,[]
powerball-1996-08-28,,,,,,[]
powerball-1996-08-31,,,,,,[]
powerball-1996-09-04,,,,,,[]
powerball-1996-09-07,,,,,,[]
powerball-1996-09-11,,,,,,[]
powerball-1996-09-14,,,,,,[]
powerball-1996-09-18,,,,,,[]
powerball-1996-09-21,,,,,,[]
powerball-1996-09-25,,,,,,[]
powerball-1996-09-28,,,,,,[]
powerball-1996-10-02,,,,,,[]
powerball-1996-10-05,,,,,,[]
powerball-1996-10-09,,,,,,[]
powerball-1996-10-12,,,,,,[]
powerball-1996-10-16,,,,,,[]
powerball-1996-10-19,,,,,,[]
powerball-1996-10-23,,,,,,[]
powerball-1996-10-26,,,,,,[]
powerball-1996-10-30,,,,,,[]
powerball-1996-11-02,,,,,,[]
powerball-1996-11-06,,,,,,[]
powerball-1996-11-09,,,,,,[]
powerball-1996-11-13,,,,,,[]
powerball-1996-11-16,,,,,,[]
powerball-1996-11-20,,,,,,[]
powerball-1996-11-23,,,,,,[]
powerball-1996-11-27,,,,,,[]
powerball-1996-11-30,,,,,,[]
powerball-1996-12-04,,,,,,[]
powerball-1996-12-07,,,,,,[]
powerball-1996-12-11,,,,,,[]
powerball-1996-12-14,,,,,,[]
powerball-1996-12-18,,,,,,[]
powerball-1996-12-21,,,,,,[]
powerball-1996-12-25,,,,,,[]
powerball-1996-12-28,,,,,,[]
powerball-1997-01-01,,,,,,[]
powerball-1997-01-04,,,,,,[]
powerball-1997-01-08,,,,,,[]
powerball-1997-01-11,,,,,,[]
powerball-1997-01-15,,,,,,[]
powerball-1997-01-18,,,,,,[]
powerball-1997-01-22,,,,,,[]
powerball-1997-01-25,,,,,,[]
powerball-1997-01-29,,,,,,[]
powerball-1997-02-01,,,,,,[]
powerball-1997-02-05,,,,,,[]
powerball-1997-02-08,,,,,,[]
powerball-1997-02-12,,,,,,[]
powerball-1997-02-15,,,,,,[]
powerball-1997-02-19,,,,,,[]
powerball-1997-02-22,,,,,,[]
powerball-1997-02-26,,,,,,[]
powerball-1997-03-01,,,,,,[]
powerball-1997-03-05,,,,,,[]
powerball-1997-03-08,,,,,,[]
powerball-1997-03-12,,,,,,[]
powerball-1997-03-15,,,,,,[]
powerball-1997-03-19,,,,,,[]
powerball-1997-03-22,,,,,,[]
powerball-1997-03-26,,,,,,[]
powerball-1997-03-29,,,,,,[]
powerball-1997-04-02,,,,,,[]
powerball-1997-04-05,,,,,,[]
powerball-1997-04-09,,,,,,[]
powerball-1997-04-12,,,,,,[]
powerball-1997-04-16,,,,,,[]
powerball-1997-04-19,,,,,,[]
powerball-1997-04-23,,,,,,[]
powerball-1997-04-26,,,,,,[]
powerball-1997-04-30,,,,,,[]
powerball-1997-05-03,,,,,,[]
powerball-1997-05-07,,,,,,[]
powerball-1997-05-10,,,,,,[]
powerball-1997-05-14,,,,,,[]
powerball-1997-05-17,,,,,,[]
powerball-1997-05-21,,,,,,[]
powerball-1997-05-24,,,,,,[]
powerball-1997-05-28,,,,,,[]
powerball-1997-05-31,,,,,,[]
powerball-1997-06-04,,,,,,[]
powerball-1997-06-07,,,,,,[]
powerball-1997-06-11,,,,,,[]
powerball-1997-06-14,,,,,,[]
powerball-1997-06-18,,,,,,[]
powerball-1997-06-21,,,,,,[]
powerball-1997-06-25,,,,,,[]
powerball-1997-06-28,,,,,,[]
powerball-1997-07-02,,,,,,[]
powerball-1997-07-05,,,,,,[]
powerball-1997-07-09,,,,,,[]
powerball-1997-07-12,,,,,,[]
powerball-1997-07-16,,,,,,[]
powerball-1997-07-19,,,,,,[]
powerball-1997-07-23,,,,,,[]
powerball-1997-07-26,,,,,,[]
powerball-1997-07-30,,,,,,[]
powerball-1997-08-02,,,,,,[]
powerball-1997-08-06,,,,,,[]
powerball-1997-08-09,,,,,,[]
powerball-1997-08-13,,,,,,[]
powerball-1997-08-16,,,,,,[]
powerball-1997-08-20,,,,,,[]
powerball-1997-08-23,,,,,,[]
powerball-1997-08-27,,,,,,[]
powerball-1997-08-30,,,,,,[]
powerball-1997-09-03,,,,,,[]
powerball-1997-09-06,,,,,,[]
powerball-1997-09-10,,,,,,[]
powerball-1997-09-13,,,,,,[]
powerball-1997-09-17,,,,,,[]
powerball-1997-09-20,,,,,,[]
powerball-1997-09-24,,,,,,[]
powerball-1997-09-27,,,,,,[]
powerball-1997-10-01,,,,,,[]
powerball-1997-10-04,,,,,,[]
powerball-1997-10-08,,,,,,[]
powerball-1997-10-11,,,,,,[]
powerball-1997-10-15,,,,,,[]
powerball-1997-10-18,,,,,,[]
powerball-1997-10-22,,,,,,[]
powerball-1997-10-25,,,,,,[]
powerball-1997-10-29,,,,,,[]
powerball-1997-11-01,,,,,,[]
powerball-1997-11-05,,,,,,[]
powerball-1997-11-08,,,,,,[]
powerball-1997-11-12,,,,,,[]
powerball-1997-11-15,,,,,,[]
powerball-1997-11-19,,,,,,[]
powerball-1997-11-22,,,,,,[]
powerball-1997-11-26,,,,,,[]
powerball-1997-11-29,,,,,,[]
powerball-1997-12-03,,,,,,[]
powerball-1997-12-06,,,,,,[]
powerball-1997-12-10,,,,,,[]
powerball-1997-12-13,,,,,,[]
powerball-1997-12-17,,,,,,[]
powerball-1997-12-20,,,,,,[]
powerball-1997-12-24,,,,,,[]
powerball-1997-12-27,,,,,,[]
powerball-1997-12-31,,,,,,[]
powerball-1998-01-03,,,,,,[]
powerball-1998-01-07,,,,,,[]
powerball-1998-01-10,,,,,,[]
powerball-1998-01-14,,,,,,[]
powerball-1998-01-17,,,,,,[]
powerball-1998-01-21,,,,,,[]
powerball-1998-01-24,,,,,,[]
powerball-1998-01-28,,,,,,[]
powerball-1998-01-31,,,,,,[]
powerball-1998-02-04,,,,,,[]
powerball-1998-02-07,,,,,,[]
powerball-1998-02-11,,,,,,[]
powerball-1998-02-14,,,,,,[]
powerball-1998-02-18,,,,,,[]
powerball-1998-02-21,,,,,,[]
powerball-1998-02-25,,,,,,[]
powerball-1998-02-28,,,,,,[]
powerball-1998-03-04,,,,,,[]
powerball-1998-03-07,,,,,,[]
powerball-1998-03-11,,,,,,[]
powerball-1998-03-14,,,,,,[]
powerball-1998-03-18,,,,,,[]
powerball-1998-03-21,,,,,,[]
powerball-1998-03-25,,,,,,[]
powerball-1998-03-28,,,,,,[]
powerball-1998-04-01,,,,,,[]
powerball-1998-04-04,,,,,,[]
powerball-1998-04-08,,,,,,[]
powerball-1998-04-11,,,,,,[]
powerball-1998-04-15,,,,,,[]
powerball-1998-04-18,,,,,,[]
powerball-1998-04-22,,,,,,[]
powerball-1998-04-25,,,,,,[]
powerball-1998-04-29,,,,,,[]
powerball-1998-05-02,,,,,,[]
powerball-1998-05-06,,,,,,[]
powerball-1998-05-09,,,,,,[]
powerball-1998-05-13,,,,,,[]
powerball-1998-05-16,,,,,,[]
powerball-1998-05-20,,,,,,[]
powerball-1998-05-23,,,,,,[]
powerball-1998-05-27,,,,,,[]
powerball-1998-05-30,,,,,,[]
powerball-1998-06-03,,,,,,[]
powerball-1998-06-06,,,,,,[]
powerball-1998-06-10,,,,,,[]
powerball-1998-06-13,,,,,,[]
powerball-1998-06-17,,,,,,[]
powerball-1998-06-20,,,,,,[]
powerball-1998-06-24,,,,,,[]
powerball-1998-06-27,,,,,,[]
powerball-1998-07-01,,,,,,[]
powerball-1998-07-04,,,,,,[]
powerball-1998-07-08,,,,,,[]
powerball-1998-07-11,,,,,,[]
powerball-1998-07-15,,,,,,[]
powerball-1998-07-18,,,,,,[]
powerball-1998-07-22,,,,,,[]
powerball-1998-07-25,,,,,,[]
powerball-1998-07-29,,,,,,[]
powerball-1998-08-01,,,,,,[]
powerball-1998-08-05,,,,,,[]
powerball-1998-08-08,,,,,,[]
powerball-1998-08-12,,,,,,[]
powerball-1998-08-15,,,,,,[]
powerball-1998-08-19,,,,,,[]
powerball-1998-08-22,,,,,,[]
powerball-1998-08-26,,,,,,[]
powerball-1998-08-29,,,,,,[]
powerball-1998-09-02,,,,,,[]
powerball-1998-09-05,,,,,,[]
powerball-1998-09-09,,,,,,[]
powerball-1998-09-12,,,,,,[]
powerball-1998-09-16,,,,,,[]
powerball-1998-09-19,,,,,,[]
powerball-1998-09-23,,,,,,[]
powerball-1998-09-26,,,,,,[]
powerball-1998-09-30,,,,,,[]
powerball-1998-10-03,,,,,,[]
powerball-1998-10-07,,,,,,[]
powerball-1998-10-10,,,,,,[]
powerball-1998-10-14,,,,,,[]
powerball-1998-10-17,,,,,,[]
powerball-1998-10-21,,,,,,[]
powerball-1998-10-24,,,,,,[]
powerball-1998-10-28,,,,,,[]
powerball-1998-10-31,,,,,,[]
powerball-1998-11-04,,,,,,[]
powerball-1998-11-07,,,,,,[]
powerball-1998-11-11,,,,,,[]
powerball-1998-11-14,,,,,,[]
powerball-1998-11-18,,,,,,[]
powerball-1998-11-21,,,,,,[]
powerball-1998-11-25,,,,,,[]
powerball-1998-11-28,,,,,,[]
powerball-1998-12-02,,,,,,[]
powerball-1998-12-05,,,,,,[]
powerball-1998-12-09,,,,,,[]
powerball-1998-12-12,,,,,,[]
powerball-1998-12-16,,,,,,[]
powerball-1998-12-19,,,,,,[]
powerball-1998-12-23,,,,,,[]
powerball-1998-12-26,,,,,,[]
powerball-1998-12-30,,,,,,[]
powerball-1999-01-02,,,,,,[]
powerball-1999-01-06,,,,,,[]
powerball-1999-01-09,,,,,,[]
powerball-1999-01-13,,,,,,[]
powerball-1999-01-16,,,,,,[]
powerball-1999-01-20,,,,,,[]
powerball-1999-01-23,,,,,,[]
powerball-1999-01-27,,,,,,[]
powerball-1999-01-30,,,,,,[]
powerball-1999-02-03,,,,,,[]
powerball-1999-02-06,,,,,,[]
powerball-1999-02-10,,,,,,[]
powerball-1999-02-13,,,,,,[]
powerball-1999-02-17,,,,,,[]
powerball-1999-02-20,,,,,,[]
powerball-1999-02-24,,,,,,[]
powerball-1999-02-27,,,,,,[]
powerball-1999-03-03,,,,,,[]
powerball-1999-03-06,,,,,,[]
powerball-1999-03-10,,,,,,[]
powerball-1999-03-13,,,,,,[]
powerball-1999-03-17,,,,,,[]
powerball-1999-03-20,,,,,,[]
powerball-1999-03-24,,,,,,[]
powerball-1999-03-27,,,,,,[]
powerball-1999-03-31,,,,,,[]
powerball-1999-04-03,,,,,,[]
powerball-1999-04-07,,,,,,[]
powerball-1999-04-10,,,,,,[]
powerball-1999-04-14,,,,,,[]
powerball-1999-04-17,,,,,,[]
powerball-1999-04-21,,,,,,[]
powerball-1999-04-24,,,,,,[]
powerball-1999-04-28,,,,,,[]
powerball-1999-05-01,,,,,,[]
powerball-1999-05-05,,,,,,[]
powerball-1999-05-08,,,,,,[]
powerball-1999-05-12,,,,,,[]
powerball-1999-05-15,,,,,,[]
powerball-1999-05-19,,,,,,[]
powerball-1999-05-22,,,,,,[]
powerball-1999-05-26,,,,,,[]
powerball-1999-05-29,,,,,,[]
powerball-1999-06-02,,,,,,[]
powerball-1999-06-05,,,,,,[]
powerball-1999-06-09,,,,,,[]
powerball-1999-06-12,,,,,,[]
powerball-1999-06-16,,,,,,[]
powerball-1999-06-19,,,,,,[]
powerball-1999-06-23,,,,,,[]
powerball-1999-06-26,,,,,,[]
powerball-1999-06-30,,,,,,[]
powerball-1999-07-03,,,,,,[]
powerball-1999-07-07,,,,,,[]
powerball-1999-07-10,,,,,,[]
powerball-1999-07-14,,,,,,[]
powerball-1999-07-17,,,,,,[]
powerball-1999-07-21,,,,,,[]
powerball-1999-07-24,,,,,,[]
powerball-1999-07-28,,,,,,[]
powerball-1999-07-31,,,,,,[]
powerball-1999-08-04,,,,,,[]
powerball-1999-08-07,,,,,,[]
powerball-1999-08-11,,,,,,[]
powerball-1999-08-14,,,,,,[]
powerball-1999-08-18,,,,,,[]
powerball-1999-08-21,,,,,,[]
powerball-1999-08-25,,,,,,[]
powerball-1999-08-28,,,,,,[]
powerball-1999-09-01,,,,,,[]
powerball-1999-09-04,,,,,,[]
powerball-1999-09-08,,,,,,[]
powerball-1999-09-11,,,,,,[]
powerball-1999-09-15,,,,,,[]
powerball-1999-09-18,,,,,,[]
powerball-1999-09-22,,,,,,[]
powerball-1999-09-25,,,,,,[]
powerball-1999-09-29,,,,,,[]
powerball-1999-10-02,,,,,,[]
powerball-1999-10-06,,,,,,[]
powerball-1999-10-09,,,,,,[]
powerball-1999-10-13,,,,,,[]
powerball-1999-10-16,,,,,,[]
powerball-1999-10-20,,,,,,[]
powerball-1999-10-23,,,,,,[]
powerball-1999-10-27,,,,,,[]
powerball-1999-10-30,,,,,,[]
powerball-1999-11-03,,,,,,[]
powerball-1999-11-06,,,,,,[]
powerball-1999-11-10,,,,,,[]
powerball-1999-11-13,,,,,,[]
powerball-1999-11-17,,,,,,[]
powerball-1999-11-20,,,,,,[]
powerball-1999-11-24,,,,,,[]
powerball-1999-11-27,,,,,,[]
powerball-1999-12-01,,,,,,[]
powerball-1999-12-04,,,,,,[]
powerball-1999-12-08,,,,,,[]
powerball-1999-12-11,,,,,,[]
powerball-1999-12-15,,,,,,[]
powerball-1999-12-18,,,,,,[]
powerball-1999-12-22,,,,,,[]
powerball-1999-12-25,,,,,,[]
powerball-1999-12-29,,,,,,[]
powerball-2000-01-01,,,,,,[]
powerball-2000-01-05,,,,,,[]
powerball-2000-01-08,,,,,,[]
powerball-2000-01-12,,,,,,[]
powerball-2000-01-15,,,,,,[]
powerball-2000-01-19,,,,,,[]
powerball-2000-01-22,,,,,,[]
powerball-2000-01-26,,,,,,[]
powerball-2000-01-29,,,,,,[]
powerball-2000-02-02,,,,,,[]
powerball-2000-02-05,,,,,,[]
powerball-2000-02-09,,,,,,[]
powerball-2000-02-12,,,,,,[]
powerball-2000-02-16,,,,,,[]
powerball-2000-02-19,,,,,,[]
powerball-2000-02-23,,,,,,[]
powerball-2000-02-26,,,,,,[]
powerball-2000-03-01,,,,,,[]
powerball-2000-03-04,,,,,,[]
powerball-2000-03-08,,,,,,[]
powerball-2000-03-11,,,,,,[]
powerball-2000-03-15,,,,,,[]
powerball-2000-03-18,,,,,,[]
powerball-2000-03-22,,,,,,[]
powerball-2000-03-25,,,,,,[]
powerball-2000-03-29,,,,,,[]
powerball-2000-04-01,,,,,,[]
powerball-2000-04-05,,,,,,[]
powerball-2000-04-08,,,,,,[]
powerball-2000-04-12,,,,,,[]
powerball-2000-04-15,,,,,,[]
powerball-2000-04-19,,,,,,[]
powerball-2000-04-22,,,,,,[]
powerball-2000-04-26,,,,,,[]
powerball-2000-04-29,,,,,,[]
powerball-2000-05-03,,,,,,[]
powerball-2000-05-06,,,,,,[]
powerball-2000-05-10,,,,,,[]
powerball-2000-05-13,,,,,,[]
powerball-2000-05-17,,,,,,[]
powerball-2000-05-20,,,,,,[]
powerball-2000-05-24,,,,,,[]
powerball-2000-05-27,,,,,,[]
powerball-2000-05-31,,,,,,[]
powerball-2000-06-03,,,,,,[]
powerball-2000-06-07,,,,,,[]
powerball-2000-06-10,,,,,,[]
powerball-2000-06-14,,,,,,[]
powerball-2000-06-17,,,,,,[]
powerball-2000-06-21,,,,,,[]
powerball-2000-06-24,,,,,,[]
powerball-2000-06-28,,,,,,[]
powerball-2000-07-01,,,,,,[]
powerball-2000-07-05,,,,,,[]
powerball-2000-07-08,,,,,,[]
powerball-2000-07-12,,,,,,[]
powerball-2000-07-15,,,,,,[]
powerball-2000-07-19,,,,,,[]
powerball-2000-07-22,,,,,,[]
powerball-2000-07-26,,,,,,[]
powerball-2000-07-29,,,,,,[]
powerball-2000-08-02,,,,,,[]
powerball-2000-08-05,,,,,,[]
powerball-2000-08-09,,,,,,[]
powerball-2000-08-12,,,,,,[]
powerball-2000-08-16,,,,,,[]
powerball-2000-08-19,,,,,,[]
powerball-2000-08-23,,,,,,[]
powerball-2000-08-26,,,,,,[]
powerball-2000-08-30,,,,,,[]
powerball-2000-09-02,,,,,,[]
powerball-2000-09-06,,,,,,[]
powerball-2000-09-09,,,,,,[]
powerball-2000-09-13,,,,,,[]
powerball-2000-09-16,,,,,,[]
powerball-2000-09-20,,,,,,[]
powerball-2000-09-23,,,,,,[]
powerball-2000-09-27,,,,,,[]
powerball-2000-09-30,,,,,,[]
powerball-2000-10-04,,,,,,[]
powerball-2000-10-07,,,,,,[]
powerball-2000-10-11,,,,,,[]
powerball-2000-10-14,,,,,,[]
powerball-2000-10-18,,,,,,[]
powerball-2000-10-21,,,,,,[]
powerball-2000-10-25,,,,,,[]
powerball-2000-10-28,,,,,,[]
powerball-2000-11-01,,,,,,[]
powerball-2000-11-04,,,,,,[]
powerball-2000-11-08,,,,,,[]
powerball-2000-11-11,,,,,,[]
powerball-2000-11-15,,,,,,[]
powerball-2000-11-18,,,,,,[]
powerball-2000-11-22,,,,,,[]
powerball-2000-11-25,,,,,,[]
powerball-2000-11-29,,,,,,[]
powerball-2000-12-02,,,,,,[]
powerball-2000-12-06,,,,,,[]
powerball-2000-12-09,,,,,,[]
powerball-2000-12-13,,,,,,[]
powerball-2000-12-16,,,,,,[]
powerball-2000-12-20,,,,,,[]
powerball-2000-12-23,,,,,,[]
powerball-2000-12-27,,,,,,[]
powerball-2000-12-30,,,,,,[]
powerball-2001-01-03,,,,,,[]
powerball-2001-01-06,,,,,,[]
powerball-2001-01-10,,,,,,[]
powerball-2001-01-13,,,,,,[]
powerball-2001-01-17,,,,,,[]
powerball-2001-01-20,,,,,,[]
powerball-2001-01-24,,,,,,[]
powerball-2001-01-27,,,,,,[]
powerball-2001-01-31,,,,,,[]
powerball-2001-02-03,,,,,,[]
powerball-2001-02-07,,,,,,[]
powerball-2001-02-10,,,,,,[]
powerball-2001-02-14,,,,,,[]
powerball-2001-02-17,,,,,,[]
powerball-2001-02-21,,,,,,[]
powerball-2001-02-24,,,,,,[]
powerball-2001-02-28,,,,,,[]
powerball-2001-03-03,,,,,,[]
powerball-2001-03-07,,,,5x,,[]
powerball-2001-03-10,,,,3x,,[]
powerball-2001-03-14,,,,2x,,[]
powerball-2001-03-17,,,,5x,,[]
powerball-2001-03-21,,,,1x,,[]
powerball-2001-03-24,,,,5x,,[]
powerball-2001-03-28,,,,5x,,[]
powerball-2001-03-31,,,,2x,,[]
powerball-2001-04-04,,,,3x,,[]
powerball-2001-04-07,,,,4x,,[]
powerball-2001-04-11,,,,3x,,[]
powerball-2001-04-14,,,,2x,,[]
powerball-2001-04-18,,,,3x,,[]
powerball-2001-04-21,,,,2x,,[]
powerball-2001-04-25,,,,1x,,[]
powerball-2001-04-28,,,,5x,,[]
powerball-2001-05-02,,,,2x,,[]
powerball-2001-05-05,,,,2x,,[]
powerball-2001-05-09,,,,2x,,[]
powerball-2001-05-12,,,,5x,,[]
powerball-2001-05-16,,,,5x,,[]
powerball-2001-05-19,,,,2x,,[]
powerball-2001-05-23,,,,2x,,[]
powerball-2001-05-26,,,,4x,,[]
powerball-2001-05-30,,,,1x,,[]
powerball-2001-06-02,,,,5x,,[]
powerball-2001-06-06,,,,1x,,[]
powerball-2001-06-09,,,,3x,,[]
powerball-2001-06-13,,,,2x,,[]
powerball-2001-06-16,,,,1x,,[]
powerball-2001-06-20,,,,1x,,[]
powerball-2001-06-23,,,,2x,,[]
powerball-2001-06-27,,,,3x,,[]
powerball-2001-06-30,,,,2x,,[]
powerball-2001-07-04,,,,3x,,[]
powerball-2001-07-07,,,,1x,,[]
powerball-2001-07-11,,,,5x,,[]
powerball-2001-07-14,,,,4x,,[]
powerball-2001-07-18,,,,2x,,[]
powerball-2001-07-21,,,,5x,,[]
powerball-2001-07-25,,,,2x,,[]
powerball-2001-07-28,,,,1x,,[]
powerball-2001-08-01,,,,4x,,[]
powerball-2001-08-04,,,,3x,,[]
powerball-2001-08-08,,,,2x,,[]
powerball-2001-08-11,,,,4x,,[]
powerball-2001-08-15,,,,5x,,[]
powerball-2001-08-18,,,,1x,,[]
powerball-2001-08-22,,,,3x,,[]
powerball-2001-08-25,,,,2x,,[]
powerball-2001-08-29,,,,3x,,[]
powerball-2001-09-01,,,,1x,,[]
powerball-2001-09-05,,,,5x,,[]
powerball-2001-09-08,,,,3x,,[]
powerball-2001-09-12,,,,3x,,[]
powerball-2001-09-15,,,,3x,,[]
powerball-2001-09-19,,,,5x,,[]
powerball-2001-09-22,,,,1x,,[]
powerball-2001-09-26,,,,4x,,[]
powerball-2001-09-29,,,,4x,,[]
powerball-2001-10-03,,,,5x,,[]
powerball-2001-10-06,,,,1x,,[]
powerball-2001-10-10,,,,5x,,[]
powerball-2001-10-13,,,,2x,,[]
powerball-2001-10-17,,,,1x,,[]
powerball-2001-10-20,,,,2x,,[]
powerball-2001-10-24,,,,5x,,[]
powerball-2001-10-27,,,,5x,,[]
powerball-2001-10-31,,,,5x,,[]
powerball-2001-11-03,,,,3x,,[]
powerball-2001-11-07,,,,1x,,[]
powerball-2001-11-10,,,,4x,,[]
powerball-2001-11-14,,,,1x,,[]
powerball-2001-11-17,,,,4x,,[]
powerball-2001-11-21,,,,1x,,[]
powerball-2001-11-24,,,,5x,,[]
powerball-2001-11-28,,,,2x,,[]
powerball-2001-12-01,,,,2x,,[]
powerball-2001-12-05,,,,3x,,[]
powerball-2001-12-08,,,,2x,,[]
powerball-2001-12-12,,,,4x,,[]
powerball-2001-12-15,,,,4x,,[]
powerball-2001-12-19,,,,4x,,[]
powerball-2001-12-22,,,,3x,,[]
powerball-2001-12-26,,,,3x,,[]
powerball-2001-12-29,,,,2x,,[]
powerball-2002-01-02,,,,3x,,[]
powerball-2002-01-05,,,,5x,,[]
powerball-2002-01-09,,,,5x,,[]
powerball-2002-01-12,,,,3x,,[]
powerball-2002-01-16,,,,2x,,[]
powerball-2002-01-19,,,,2x,,[]
powerball-2002-01-23,,,,5x,,[]
powerball-2002-01-26,,,,4x,,[]
powerball-2002-01-30,,,,2x,,[]
powerball-2002-02-02,,,,1x,,[]
powerball-2002-02-06,,,,3x,,[]
powerball-2002-02-09,,,,1x,,[]
powerball-2002-02-13,,,,4x,,[]
powerball-2002-02-16,,,,5x,,[]
powerball-2002-02-20,,,,5x,,[]
powerball-2002-02-23,,,,1x,,[]
powerball-2002-02-27,,,,4x,,[]
powerball-2002-03-02,,,,4x,,[]
powerball-2002-03-06,,,,5x,,[]
powerball-2002-03-09,,,,3x,,[]
powerball-2002-03-13,,,,2x,,[]
powerball-2002-03-16,,,,5x,,[]
powerball-2002-03-20,,,,5x,,[]
powerball-2002-03-23,,,,1x,,[]
powerball-2002-03-27,,,,3x,,[]
powerball-2002-03-30,,,,1x,,[]
powerball-2002-04-03,,,,1x,,[]
powerball-2002-04-06,,,,5x,,[]
powerball-2002-04-10,,,,3x,,[]
powerball-2002-04-13,,,,4x,,[]
powerball-2002-04-17,,,,2x,,[]
powerball-2002-04-20,,,,4x,,[]
powerball-2002-04-24,,,,2x,,[]
powerball-2002-04-27,,,,1x,,[]
powerball-2002-05-01,,,,5x,,[]
powerball-2002-05-04,,,,5x,,[]
powerball-2002-05-08,,,,3x,,[]
powerball-2002-05-11,,,,1x,,[]
powerball-2002-05-15,,,,5x,,[]
powerball-2002-05-18,,,,2x,,[]
powerball-2002-05-22,,,,1x,,[]
powerball-2002-05-25,,,,4x,,[]
powerball-2002-05-29,,,,1x,,[]
powerball-2002-06-01,,,,3x,,[]
powerball-2002-06-05,,,,2x,,[]
powerball-2002-06-08,,,,3x,,[]
powerball-2002-06-12,,,,1x,,[]
powerball-2002-06-15,,,,3x,,[]
powerball-2002-06-19,,,,3x,,[]
powerball-2002-06-22,,,,2x,,[]
powerball-2002-06-26,,,,4x,,[]
powerball-2002-06-29,,,,5x,,[]
powerball-2002-07-03,,,,5x,,[]
powerball-2002-07-06,,,,3x,,[]
powerball-2002-07-10,,,,5x,,[]
powerball-2002-07-13,,,,3x,,[]
powerball-2002-07-17,,,,5x,,[]
powerball-2002-07-20,,,,1x,,[]
powerball-2002-07-24,,,,4x,,[]
powerball-2002-07-27,,,,1x,,[]
powerball-2002-07-31,,,,4x,,[]
powerball-2002-08-03,,,,5x,,[]
powerball-2002-08-07,,,,4x,,[]
powerball-2002-08-10,,,,5x,,[]
powerball-2002-08-14,,,,2x,,[]
powerball-2002-08-17,,,,3x,,[]
powerball-2002-08-21,,,,1x,,[]
powerball-2002-08-24,,,,5x,,[]
powerball-2002-08-28,,,,2x,,[]
powerball-2002-08-31,,,,5x,,[]
powerball-2002-09-04,,,,5x,,[]
powerball-2002-09-07,,,,5x,,[]
powerball-2002-09-11,,,,3x,,[]
powerball-2002-09-14,,,,4x,,[]
powerball-2002-09-18,,,,5x,,[]
powerball-2002-09-21,,,,5x,,[]
powerball-2002-09-25,,,,2x,,[]
powerball-2002-09-28,,,,3x,,[]
powerball-2002-10-02,,,,2x,,[]
powerball-2002-10-05,,,,2x,,[]
powerball-2002-10-09,,,,4x,,[]
powerball-2002-10-12,,,,5x,,[]
powerball-2002-10-16,,,,5x,,[]
powerball-2002-10-19,,,,4x,,[]
powerball-2002-10-23,,,,5x,,[]
powerball-2002-10-26,,,,3x,,[]
powerball-2002-10-30,,,,5x,,[]
powerball-2002-11-02,,,,4x,,[]
powerball-2002-11-06,,,,5x,,[]
powerball-2002-11-09,,,,5x,,[]
powerball-2002-11-13,,,,5x,,[]
powerball-2002-11-16,,,,2x,,[]
powerball-2002-11-20,,,,3x,,[]
powerball-2002-11-23,,,,4x,,[]
powerball-2002-11-27,,,,5x,,[]
powerball-2002-11-30,,,,2x,,[]
powerball-2002-12-04,,,,4x,,[]
powerball-2002-12-07,,,,2x,,[]
powerball-2002-12-11,,,,3x,,[]
powerball-2002-12-14,,,,2x,,[]
powerball-2002-12-18,,,,5x,,[]
powerball-2002-12-21,,,,5x,,[]
powerball-2002-12-25,,,,4x,,[]
powerball-2002-12-28,,,,5x,,[]
powerball-2003-01-01,,,,5x,,[]
powerball-2003-01-04,,,,2x,,[]
powerball-2003-01-08,,,,3x,,[]
powerball-2003-01-11,,,,5x,,[]
powerball-2003-01-15,,,,5x,,[]
powerball-2003-01-18,,,,4x,,[]
powerball-2003-01-22,,,,3x,,[]
powerball-2003-01-25,,,,5x,,[]
powerball-2003-01-29,,,,5x,,[]
powerball-2003-02-01,,,,5x,,[]
powerball-2003-02-05,,,,5x,,[]
powerball-2003-02-08,,,,5x,,[]
powerball-2003-02-12,,,,4x,,[]
powerball-2003-02-15,,,,2x,,[]
powerball-2003-02-19,,,,5x,,[]
powerball-2003-02-22,,,,2x,,[]
powerball-2003-02-26,,,,2x,,[]
powerball-2003-03-01,,,,5x,,[]
powerball-2003-03-05,,,,2x,,[]
powerball-2003-03-08,,,,3x,,[]
powerball-2003-03-12,,,,3x,,[]
powerball-2003-03-15,,,,5x,,[]
powerball-2003-03-19,,,,5x,,[]
powerball-2003-03-22,,,,3x,,[]
powerball-2003-03-26,,,,5x,,[]
powerball-2003-03-29,,,,2x,,[]
powerball-2003-04-02,,,,4x,,[]
powerball-2003-04-05,,,,5x,,[]
powerball-2003-04-09,,,,2x,,[]
powerball-2003-04-12,,,,5x,,[]
powerball-2003-04-16,,,,5x,,[]
powerball-2003-04-19,,,,5x,,[]
powerball-2003-04-23,,,,2x,,[]
powerball-2003-04-26,,,,4x,,[]
powerball-2003-04-30,,,,4x,,[]
powerball-2003-05-03,,,,5x,,[]
powerball-2003-05-07,,,,5x,,[]
powerball-2003-05-10,,,,4x,,[]
powerball-2003-05-14,,,,5x,,[]
powerball-2003-05-17,,,,2x,,[]
powerball-2003-05-21,,,,2x,,[]
powerball-2003-05-24,,,,5x,,[]
powerball-2003-05-28,,,,5x,,[]
powerball-2003-05-31,,,,3x,,[]
powerball-2003-06-04,,,,2x,,[]
powerball-2003-06-07,,,,3x,,[]
powerball-2003-06-11,,,,2x,,[]
powerball-2003-06-14,,,,5x,,[]
powerball-2003-06-18,,,,4x,,[]
powerball-2003-06-21,,,,5x,,[]
powerball-2003-06-25,,,,4x,,[]
powerball-2003-06-28,,,,4x,,[]
powerball-2003-07-02,,,,5x,,[]
powerball-2003-07-05,,,,2x,,[]
powerball-2003-07-09,,,,3x,,[]
powerball-2003-07-12,,,,4x,,[]
powerball-2003-07-16,,,,5x,,[]
powerball-2003-07-19,,,,5x,,[]
powerball-2003-07-23,,,,5x,,[]
powerball-2003-07-26,,,,3x,,[]
powerball-2003-07-30,,,,2x,,[]
powerball-2003-08-02,,,,3x,,[]
powerball-2003-08-06,,,,2x,,[]
powerball-2003-08-09,,,,4x,,[]
powerball-2003-08-13,,,,2x,,[]
powerball-2003-08-16,,,,5x,,[]
powerball-2003-08-20,,,,5x,,[]
powerball-2003-08-23,,,,5x,,[]
powerball-2003-08-27,,,,5x,,[]
powerball-2003-08-30,,,,3x,,[]
powerball-2003-09-03,,,,5x,,[]
powerball-2003-09-06,,,,5x,,[]
powerball-2003-09-10,,,,5x,,[]
powerball-2003-09-13,,,,5x,,[]
powerball-2003-09-17,,,,5x,,[]
powerball-2003-09-20,,,,4x,,[]
powerball-2003-09-24,,,,4x,,[]
powerball-2003-09-27,,,,5x,,[]
powerball-2003-10-01,,,,2x,,[]
powerball-2003-10-04,,,,3x,,[]
powerball-2003-10-08,,,,5x,,[]
powerball-2003-10-11,,,,2x,,[]
powerball-2003-10-15,,,,5x,,[]
powerball-2003-10-18,,,,5x,,[]
powerball-2003-10-22,,,,5x,,[]
powerball-2003-10-25,,,,3x,,[]
powerball-2003-10-29,,,,3x,,[]
powerball-2003-11-01,,,,5x,,[]
powerball-2003-11-05,,,,5x,,[]
powerball-2003-11-08,,,,5x,,[]
powerball-2003-11-12,,,,4x,,[]
powerball-2003-11-15,,,,5x,,[]
powerball-2003-11-19,,,,4x,,[]
powerball-2003-11-22,,,,2x,,[]
powerball-2003-11-26,,,,5x,,[]
powerball-2003-11-29,,,,5x,,[]
powerball-2003-12-03,,,,4x,,[]
powerball-2003-12-06,,,,5x,,[]
powerball-2003-12-10,,,,4x,,[]
powerball-2003-12-13,,,,3x,,[]
powerball-2003-12-17,,,,5x,,[]
powerball-2003-12-20,,,,4x,,[]
powerball-2003-12-24,,,,3x,,[]
powerball-2003-12-27,,,,5x,,[]
powerball-2003-12-31,,,,3x,,[]
powerball-2004-01-03,,,,4x,,[]
powerball-2004-01-07,,,,3x,,[]
powerball-2004-01-10,,,,5x,,[]
powerball-2004-01-14,,,,5x,,[]
powerball-2004-01-17,,,,5x,,[]
powerball-2004-01-21,,,,4x,,[]
powerball-2004-01-24,,,,3x,,[]
powerball-2004-01-28,,,,4x,,[]
powerball-2004-01-31,,,,4x,,[]
powerball-2004-02-04,,,,2x,,[]
powerball-2004-02-07,,,,2x,,[]
powerball-2004-02-11,,,,4x,,[]
powerball-2004-02-14,,,,5x,,[]
powerball-2004-02-18,,,,4x,,[]
powerball-2004-02-21,,,,5x,,[]
powerball-2004-02-25,,,,5x,,[]
powerball-2004-02-28,,,,2x,,[]
powerball-2004-03-03,,,,2x,,[]
powerball-2004-03-06,,,,5x,,[]
powerball-2004-03-10,,,,5x,,[]
powerball-2004-03-13,,,,3x,,[]
powerball-2004-03-17,,,,4x,,[]
powerball-2004-03-20,,,,5x,,[]
powerball-2004-03-24,,,,5x,,[]
powerball-2004-03-27,,,,2x,,[]
powerball-2004-03-31,,,,3x,,[]
powerball-2004-04-03,,,,3x,,[]
powerball-2004-04-07,,,,5x,,[]
powerball-2004-04-10,,,,2x,,[]
powerball-2004-04-14,,,,3x,,[]
powerball-2004-04-17,,,,5x,,[]
powerball-2004-04-21,,,,4x,,[]
powerball-2004-04-24,,,,2x,,[]
powerball-2004-04-28,,,,2x,,[]
powerball-2004-05-01,,,,3x,,[]
powerball-2004-05-05,,,,3x,,[]
powerball-2004-05-08,,,,4x,,[]
powerball-2004-05-12,,,,4x,,[]
powerball-2004-05-15,,,,2x,,[]
powerball-2004-05-19,,,,5x,,[]
powerball-2004-05-22,,,,5x,,[]
powerball-2004-05-26,,,,2x,,[]
powerball-2004-05-29,,,,5x,,[]
powerball-2004-06-02,,,,5x,,[]
powerball-2004-06-05,,,,5x,,[]
powerball-2004-06-09,,,,2x,,[]
powerball-2004-06-12,,,,3x,,[]
powerball-2004-06-16,,,,5x,,[]
powerball-2004-06-19,,,,2x,,[]
powerball-2004-06-23,,,,5x,,[]
powerball-2004-06-26,,,,5x,,[]
powerball-2004-06-30,,,,5x,,[]
powerball-2004-07-03,,,,4x,,[]
powerball-2004-07-07,,,,5x,,[]
powerball-2004-07-10,,,,4x,,[]
powerball-2004-07-14,,,,3x,,[]
powerball-2004-07-17,,,,3x,,[]
powerball-2004-07-21,,,,5x,,[]
powerball-2004-07-24,,,,4x,,[]
powerball-2004-07-28,,,,3x,,[]
powerball-2004-07-31,,,,3x,,[]
powerball-2004-08-04,,,,5x,,[]
powerball-2004-08-07,,,,5x,,[]
powerball-2004-08-11,,,,5x,,[]
powerball-2004-08-14,,,,3x,,[]
powerball-2004-08-18,,,,2x,,[]
powerball-2004-08-21,,,,5x,,[]
powerball-2004-08-25,,,,5x,,[]
powerball-2004-08-28,,,,3x,,[]
powerball-2004-09-01,,,,4x,,[]
powerball-2004-09-04,,,,2x,,[]
powerball-2004-09-08,,,,3x,,[]
powerball-2004-09-11,,,,2x,,[]
powerball-2004-09-15,,,,4x,,[]
powerball-2004-09-18,,,,4x,,[]
powerball-2004-09-22,,,,5x,,[]
powerball-2004-09-25,,,,5x,,[]
powerball-2004-09-29,,,,3x,,[]
powerball-2004-10-02,,,,4x,,[]
powerball-2004-10-06,,,,4x,,[]
powerball-2004-10-09,,,,3x,,[]
powerball-2004-10-13,,,,4x,,[]
powerball-2004-10-16,,,,2x,,[]
powerball-2004-10-20,,,,5x,,[]
powerball-2004-10-23,,,,5x,,[]
powerball-2004-10-27,,,,5x,,[]
powerball-2004-10-30,,,,2x,,[]
powerball-2004-11-03,,,,4x,,[]
powerball-2004-11-06,,,,3x,,[]
powerball-2004-11-10,,,,2x,,[]
powerball-2004-11-13,,,,5x,,[]
powerball-2004-11-17,,,,2x,,[]
powerball-2004-11-20,,,,2x,,[]
powerball-2004-11-24,,,,4x,,[]
powerball-2004-11-27,,,,2x,,[]
powerball-2004-12-01,,,,4x,,[]
powerball-2004-12-04,,,,4x,,[]
powerball-2004-12-08,,,,2x,,[]
powerball-2004-12-11,,,,5x,,[]
powerball-2004-12-15,,,,4x,,[]
powerball-2004-12-18,,,,3x,,[]
powerball-2004-12-22,,,,5x,,[]
powerball-2004-12-25,,,,3x,,[]
powerball-2004-12-29,,,,5x,,[]
powerball-2005-01-01,,,,5x,,[]
powerball-2005-01-05,,,,5x,,[]
powerball-2005-01-08,,,,4x,,[]
powerball-2005-01-12,,,,5x,,[]
powerball-2005-01-15,,,,5x,,[]
powerball-2005-01-19,,,,3x,,[]
powerball-2005-01-22,,,,4x,,[]
powerball-2005-01-26,,,,2x,,[]
powerball-2005-01-29,,,,5x,,[]
powerball-2005-02-02,,,,5x,,[]
powerball-2005-02-05,,,,5x,,[]
powerball-2005-02-09,,,,5x,,[]
powerball-2005-02-12,,,,5x,,[]
powerball-2005-02-16,,,,5x,,[]
powerball-2005-02-19,,,,3x,,[]
powerball-2005-02-23,,,,4x,,[]
powerball-2005-02-26,,,,5x,,[]
powerball-2005-03-02,,,,5x,,[]
powerball-2005-03-05,,,,2x,,[]
powerball-2005-03-09,,,,3x,,[]
powerball-2005-03-12,,,,5x,,[]
powerball-2005-03-16,,,,2x,,[]
powerball-2005-03-19,,,,4x,,[]
powerball-2005-03-23,,,,5x,,[]
powerball-2005-03-26,,,,5x,,[]
powerball-2005-03-30,,,,5x,,[]
powerball-2005-04-02,,,,5x,,[]
powerball-2005-04-06,,,,3x,,[]
powerball-2005-04-09,,,,3x,,[]
powerball-2005-04-13,,,,5x,,[]
powerball-2005-04-16,,,,2x,,[]
powerball-2005-04-20,,,,5x,,[]
powerball-2005-04-23,,,,3x,,[]
powerball-2005-04-27,,,,5x,,[]
powerball-2005-04-30,,,,4x,,[]
powerball-2005-05-04,,,,2x,,[]
powerball-2005-05-07,,,,2x,,[]
powerball-2005-05-11,,,,5x,,[]
powerball-2005-05-14,,,,2x,,[]
powerball-2005-05-18,,,,5x,,[]
powerball-2005-05-21,,,,2x,,[]
powerball-2005-05-25,,,,2x,,[]
powerball-2005-05-28,,,,4x,,[]
powerball-2005-06-01,,,,2x,,[]
powerball-2005-06-04,,,,4x,,[]
powerball-2005-06-08,,,,5x,,[]
powerball-2005-06-11,,,,3x,,[]
powerball-2005-06-15,,,,5x,,[]
powerball-2005-06-18,,,,5x,,[]
powerball-2005-06-22,,,,5x,,[]
powerball-2005-06-25,,,,2x,,[]
powerball-2005-06-29,,,,5x,,[]
powerball-2005-07-02,,,,4x,,[]
powerball-2005-07-06,,,,4x,,[]
powerball-2005-07-09,,,,5x,,[]
powerball-2005-07-13,,,,4x,,[]
powerball-2005-07-16,,,,5x,,[]
powerball-2005-07-20,,,,2x,,[]
powerball-2005-07-23,,,,5x,,[]
powerball-2005-07-27,,,,5x,,[]
powerball-2005-07-30,,,,5x,,[]
powerball-2005-08-03,,,,5x,,[]
powerball-2005-08-06,,,,3x,,[]
powerball-2005-08-10,,,,5x,,[]
powerball-2005-08-13,,,,4x,,[]
powerball-2005-08-17,,,,5x,,[]
powerball-2005-08-20,,,,4x,,[]
powerball-2005-08-24,,,,5x,,[]
powerball-2005-08-27,,,,5x,,[]
powerball-2005-08-31,,,,2x,,[]
powerball-2005-09-03,,,,4x,,[]
powerball-2005-09-07,,,,3x,,[]
powerball-2005-09-10,,,,4x,,[]
powerball-2005-09-14,,,,4x,,[]
powerball-2005-09-17,,,,2x,,[]
powerball-2005-09-21,,,,3x,,[]
powerball-2005-09-24,,,,5x,,[]
powerball-2005-09-28,,,,2x,,[]
powerball-2005-10-01,,,,5x,,[]
powerball-2005-10-05,,,,5x,,[]
powerball-2005-10-08,,,,5x,,[]
powerball-2005-10-12,,,,5x,,[]
powerball-2005-10-15,,,,3x,,[]
powerball-2005-10-19,,,,5x,,[]
powerball-2005-10-22,,,,5x,,[]
powerball-2005-10-26,,,,3x,,[]
powerball-2005-10-29,,,,4x,,[]
powerball-2005-11-02,,,,5x,,[]
powerball-2005-11-05,,,,4x,,[]
powerball-2005-11-09,,,,2x,,[]
powerball-2005-11-12,,,,4x,,[]
powerball-2005-11-16,,,,3x,,[]
powerball-2005-11-19,,,,3x,,[]
powerball-2005-11-23,,,,4x,,[]
powerball-2005-11-26,,,,5x,,[]
powerball-2005-11-30,,,,5x,,[]
powerball-2005-12-03,,,,3x,,[]
powerball-2005-12-07,,,,5x,,[]
powerball-2005-12-10,,,,4x,,[]
powerball-2005-12-14,,,,5x,,[]
powerball-2005-12-17,,,,5x,,[]
powerball-2005-12-21,,,,3x,,[]
powerball-2005-12-24,,,,2x,,[]
powerball-2005-12-28,,,,3x,,[]
powerball-2005-12-31,,,,2x,,[]
powerball-2006-01-04,,,,4x,,[]
powerball-2006-01-07,,,,4x,,[]
powerball-2006-01-11,,,,2x,,[]
powerball-2006-01-14,,,,5x,,[]
powerball-2006-01-18,,,,2x,,[]
powerball-2006-01-21,,,,3x,,[]
powerball-2006-01-25,,,,5x,,[]
powerball-2006-01-28,,,,3x,,[]
powerball-2006-02-01,,,,4x,,[]
powerball-2006-02-04,,,,4x,,[]
powerball-2006-02-08,,,,5x,,[]
powerball-2006-02-11,,,,4x,,[]
powerball-2006-02-15,,,,5x,,[]
powerball-2006-02-18,,,,4x,,[]
powerball-2006-02-22,,,,2x,,[]
powerball-2006-02-25,,,,4x,,[]
powerball-2006-03-01,,,,5x,,[]
powerball-2006-03-04,,,,5x,,[]
powerball-2006-03-08,,,,5x,,[]
powerball-2006-03-11,,,,10x,,[]
powerball-2006-03-15,,,,5x,,[]
powerball-2006-03-18,,,,2x,,[]
powerball-2006-03-22,,,,2x,,[]
powerball-2006-03-25,,,,4x,,[]
powerball-2006-03-29,,,,2x,,[]
powerball-2006-04-01,,,,3x,,[]
powerball-2006-04-05,,,,2x,,[]
powerball-2006-04-08,,,,3x,,[]
powerball-2006-04-12,,,,4x,,[]
powerball-2006-04-15,,,,3x,,[]
powerball-2006-04-19,,,,4x,,[]
powerball-2006-04-22,,,,5x,,[]
powerball-2006-04-26,,,,4x,,[]
powerball-2006-04-29,,,,5x,,[]
powerball-2006-05-03,,,,2x,,[]
powerball-2006-05-06,,,,2x,,[]
powerball-2006-05-10,,,,3x,,[]
powerball-2006-05-13,,,,3x,,[]
powerball-2006-05-17,,,,4x,,[]
powerball-2006-05-20,,,,2x,,[]
powerball-2006-05-24,,,,3x,,[]
powerball-2006-05-27,,,,3x,,[]
powerball-2006-05-31,,,,5x,,[]
powerball-2006-06-03,,,,5x,,[]
powerball-2006-06-07,,,,5x,,[]
powerball-2006-06-10,,,,3x,,[]
powerball-2006-06-14,,,,3x,,[]
powerball-2006-06-17,,,,4x,,[]
powerball-2006-06-21,,,,3x,,[]
powerball-2006-06-24,,,,3x,,[]
powerball-2006-06-28,,,,5x,,[]
powerball-2006-07-01,,,,3x,,[]
powerball-2006-07-05,,,,2x,,[]
powerball-2006-07-08,,,,4x,,[]
powerball-2006-07-12,,,,5x,,[]
powerball-2006-07-15,,,,4x,,[]
powerball-2006-07-19,,,,4x,,[]
powerball-2006-07-22,,,,4x,,[]
powerball-2006-07-26,,,,4x,,[]
powerball-2006-07-29,,,,4x,,[]
powerball-2006-08-02,,,,4x,,[]
powerball-2006-08-05,,,,2x,,[]
powerball-2006-08-09,,,,2x,,[]
powerball-2006-08-12,,,,5x,,[]
powerball-2006-08-16,,,,4x,,[]
powerball-2006-08-19,,,,3x,,[]
powerball-2006-08-23,,,,5x,,[]
powerball-2006-08-26,,,,5x,,[]
powerball-2006-08-30,,,,4x,,[]
powerball-2006-09-02,,,,4x,,[]
powerball-2006-09-06,,,,4x,,[]
powerball-2006-09-09,,,,2x,,[]
powerball-2006-09-13,,,,4x,,[]
powerball-2006-09-16,,,,5x,,[]
powerball-2006-09-20,,,,2x,,[]
powerball-2006-09-23,,,,4x,,[]
powerball-2006-09-27,,,,3x,,[]
powerball-2006-09-30,,,,5x,,[]
powerball-2006-10-04,,,,5x,,[]
powerball-2006-10-07,,,,5x,,[]
powerball-2006-10-11,,,,4x,,[]
powerball-2006-10-14,,,,2x,,[]
powerball-2006-10-18,,,,3x,,[]
powerball-2006-10-21,,,,4x,,[]
powerball-2006-10-25,,,,5x,,[]
powerball-2006-10-28,,,,5x,,[]
powerball-2006-11-01,,,,2x,,[]
powerball-2006-11-04,,,,5x,,[]
powerball-2006-11-08,,,,4x,,[]
powerball-2006-11-11,,,,2x,,[]
powerball-2006-11-15,,,,3x,,[]
powerball-2006-11-18,,,,2x,,[]
powerball-2006-11-22,,,,5x,,[]
powerball-2006-11-25,,,,5x,,[]
powerball-2006-11-29,,,,3x,,[]
powerball-2006-12-02,,,,3x,,[]
powerball-2006-12-06,,,,4x,,[]
powerball-2006-12-09,,,,4x,,[]
powerball-2006-12-13,,,,3x,,[]
powerball-2006-12-16,,,,4x,,[]
powerball-2006-12-20,,,,5x,,[]
powerball-2006-12-23,,,,5x,,[]
powerball-2006-12-27,,,,3x,,[]
powerball-2006-12-30,,,,5x,,[]
powerball-2007-01-03,,,,3x,,[]
powerball-2007-01-06,,,,4x,,[]
powerball-2007-01-10,,,,2x,,[]
powerball-2007-01-13,,,,2x,,[]
powerball-2007-01-17,,,,2x,,[]
powerball-2007-01-20,,,,5x,,[]
powerball-2007-01-24,,,,3x,,[]
powerball-2007-01-27,,,,5x,,[]
powerball-2007-01-31,,,,4x,,[]
powerball-2007-02-03,,,,5x,,[]
powerball-2007-02-07,,,,3x,,[]
powerball-2007-02-10,,,,3x,,[]
powerball-2007-02-14,,,,3x,,[]
powerball-2007-02-17,,,,3x,,[]
powerball-2007-02-21,,,,3x,,[]
powerball-2007-02-24,,,,3x,,[]
powerball-2007-02-28,,,,3x,,[]
powerball-2007-03-03,,,,3x,,[]
powerball-2007-03-07,,,,5x,,[]
powerball-2007-03-10,,,,5x,,[]
powerball-2007-03-14,,,,2x,,[]
powerball-2007-03-17,,,,3x,,[]
powerball-2007-03-21,,,,5x,,[]
powerball-2007-03-24,,,,5x,,[]
powerball-2007-03-28,,,,2x,,[]
powerball-2007-03-31,,,,2x,,[]
powerball-2007-04-04,,,,5x,,[]
powerball-2007-04-07,,,,4x,,[]
powerball-2007-04-11,,,,2x,,[]
powerball-2007-04-14,,,,10x,,[]
powerball-2007-04-18,,,,3x,,[]
powerball-2007-04-21,,,,4x,,[]
powerball-2007-04-25,,,,4x,,[]
powerball-2007-04-28,,,,4x,,[]
powerball-2007-05-02,,,,3x,,[]
powerball-2007-05-05,,,,2x,,[]
powerball-2007-05-09,,,,4x,,[]
powerball-2007-05-12,,,,3x,,[]
powerball-2007-05-16,,,,2x,,[]
powerball-2007-05-19,,,,2x,,[]
powerball-2007-05-23,,,,4x,,[]
powerball-2007-05-26,,,,4x,,[]
powerball-2007-05-30,,,,2x,,[]
powerball-2007-06-02,,,,5x,,[]
powerball-2007-06-06,,,,4x,,[]
powerball-2007-06-09,,,,2x,,[]
powerball-2007-06-13,,,,3x,,[]
powerball-2007-06-16,,,,5x,,[]
powerball-2007-06-20,,,,3x,,[]
powerball-2007-06-23,,,,4x,,[]
powerball-2007-06-27,,,,4x,,[]
powerball-2007-06-30,,,,3x,,[]
powerball-2007-07-04,,,,5x,,[]
powerball-2007-07-07,,,,3x,,[]
powerball-2007-07-11,,,,5x,,[]
powerball-2007-07-14,,,,5x,,[]
powerball-2007-07-18,,,,4x,,[]
powerball-2007-07-21,,,,4x,,[]
powerball-2007-07-25,,,,5x,,[]
powerball-2007-07-28,,,,5x,,[]
powerball-2007-08-01,,,,5x,,[]
powerball-2007-08-04,,,,2x,,[]
powerball-2007-08-08,,,,2x,,[]
powerball-2007-08-11,,,,4x,,[]
powerball-2007-08-15,,,,2x,,[]
powerball-2007-08-18,,,,5x,,[]
powerball-2007-08-22,,,,4x,,[]
powerball-2007-08-25,,,,3x,,[]
powerball-2007-08-29,,,,3x,,[]
powerball-2007-09-01,,,,4x,,[]
powerball-2007-09-05,,,,2x,,[]
powerball-2007-09-08,,,,2x,,[]
powerball-2007-09-12,,,,4x,,[]
powerball-2007-09-15,,,,5x,,[]
powerball-2007-09-19,,,,3x,,[]
powerball-2007-09-22,,,,3x,,[]
powerball-2007-09-26,,,,2x,,[]
powerball-2007-09-29,,,,3x,,[]
powerball-2007-10-03,,,,4x,,[]
powerball-2007-10-06,,,,3x,,[]
powerball-2007-10-10,,,,4x,,[]
powerball-2007-10-13,,,,3x,,[]
powerball-2007-10-17,,,,4x,,[]
powerball-2007-10-20,,,,3x,,[]
powerball-2007-10-24,,,,4x,,[]
powerball-2007-10-27,,,,4x,,[]
powerball-2007-10-31,,,,2x,,[]
powerball-2007-11-03,,,,2x,,[]
powerball-2007-11-07,,,,5x,,[]
powerball-2007-11-10,,,,4x,,[]
powerball-2007-11-14,,,,2x,,[]
powerball-2007-11-17,,,,3x,,[]
powerball-2007-11-21,,,,2x,,[]
powerball-2007-11-24,,,,5x,,[]
powerball-2007-11-28,,,,3x,,[]
powerball-2007-12-01,,,,2x,,[]
powerball-2007-12-05,,,,3x,,[]
powerball-2007-12-08,,,,3x,,[]
powerball-2007-12-12,,,,5x,,[]
powerball-2007-12-15,,,,3x,,[]
powerball-2007-12-19,,,,3x,,[]
powerball-2007-12-22,,,,4x,,[]
powerball-2007-12-26,,,,3x,,[]
powerball-2007-12-29,,,,4x,,[]
powerball-2008-01-02,,,,4x,,[]
powerball-2008-01-05,,,,4x,,[]
powerball-2008-01-09,,,,3x,,[]
powerball-2008-01-12,,,,3x,,[]
powerball-2008-01-16,,,,5x,,[]
powerball-2008-01-19,,,,5x,,[]
powerball-2008-01-23,,,,3x,,[]
powerball-2008-01-26,,,,2x,,[]
powerball-2008-01-30,,,,2x,,[]
powerball-2008-02-02,,,,3x,,[]
powerball-2008-02-06,,,,5x,,[]
powerball-2008-02-09,,,,5x,,[]
powerball-2008-02-13,,,,3x,,[]
powerball-2008-02-16,,,,3x,,[]
powerball-2008-02-20,,,,3x,,[]
powerball-2008-02-23,,,,3x,,[]
powerball-2008-02-27,,,,5x,,[]
powerball-2008-03-01,,,,4x,,[]
powerball-2008-03-05,,,,3x,,[]
powerball-2008-03-08,,,,2x,,[]
powerball-2008-03-12,,,,4x,,[]
powerball-2008-03-15,,,,2x,,[]
powerball-2008-03-19,,,,4x,,[]
powerball-2008-03-22,,,,3x,,[]
powerball-2008-03-26,,,,2x,,[]
powerball-2008-03-29,,,,5x,,[]
powerball-2008-04-02,,,,4x,,[]
powerball-2008-04-05,,,,5x,,[]
powerball-2008-04-09,,,,4x,,[]
powerball-2008-04-12,,,,4x,,[]
powerball-2008-04-16,,,,10x,,[]
powerball-2008-04-19,,,,3x,,[]
powerball-2008-04-23,,,,10x,,[]
powerball-2008-04-26,,,,5x,,[]
powerball-2008-04-30,,,,3x,,[]
powerball-2008-05-03,,,,3x,,[]
powerball-2008-05-07,,,,2x,,[]
powerball-2008-05-10,,,,2x,,[]
powerball-2008-05-14,,,,2x,,[]
powerball-2008-05-17,,,,3x,,[]
powerball-2008-05-21,,,,4x,,[]
powerball-2008-05-24,,,,2x,,[]
powerball-2008-05-28,,,,2x,,[]
powerball-2008-05-31,,,,4x,,[]
powerball-2008-06-04,,,,3x,,[]
powerball-2008-06-07,,,,2x,,[]
powerball-2008-06-11,,,,5x,,[]
powerball-2008-06-14,,,,4x,,[]
powerball-2008-06-18,,,,4x,,[]
powerball-2008-06-21,,,,2x,,[]
powerball-2008-06-25,,,,2x,,[]
powerball-2008-06-28,,,,3x,,[]
powerball-2008-07-02,,,,5x,,[]
powerball-2008-07-05,,,,5x,,[]
powerball-2008-07-09,,,,4x,,[]
powerball-2008-07-12,,,,2x,,[]
powerball-2008-07-16,,,,4x,,[]
powerball-2008-07-19,,,,3x,,[]
powerball-2008-07-23,,,,4x,,[]
powerball-2008-07-26,,,,4x,,[]
powerball-2008-07-30,,,,3x,,[]
powerball-2008-08-02,,,,5x,,[]
powerball-2008-08-06,,,,4x,,[]
powerball-2008-08-09,,,,5x,,[]
powerball-2008-08-13,,,,4x,,[]
powerball-2008-08-16,,,,5x,,[]
powerball-2008-08-20,,,,2x,,[]
powerball-2008-08-23,,,,3x,,[]
powerball-2008-08-27,,,,2x,,[]
powerball-2008-08-30,,,,3x,,[]
powerball-2008-09-03,,,,2x,,[]
powerball-2008-09-06,,,,4x,,[]
powerball-2008-09-10,,,,2x,,[]
powerball-2008-09-13,,,,2x,,[]
powerball-2008-09-17,,,,3x,,[]
powerball-2008-09-20,,,,5x,,[]
powerball-2008-09-24,,,,5x,,[]
powerball-2008-09-27,,,,4x,,[]
powerball-2008-10-01,,,,2x,,[]
powerball-2008-10-04,,,,5x,,[]
powerball-2008-10-08,,,,4x,,[]
powerball-2008-10-11,,,,4x,,[]
powerball-2008-10-15,,,,4x,,[]
powerball-2008-10-18,,,,4x,,[]
powerball-2008-10-22,,,,3x,,[]
powerball-2008-10-25,,,,2x,,[]
powerball-2008-10-29,,,,2x,,[]
powerball-2008-11-01,,,,4x,,[]
powerball-2008-11-05,,,,2x,,[]
powerball-2008-11-08,,,,2x,,[]
powerball-2008-11-12,,,,2x,,[]
powerball-2008-11-15,,,,2x,,[]
powerball-2008-11-19,,,,4x,,[]
powerball-2008-11-22,,,,4x,,[]
powerball-2008-11-26,,,,2x,,[]
powerball-2008-11-29,,,,4x,,[]
powerball-2008-12-03,,,,5x,,[]
powerball-2008-12-06,,,,5x,,[]
powerball-2008-12-10,,,,4x,,[]
powerball-2008-12-13,,,,2x,,[]
powerball-2008-12-17,,,,4x,,[]
powerball-2008-12-20,,,,5x,,[]
powerball-2008-12-24,,,,5x,,[]
powerball-2008-12-27,,,,5x,,[]
powerball-2008-12-31,,,,5x,,[]
powerball-2009-01-03,,,,3x,,[]
powerball-2009-01-07,,,,5x,,[]
powerball-2009-01-10,,,,3x,,[]
powerball-2009-01-14,,,,5x,,[]
powerball-2009-01-17,,,,2x,,[]
powerball-2009-01-21,,,,4x,,[]
powerball-2009-01-24,,,,2x,,[]
powerball-2009-01-28,,,,4x,,[]
powerball-2009-01-31,,,,4x,,[]
powerball-2009-02-04,,,,4x,,[]
powerball-2009-02-07,,,,2x,,[]
powerball-2009-02-11,,,,2x,,[]
powerball-2009-02-14,,,,5x,,[]
powerball-2009-02-18,,,,3x,,[]
powerball-2009-02-21,,,,4x,,[]
powerball-2009-02-25,,,,4x,,[]
powerball-2009-02-28,,,,5x,,[]
powerball-2009-03-04,,,,2x,,[]
powerball-2009-03-07,,,,2x,,[]
powerball-2009-03-11,,,,5x,,[]
powerball-2009-03-14,,,,2x,,[]
powerball-2009-03-18,,,,2x,,[]
powerball-2009-03-21,,,,4x,,[]
powerball-2009-03-25,,,,2x,,[]
powerball-2009-03-28,,,,3x,,[]
powerball-2009-04-01,,,,3x,,[]
powerball-2009-04-04,,,,3x,,[]
powerball-2009-04-08,,,,5x,,[]
powerball-2009-04-11,,,,4x,,[]
powerball-2009-04-15,,,,2x,,[]
powerball-2009-04-18,,,,3x,,[]
powerball-2009-04-22,,,,2x,,[]
powerball-2009-04-25,,,,5x,,[]
powerball-2009-04-29,,,,5x,,[]
powerball-2009-05-02,,,,3x,,[]
powerball-2009-05-06,,,,5x,,[]
powerball-2009-05-09,,,,3x,,[]
powerball-2009-05-13,,,,3x,,[]
powerball-2009-05-16,,,,2x,,[]
powerball-2009-05-20,,,,2x,,[]
powerball-2009-05-23,,,,5x,,[]
powerball-2009-05-27,,,,3x,,[]
powerball-2009-05-30,,,,5x,,[]
powerball-2009-06-03,,,,2x,,[]
powerball-2009-06-06,,,,3x,,[]
powerball-2009-06-10,,,,2x,,[]
powerball-2009-06-13,,,,4x,,[]
powerball-2009-06-17,,,,5x,,[]
powerball-2009-06-20,,,,2x,,[]
powerball-2009-06-24,,,,5x,,[]
powerball-2009-06-27,,,,4x,,[]
powerball-2009-07-01,,,,2x,,[]
powerball-2009-07-04,,,,3x,,[]
powerball-2009-07-08,,,,2x,,[]
powerball-2009-07-11,,,,5x,,[]
powerball-2009-07-15,,,,5x,,[]
powerball-2009-07-18,,,,4x,,[]
powerball-2009-07-22,,,,2x,,[]
powerball-2009-07-25,,,,5x,,[]
powerball-2009-07-29,,,,2x,,[]
powerball-2009-08-01,,,,4x,,[]
powerball-2009-08-05,,,,3x,,[]
powerball-2009-08-08,,,,4x,,[]
powerball-2009-08-12,,,,3x,,[]
powerball-2009-08-15,,,,5x,,[]
powerball-2009-08-19,,,,5x,,[]
powerball-2009-08-22,,,,5x,,[]
powerball-2009-08-26,,,,3x,,[]
powerball-2009-08-29,,,,3x,,[]
powerball-2009-09-02,,,,4x,,[]
powerball-2009-09-05,,,,3x,,[]
powerball-2009-09-09,,,,4x,,[]
powerball-2009-09-12,,,,2x,,[]
powerball-2009-09-16,,,,2x,,[]
powerball-2009-09-19,,,,3x,,[]
powerball-2009-09-23,,,,5x,,[]
powerball-2009-09-26,,,,3x,,[]
powerball-2009-09-30,,,,3x,,[]
powerball-2009-10-03,,,,3x,,[]
powerball-2009-10-07,,,,3x,,[]
powerball-2009-10-10,,,,3x,,[]
powerball-2009-10-14,,,,2x,,[]
powerball-2009-10-17,,,,5x,,[]
powerball-2009-10-21,,,,2x,,[]
powerball-2009-10-24,,,,2x,,[]
powerball-2009-10-28,,,,5x,,[]
powerball-2009-10-31,,,,5x,,[]
powerball-2009-11-04,,,,3x,,[]
powerball-2009-11-07,,,,5x,,[]
powerball-2009-11-11,,,,2x,,[]
powerball-2009-11-14,,,,5x,,[]
powerball-2009-11-18,,,,4x,,[]
powerball-2009-11-21,,,,5x,,[]
powerball-2009-11-25,,,,2x,,[]
powerball-2009-11-28,,,,3x,,[]
powerball-2009-12-02,,,,4x,,[]
powerball-2009-12-05,,,,3x,,[]
powerball-2009-12-09,,,,5x,,[]
powerball-2009-12-12,,,,2x,,[]
powerball-2009-12-16,,,,5x,,[]
powerball-2009-12-19,,,,3x,,[]
powerball-2009-12-23,,,,4x,,[]
powerball-2009-12-26,,,,3x,,[]
powerball-2009-12-30,,,,3x,,[]
powerball-2010-01-02,,,,3x,,[]
powerball-2010-01-06,,,,2x,,[]
powerball-2010-01-09,,,,2x,,[]
powerball-2010-01-13,,,,3x,,[]
powerball-2010-01-16,,,,5x,,[]
powerball-2010-01-20,,,,4x,,[]
powerball-2010-01-23,,,,2x,,[]
powerball-2010-01-27,,,,5x,,[]
powerball-2010-01-30,,,,3x,,[]
powerball-2010-02-03,,,,2x,,[]
powerball-2010-02-06,,,,3x,,[]
powerball-2010-02-10,,,,5x,,[]
powerball-2010-02-13,,,,4x,,[]
powerball-2010-02-17,,,,3x,,[]
powerball-2010-02-20,,,,2x,,[]
powerball-2010-02-24,,,,2x,,[]
powerball-2010-02-27,,,,2x,,[]
powerball-2010-03-03,,,,4x,,[]
powerball-2010-03-06,,,,2x,,[]
powerball-2010-03-10,,,,2x,,[]
powerball-2010-03-13,,,,5x,,[]
powerball-2010-03-17,,,,2x,,[]
powerball-2010-03-20,,,,2x,,[]
powerball-2010-03-24,,,,3x,,[]
powerball-2010-03-27,,,,4x,,[]
powerball-2010-03-31,,,,5x,,[]
powerball-2010-04-03,,,,4x,,[]
powerball-2010-04-07,,,,2x,,[]
powerball-2010-04-10,,,,2x,,[]
powerball-2010-04-14,,,,3x,,[]
powerball-2010-04-17,,,,5x,,[]
powerball-2010-04-21,,,,2x,,[]
powerball-2010-04-24,,,,2x,,[]
powerball-2010-04-28,,,,4x,,[]
powerball-2010-05-01,,,,4x,,[]
powerball-2010-05-05,,,,4x,,[]
powerball-2010-05-08,,,,5x,,[]
powerball-2010-05-12,,,,2x,,[]
powerball-2010-05-15,,,,2x,,[]
powerball-2010-05-19,,,,3x,,[]
powerball-2010-05-22,,,,2x,,[]
powerball-2010-05-26,,,,4x,,[]
powerball-2010-05-29,,,,4x,,[]
powerball-2010-06-02,,,,4x,,[]
powerball-2010-06-05,,,,4x,,[]
powerball-2010-06-09,,,,4x,,[]
powerball-2010-06-12,,,,10x,,[]
powerball-2010-06-16,,,,5x,,[]
powerball-2010-06-19,,,,3x,,[]
powerball-2010-06-23,,,,3x,,[]
powerball-2010-06-26,,,,4x,,[]
powerball-2010-06-30,,,,5x,,[]
powerball-2010-07-03,,,,3x,,[]
powerball-2010-07-07,,,,2x,,[]
powerball-2010-07-10,,,,4x,,[]
powerball-2010-07-14,,,,3x,,[]
powerball-2010-07-17,,,,4x,,[]
powerball-2010-07-21,,,,3x,,[]
powerball-2010-07-24,,,,2x,,[]
powerball-2010-07-28,,,,5x,,[]
powerball-2010-07-31,,,,3x,,[]
powerball-2010-08-04,,,,4x,,[]
powerball-2010-08-07,,,,5x,,[]
powerball-2010-08-11,,,,2x,,[]
powerball-2010-08-14,,,,2x,,[]
powerball-2010-08-18,,,,3x,,[]
powerball-2010-08-21,,,,2x,,[]
powerball-2010-08-25,,,,3x,,[]
powerball-2010-08-28,,,,4x,,[]
powerball-2010-09-01,,,,3x,,[]
powerball-2010-09-04,,,,2x,,[]
powerball-2010-09-08,,,,5x,,[]
powerball-2010-09-11,,,,4x,,[]
powerball-2010-09-15,,,,5x,,[]
powerball-2010-09-18,,,,4x,,[]
powerball-2010-09-22,,,,5x,,[]
powerball-2010-09-25,,,,2x,,[]
powerball-2010-09-29,,,,4x,,[]
powerball-2010-10-02,,,,4x,,[]
powerball-2010-10-06,,,,5x,,[]
powerball-2010-10-09,,,,3x,,[]
powerball-2010-10-13,,,,4x,,[]
powerball-2010-10-16,,,,2x,,[]
powerball-2010-10-20,,,,3x,,[]
powerball-2010-10-23,,,,4x,,[]
powerball-2010-10-27,,,,5x,,[]
powerball-2010-10-30,,,,5x,,[]
powerball-2010-11-03,,,,2x,,[]
powerball-2010-11-06,,,,4x,,[]
powerball-2010-11-10,,,,4x,,[]
powerball-2010-11-13,,,,5x,,[]
powerball-2010-11-17,,,,3x,,[]
powerball-2010-11-20,,,,5x,,[]
powerball-2010-11-24,,,,3x,,[]
powerball-2010-11-27,,,,5x,,[]
powerball-2010-12-01,,,,3x,,[]
powerball-2010-12-04,,,,5x,,[]
powerball-2010-12-08,,,,4x,,[]
powerball-2010-12-11,,,,2x,,[]
powerball-2010-12-15,,,,5x,,[]
powerball-2010-12-18,,,,4x,,[]
powerball-2010-12-22,,,,2x,,[]
powerball-2010-12-25,,,,2x,,[]
powerball-2010-12-29,,,,2x,,[]
powerball-2011-01-01,,,,2x,,[]
powerball-2011-01-05,,,,5x,,[]
powerball-2011-01-08,,,,2x,,[]
powerball-2011-01-12,,,,4x,,[]
powerball-2011-01-15,,,,3x,,[]
powerball-2011-01-19,,,,3x,,[]
powerball-2011-01-22,,,,2x,,[]
powerball-2011-01-26,,,,3x,,[]
powerball-2011-01-29,,,,4x,,[]
powerball-2011-02-02,,,,4x,,[]
powerball-2011-02-05,,,,5x,,[]
powerball-2011-02-09,,,,4x,,[]
powerball-2011-02-12,,,,4x,,[]
powerball-2011-02-16,,,,2x,,[]
powerball-2011-02-19,,,,5x,,[]
powerball-2011-02-23,,,,3x,,[]
powerball-2011-02-26,,,,5x,,[]
powerball-2011-03-02,,,,2x,,[]
powerball-2011-03-05,,,,2x,,[]
powerball-2011-03-09,,,,2x,,[]
powerball-2011-03-12,,,,4x,,[]
powerball-2011-03-16,,,,3x,,[]
powerball-2011-03-19,,,,2x,,[]
powerball-2011-03-23,,,,2x,,[]
powerball-2011-03-26,,,,4x,,[]
powerball-2011-03-30,,,,4x,,[]
powerball-2011-04-02,,,,2x,,[]
powerball-2011-04-06,,,,2x,,[]
powerball-2011-04-09,,,,4x,,[]
powerball-2011-04-13,,,,3x,,[]
powerball-2011-04-16,,,,5x,,[]
powerball-2011-04-20,,,,3x,,[]
powerball-2011-04-23,,,,3x,,[]
powerball-2011-04-27,,,,2x,,[]
powerball-2011-04-30,,,,2x,,[]
powerball-2011-05-04,,,,4x,,[]
powerball-2011-05-07,,,,4x,,[]
powerball-2011-05-11,,,,3x,,[]
powerball-2011-05-14,,,,2x,,[]
powerball-2011-05-18,,,,4x,,[]
powerball-2011-05-21,,,,3x,,[]
powerball-2011-05-25,,,,2x,,[]
powerball-2011-05-28,,,,4x,,[]
powerball-2011-06-01,,,,4x,,[]
powerball-2011-06-04,,,,5x,,[]
powerball-2011-06-08,,,,5x,,[]
powerball-2011-06-11,,,,3x,,[]
powerball-2011-06-15,,,,4x,,[]
powerball-2011-06-18,,,,2x,,[]
powerball-2011-06-22,,,,4x,,[]
powerball-2011-06-25,,,,4x,,[]
powerball-2011-06-29,,,,3x,,[]
powerball-2011-07-02,,,,3x,,[]
powerball-2011-07-06,,,,2x,,[]
powerball-2011-07-09,,,,3x,,[]
powerball-2011-07-13,,,,4x,,[]
powerball-2011-07-16,,,,3x,,[]
powerball-2011-07-20,,,,4x,,[]
powerball-2011-07-23,,,,3x,,[]
powerball-2011-07-27,,,,2x,,[]
powerball-2011-07-30,,,,2x,,[]
powerball-2011-08-03,,,,2x,,[]
powerball-2011-08-06,,,,3x,,[]
powerball-2011-08-10,,,,4x,,[]
powerball-2011-08-13,,,,2x,,[]
powerball-2011-08-17,,,,4x,,[]
powerball-2011-08-20,,,,2x,,[]
powerball-2011-08-24,,,,5x,,[]
powerball-2011-08-27,,,,3x,,[]
powerball-2011-08-31,,,,5x,,[]
powerball-2011-09-03,,,,5x,,[]
powerball-2011-09-07,,,,4x,,[]
powerball-2011-09-10,,,,4x,,[]
powerball-2011-09-14,,,,3x,,[]
powerball-2011-09-17,,,,2x,,[]
powerball-2011-09-21,,,,4x,,[]
powerball-2011-09-24,,,,5x,,[]
powerball-2011-09-28,,,,2x,,[]
powerball-2011-10-01,,,,3x,,[]
powerball-2011-10-05,,,,4x,,[]
powerball-2011-10-08,,,,5x,,[]
powerball-2011-10-12,,,,3x,,[]
powerball-2011-10-15,,,,4x,,[]
powerball-2011-10-19,,,,5x,,[]
powerball-2011-10-22,,,,4x,,[]
powerball-2011-10-26,,,,3x,,[]
powerball-2011-10-29,,,,5x,,[]
powerball-2011-11-02,,,,4x,,[]
powerball-2011-11-05,,,,3x,,[]
powerball-2011-11-09,,,,3x,,[]
powerball-2011-11-12,,,,5x,,[]
powerball-2011-11-16,,,,2x,,[]
powerball-2011-11-19,,,,3x,,[]
powerball-2011-11-23,,,,2x,,[]
powerball-2011-11-26,,,,2x,,[]
powerball-2011-11-30,,,,2x,,[]
powerball-2011-12-03,,,,3x,,[]
powerball-2011-12-07,,,,2x,,[]
powerball-2011-12-10,,,,5x,,[]
powerball-2011-12-14,,,,5x,,[]
powerball-2011-12-17,,,,4x,,[]
powerball-2011-12-21,,,,5x,,[]
powerball-2011-12-24,,,,2x,,[]
powerball-2011-12-28,,,,2x,,[]
powerball-2011-12-31,,,,4x,,[]
powerball-2012-01-04,,,,4x,,[]
powerball-2012-01-07,,,,5x,,[]
powerball-2012-01-11,,,,2x,,[]
powerball-2012-01-14,,,,5x,,[]
powerball-2012-01-18,,,,0x,,[]
powerball-2012-01-21,,,,0x,,[]
powerball-2012-01-25,,,,0x,,[]
powerball-2012-01-28,,,,0x,,[]
powerball-2012-02-01,,,,0x,,[]
powerball-2012-02-04,,,,0x,,[]
powerball-2012-02-08,,,,0x,,[]
powerball-2012-02-11,,,,0x,,[]
powerball-2012-02-15,,,,0x,,[]
powerball-2012-02-18,,,,0x,,[]
powerball-2012-02-22,,,,0x,,[]
powerball-2012-02-25,,,,0x,,[]
powerball-2012-02-29,,,,0x,,[]
powerball-2012-03-03,,,,0x,,[]
powerball-2012-03-07,,,,0x,,[]
powerball-2012-03-10,,,,0x,,[]
powerball-2012-03-14,,,,0x,,[]
powerball-2012-03-17,,,,0x,,[]
powerball-2012-03-21,,,,0x,,[]
powerball-2012-03-24,,,,0x,,[]
powerball-2012-03-28,,,,0x,,[]
powerball-2012-03-31,,,,0x,,[]
powerball-2012-04-04,,,,0x,,[]
powerball-2012-04-07,,,,0x,,[]
powerball-2012-04-11,,,,0x,,[]
powerball-2012-04-14,,,,0x,,[]
powerball-2012-04-18,,,,0x,,[]
powerball-2012-04-21,,,,0x,,[]
powerball-2012-04-25,,,,0x,,[]
powerball-2012-04-28,,,,0x,,[]
powerball-2012-05-02,,,,0x,,[]
powerball-2012-05-05,,,,0x,,[]
powerball-2012-05-09,,,,0x,,[]
powerball-2012-05-12,,,,0x,,[]
powerball-2012-05-16,,,,0x,,[]
powerball-2012-05-19,,,,0x,,[]
powerball-2012-05-23,,,,0x,,[]
powerball-2012-05-26,,,,0x,,[]
powerball-2012-05-30,,,,0x,,[]
powerball-2012-06-02,,,,0x,,[]
powerball-2012-06-06,,,,0x,,[]
powerball-2012-06-09,,,,0x,,[]
powerball-2012-06-13,,,,0x,,[]
powerball-2012-06-16,,,,0x,,[]
powerball-2012-06-20,,,,0x,,[]
powerball-2012-06-23,,,,0x,,[]
powerball-2012-06-27,,,,0x,,[]
powerball-2012-06-30,,,,0x,,[]
powerball-2012-07-04,,,,0x,,[]
powerball-2012-07-07,,,,0x,,[]
powerball-2012-07-11,,,,0x,,[]
powerball-2012-07-14,,,,0x,,[]
powerball-2012-07-18,,,,0x,,[]
powerball-2012-07-21,,,,0x,,[]
powerball-2012-07-25,,,,0x,,[]
powerball-2012-07-28,,,,0x,,[]
powerball-2012-08-01,,,,0x,,[]
powerball-2012-08-04,,,,0x,,[]
powerball-2012-08-08,,,,0x,,[]
powerball-2012-08-11,,,,0x,,[]
powerball-2012-08-15,,,,0x,,[]
powerball-2012-08-18,,,,0x,,[]
powerball-2012-08-22,,,,0x,,[]
powerball-2012-08-25,,,,0x,,[]
powerball-2012-08-29,,,,0x,,[]
powerball-2012-09-01,,,,0x,,[]
powerball-2012-09-05,,,,0x,,[]
powerball-2012-09-08,,,,0x,,[]
powerball-2012-09-12,,,,0x,,[]
powerball-2012-09-15,,,,0x,,[]
powerball-2012-09-19,,,,0x,,[]
powerball-2012-09-22,,,,0x,,[]
powerball-2012-09-26,,,,0x,,[]
powerball-2012-09-29,,,,0x,,[]
powerball-2012-10-03,,,,0x,,[]
powerball-2012-10-06,,,,0x,,[]
powerball-2012-10-10,,,,0x,,[]
powerball-2012-10-13,,,,0x,,[]
powerball-2012-10-17,,,,0x,,[]
powerball-2012-10-20,,,,0x,,[]
powerball-2012-10-24,,,,0x,,[]
powerball-2012-10-27,,,,0x,,[]
powerball-2012-10-31,,,,0x,,[]
powerball-2012-11-03,,,,0x,,[]
powerball-2012-11-07,,,,0x,,[]
powerball-2012-11-10,,,,0x,,[]
powerball-2012-11-14,,,,0x,,[]
powerball-2012-11-17,,,,0x,,[]
powerball-2012-11-21,,,,0x,,[]
powerball-2012-11-24,,,,0x,,[]
powerball-2012-11-28,,,,0x,,[]
powerball-2012-12-01,,,,0x,,[]
powerball-2012-12-05,,,,0x,,[]
powerball-2012-12-08,,,,0x,,[]
powerball-2012-12-12,,,,0x,,[]
powerball-2012-12-15,,,,0x,,[]
powerball-2012-12-19,,,,0x,,[]
powerball-2012-12-22,,,,0x,,[]
powerball-2012-12-26,,,,0x,,[]
powerball-2012-12-29,,,,0x,,[]
powerball-2013-01-02,,,,0x,,[]
powerball-2013-01-05,,,,0x,,[]
powerball-2013-01-09,,,,0x,,[]
powerball-2013-01-12,,,,0x,,[]
powerball-2013-01-16,,,,0x,,[]
powerball-2013-01-19,,,,0x,,[]
powerball-2013-01-23,,,,0x,,[]
powerball-2013-01-26,,,,0x,,[]
powerball-2013-01-30,,,,0x,,[]
powerball-2013-02-02,,,,0x,,[]
powerball-2013-02-06,,,,0x,,[]
powerball-2013-02-09,,,,0x,,[]
powerball-2013-02-13,,,,0x,,[]
powerball-2013-02-16,,,,0x,,[]
powerball-2013-02-20,,,,0x,,[]
powerball-2013-02-23,,,,0x,,[]
powerball-2013-02-27,,,,0x,,[]
powerball-2013-03-02,,,,0x,,[]
powerball-2013-03-06,,,,0x,,[]
powerball-2013-03-09,,,,0x,,[]
powerball-2013-03-13,,,,0x,,[]
powerball-2013-03-16,,,,0x,,[]
powerball-2013-03-20,,,,0x,,[]
powerball-2013-03-23,,,,0x,,[]
powerball-2013-03-27,,,,0x,,[]
powerball-2013-03-30,,,,0x,,[]
powerball-2013-04-03,,,,0x,,[]
powerball-2013-04-06,,,,0x,,[]
powerball-2013-04-10,,,,0x,,[]
powerball-2013-04-13,,,,0x,,[]
powerball-2013-04-17,,,,0x,,[]
powerball-2013-04-20,,,,0x,,[]
powerball-2013-04-24,,,,0x,,[]
powerball-2013-04-27,,,,0x,,[]
powerball-2013-05-01,,,,0x,,[]
powerball-2013-05-04,,,,0x,,[]
powerball-2013-05-08,,,,0x,,[]
powerball-2013-05-11,,,,0x,,[]
powerball-2013-05-15,,,,0x,,[]
powerball-2013-05-18,,,,0x,,[]
powerball-2013-05-22,,,,0x,,[]
powerball-2013-05-25,,,,0x,,[]
powerball-2013-05-29,,,,0x,,[]
powerball-2013-06-01,,,,0x,,[]
powerball-2013-06-05,,,,0x,,[]
powerball-2013-06-08,,,,0x,,[]
powerball-2013-06-12,,,,0x,,[]
powerball-2013-06-15,,,,0x,,[]
powerball-2013-06-19,,,,0x,,[]
powerball-2013-06-22,,,,0x,,[]
powerball-2013-06-26,,,,0x,,[]
powerball-2013-06-29,,,,0x,,[]
powerball-2013-07-03,,,,0x,,[]
powerball-2013-07-06,,,,0x,,[]
powerball-2013-07-10,,,,0x,,[]
powerball-2013-07-13,,,,0x,,[]
powerball-2013-07-17,,,,0x,,[]
powerball-2013-07-20,,,,0x,,[]
powerball-2013-07-24,,,,0x,,[]
powerball-2013-07-27,,,,0x,,[]
powerball-2013-07-31,,,,0x,,[]
powerball-2013-08-03,,,,0x,,[]
powerball-2013-08-07,,,,0x,,[]
powerball-2013-08-10,,,,0x,,[]
powerball-2013-08-14,,,,0x,,[]
powerball-2013-08-17,,,,0x,,[]
powerball-2013-08-21,,,,0x,,[]
powerball-2013-08-24,,,,0x,,[]
powerball-2013-08-28,,,,0x,,[]
powerball-2013-08-31,,,,0x,,[]
powerball-2013-09-04,,,,0x,,[]
powerball-2013-09-07,,,,0x,,[]
powerball-2013-09-11,,,,0x,,[]
powerball-2013-09-14,,,,0x,,[]
powerball-2013-09-18,,,,0x,,[]
powerball-2013-09-21,,,,0x,,[]
powerball-2013-09-25,,,,0x,,[]
powerball-2013-09-28,,,,0x,,[]
powerball-2013-10-02,,,,0x,,[]
powerball-2013-10-05,,,,0x,,[]
powerball-2013-10-09,,,,0x,,[]
powerball-2013-10-12,,,,0x,,[]
powerball-2013-10-16,,,,0x,,[]
powerball-2013-10-19,,,,0x,,[]
powerball-2013-10-23,,,,0x,,[]
powerball-2013-10-26,,,,0x,,[]
powerball-2013-10-30,,,,0x,,[]
powerball-2013-11-02,,,,0x,,[]
powerball-2013-11-06,,,,0x,,[]
powerball-2013-11-09,,,,0x,,[]
powerball-2013-11-13,,,,0x,,[]
powerball-2013-11-16,,,,0x,,[]
powerball-2013-11-20,,,,0x,,[]
powerball-2013-11-23,,,,0x,,[]
powerball-2013-11-27,,,,0x,,[]
powerball-2013-11-30,,,,0x,,[]
powerball-2013-12-04,,,,0x,,[]
powerball-2013-12-07,,,,0x,,[]
powerball-2013-12-11,,,,0x,,[]
powerball-2013-12-14,,,,0x,,[]
powerball-2013-12-18,,,,0x,,[]
powerball-2013-12-21,,,,0x,,[]
powerball-2013-12-25,,,,0x,,[]
powerball-2013-12-28,,,,0x,,[]
powerball-2014-01-01,,,,0x,,[]
powerball-2014-01-04,,,,0x,,[]
powerball-2014-01-08,,,,0x,,[]
powerball-2014-01-11,,,,0x,,[]
powerball-2014-01-15,,,,0x,,[]
powerball-2014-01-18,,,,0x,,[]
powerball-2014-01-22,,,,3x,,[]
powerball-2014-01-25,,,,2x,,[]
powerball-2014-01-29,,,,2x,,[]
powerball-2014-02-01,,,,2x,,[]
powerball-2014-02-05,,,,3x,,[]
powerball-2014-02-08,,,,2x,,[]
powerball-2014-02-12,,,,2x,,[]
powerball-2014-02-15,,,,3x,,[]
powerball-2014-02-19,,,,3x,,[]
powerball-2014-02-22,,,,5x,,[]
powerball-2014-02-26,,,,2x,,[]
powerball-2014-03-01,,,,4x,,[]
powerball-2014-03-05,,,,2x,,[]
powerball-2014-03-08,,,,2x,,[]
powerball-2014-03-12,,,,2x,,[]
powerball-2014-03-15,,,,4x,,[]
powerball-2014-03-19,,,,2x,,[]
powerball-2014-03-22,,,,2x,,[]
powerball-2014-03-26,,,,2x,,[]
powerball-2014-03-29,,,,2x,,[]
powerball-2014-04-02,,,,2x,,[]
powerball-2014-04-05,,,,5x,,[]
powerball-2014-04-09,,,,2x,,[]
powerball-2014-04-12,,,,2x,,[]
powerball-2014-04-16,,,,3x,,[]
powerball-2014-04-19,,,,5x,,[]
powerball-2014-04-23,,,,4x,,[]
powerball-2014-04-26,,,,3x,,[]
powerball-2014-04-30,,,,3x,,[]
powerball-2014-05-03,,,,4x,,[]
powerball-2014-05-07,,,,2x,,[]
powerball-2014-05-10,,,,2x,,[]
powerball-2014-05-14,,,,3x,,[]
powerball-2014-05-17,,,,3x,,[]
powerball-2014-05-21,,,,5x,,[]
powerball-2014-05-24,,,,2x,,[]
powerball-2014-05-28,,,,3x,,[]
powerball-2014-05-31,,,,2x,,[]
powerball-2014-06-04,,,,3x,,[]
powerball-2014-06-07,,,,2x,,[]
powerball-2014-06-11,,,,5x,,[]
powerball-2014-06-14,,,,3x,,[]
powerball-2014-06-18,,,,3x,,[]
powerball-2014-06-21,,,,3x,,[]
powerball-2014-06-25,,,,4x,,[]
powerball-2014-06-28,,,,2x,,[]
powerball-2014-07-02,,,,2x,,[]
powerball-2014-07-05,,,,4x,,[]
powerball-2014-07-09,,,,2x,,[]
powerball-2014-07-12,,,,2x,,[]
powerball-2014-07-16,,,,3x,,[]
powerball-2014-07-19,,,,2x,,[]
powerball-2014-07-23,,,,5x,,[]
powerball-2014-07-26,,,,2x,,[]
powerball-2014-07-30,,,,3x,,[]
powerball-2014-08-02,,,,2x,,[]
powerball-2014-08-06,,,,5x,,[]
powerball-2014-08-09,,,,2x,,[]
powerball-2014-08-13,,,,2x,,[]
powerball-2014-08-16,,,,2x,,[]
powerball-2014-08-20,,,,2x,,[]
powerball-2014-08-23,,,,3x,,[]
powerball-2014-08-27,,,,3x,,[]
powerball-2014-08-30,,,,2x,,[]
powerball-2014-09-03,,,,3x,,[]
powerball-2014-09-06,,,,2x,,[]
powerball-2014-09-10,,,,5x,,[]
powerball-2014-09-13,,,,3x,,[]
powerball-2014-09-17,,,,2x,,[]
powerball-2014-09-20,,,,4x,,[]
powerball-2014-09-24,,,,4x,,[]
powerball-2014-09-27,,,,3x,,[]
powerball-2014-10-01,,,,2x,,[]
powerball-2014-10-04,,,,2x,,[]
powerball-2014-10-08,,,,3x,,[]
powerball-2014-10-11,,,,2x,,[]
powerball-2014-10-15,,,,2x,,[]
powerball-2014-10-18,,,,2x,,[]
powerball-2014-10-22,,,,2x,,[]
powerball-2014-10-25,,,,2x,,[]
powerball-2014-10-29,,,,3x,,[]
powerball-2014-11-01,,,,2x,,[]
powerball-2014-11-05,,,,3x,,[]
powerball-2014-11-08,,,,3x,,[]
powerball-2014-11-12,,,,3x,,[]
powerball-2014-11-15,,,,2x,,[]
powerball-2014-11-19,,,,2x,,[]
powerball-2014-11-22,,,,2x,,[]
powerball-2014-11-26,,,,5x,,[]
powerball-2014-11-29,,,,2x,,[]
powerball-2014-12-03,,,,3x,,[]
powerball-2014-12-06,,,,2x,,[]
powerball-2014-12-10,,,,2x,,[]
powerball-2014-12-13,,,,3x,,[]
powerball-2014-12-17,,,,3x,,[]
powerball-2014-12-20,,,,5x,,[]
powerball-2014-12-24,,,,4x,,[]
powerball-2014-12-27,,,,2x,,[]
powerball-2014-12-31,,,,2x,,[]
powerball-2015-01-03,,,,3x,,[]
powerball-2015-01-07,,,,2x,,[]
powerball-2015-01-10,,,,5x,,[]
powerball-2015-01-14,,,,5x,,[]
powerball-2015-01-17,,,,2x,,[]
powerball-2015-01-21,,,,4x,,[]
powerball-2015-01-24,,,,2x,,[]
powerball-2015-01-28,,,,5x,,[]
powerball-2015-01-31,,,,2x,,[]
powerball-2015-02-04,,,,2x,,[]
powerball-2015-02-07,,,,5x,,[]
powerball-2015-02-11,,,,3x,,[]
powerball-2015-02-14,,,,2x,,[]
powerball-2015-02-18,,,,2x,,[]
powerball-2015-02-21,,,,2x,,[]
powerball-2015-02-25,,,,3x,,[]
powerball-2015-02-28,,,,2x,,[]
powerball-2015-03-04,,,,2x,,[]
powerball-2015-03-07,,,,4x,,[]
powerball-2015-03-11,,,,2x,,[]
powerball-2015-03-14,,,,2x,,[]
powerball-2015-03-18,,,,2x,,[]
powerball-2015-03-21,,,,4x,,[]
powerball-2015-03-25,,,,2x,,[]
powerball-2015-03-28,,,,3x,,[]
powerball-2015-04-01,,,,3x,,[]
powerball-2015-04-04,,,,3x,,[]
powerball-2015-04-08,,,,2x,,[]
powerball-2015-04-11,,,,2x,,[]
powerball-2015-04-15,,,,3x,,[]
powerball-2015-04-18,,,,3x,,[]
powerball-2015-04-22,,,,2x,,[]
powerball-2015-04-25,,,,2x,,[]
powerball-2015-04-29,,,,3x,,[]
powerball-2015-05-02,,,,3x,,[]
powerball-2015-05-06,,,,5x,,[]
powerball-2015-05-09,,,,3x,,[]
powerball-2015-05-13,,,,3x,,[]
powerball-2015-05-16,,,,2x,,[]
powerball-2015-05-20,,,,3x,,[]
powerball-2015-05-23,,,,4x,,[]
powerball-2015-05-27,,,,2x,,[]
powerball-2015-05-30,,,,2x,,[]
powerball-2015-06-03,,,,2x,,[]
powerball-2015-06-06,,,,4x,,[]
powerball-2015-06-10,,,,2x,,[]
powerball-2015-06-13,,,,2x,,[]
powerball-2015-06-17,,,,3x,,[]
powerball-2015-06-20,,,,2x,,[]
powerball-2015-06-24,,,,4x,,[]
powerball-2015-06-27,,,,5x,,[]
powerball-2015-07-01,,,,2x,,[]
powerball-2015-07-04,,,,3x,,[]
powerball-2015-07-08,,,,3x,,[]
powerball-2015-07-11,,,,2x,,[]
powerball-2015-07-15,,,,2x,,[]
powerball-2015-07-18,,,,3x,,[]
powerball-2015-07-22,,,,2x,,[]
powerball-2015-07-25,,,,3x,,[]
powerball-2015-07-29,,,,3x,,[]
powerball-2015-08-01,,,,3x,,[]
powerball-2015-08-05,,,,2x,,[]
powerball-2015-08-08,,,,4x,,[]
powerball-2015-08-12,,,,2x,,[]
powerball-2015-08-15,,,,4x,,[]
powerball-2015-08-19,,,,2x,,[]
powerball-2015-08-22,,,,4x,,[]
powerball-2015-08-26,,,,5x,,[]
powerball-2015-08-29,,,,2x,,[]
powerball-2015-09-02,,,,3x,,[]
powerball-2015-09-05,,,,2x,,[]
powerball-2015-09-09,,,,2x,,[]
powerball-2015-09-12,,,,3x,,[]
powerball-2015-09-16,,,,3x,,[]
powerball-2015-09-19,,,,2x,,[]
powerball-2015-09-23,,,,2x,,[]
powerball-2015-09-26,,,,3x,,[]
powerball-2015-09-30,,,,3x,,[]
powerball-2015-10-03,,,,2x,,[]
powerball-2015-10-07,,,,3x,,[]
powerball-2015-10-10,,,,2x,,[]
powerball-2015-10-14,,,,2x,,[]
powerball-2015-10-17,,,,3x,,[]
powerball-2015-10-21,,,,4x,,[]
powerball-2015-10-24,,,,3x,,[]
powerball-2015-10-28,,,,2x,,[]
powerball-2015-10-31,,,,2x,,[]
powerball-2015-11-04,,,,4x,,[]
powerball-2015-11-07,,,,2x,,[]
powerball-2015-11-11,,,,3x,,[]
powerball-2015-11-14,,,,3x,,[]
powerball-2015-11-18,,,,2x,,[]
powerball-2015-11-21,,,,3x,,[]
powerball-2015-11-25,,,,2x,,[]
powerball-2015-11-28,,,,3x,,[]
powerball-2015-12-02,,,,2x,,[]
powerball-2015-12-05,,,,2x,,[]
powerball-2015-12-09,,,,2x,,[]
powerball-2015-12-12,,,,2x,,[]
powerball-2015-12-16,,,,2x,,[]
powerball-2015-12-19,,,,2x,,[]
powerball-2015-12-23,,,,4x,,[]
powerball-2015-12-26,,,,2x,,[]
powerball-2015-12-30,,,,3x,,[]
powerball-2016-01-02,,,,2x,,[]
powerball-2016-01-06,,,,3x,,[]
powerball-2016-01-09,,,,3x,,[]
powerball-2016-01-13,,,,2x,,[]
powerball-2016-01-16,,,,2x,,[]
powerball-2016-01-20,,,,5x,,[]
powerball-2016-01-23,,,,4x,,[]
powerball-2016-01-27,,,,2x,,[]
powerball-2016-01-30,,,,4x,,[]
powerball-2016-02-03,,,,3x,,[]
powerball-2016-02-06,,,,3x,,[]
powerball-2016-02-10,,,,2x,,[]
powerball-2016-02-13,,,,2x,,[]
powerball-2016-02-17,,,,2x,,[]
powerball-2016-02-20,,,,5x,,[]
powerball-2016-02-24,,,,3x,,[]
powerball-2016-02-27,,,,3x,,[]
powerball-2016-03-02,,,,2x,,[]
powerball-2016-03-05,,,,2x,,[]
powerball-2016-03-09,,,,3x,,[]
powerball-2016-03-12,,,,2x,,[]
powerball-2016-03-16,,,,3x,,[]
powerball-2016-03-19,,,,3x,,[]
powerball-2016-03-23,,,,3x,,[]
powerball-2016-03-26,,,,3x,,[]
powerball-2016-03-30,,,,2x,,[]
powerball-2016-04-02,,,,2x,,[]
powerball-2016-04-06,,,,2x,,[]
powerball-2016-04-09,,,,3x,,[]
powerball-2016-04-13,,,,3x,,[]
powerball-2016-04-16,,,,2x,,[]
powerball-2016-04-20,,,,3x,,[]
powerball-2016-04-23,,,,5x,,[]
powerball-2016-04-27,,,,2x,,[]
powerball-2016-04-30,,,,3x,,[]
powerball-2016-05-04,,,,3x,,[]
powerball-2016-05-07,,,,2x,,[]
powerball-2016-05-11,,,,3x,,[]
powerball-2016-05-14,,,,3x,,[]
powerball-2016-05-18,,,,3x,,[]
powerball-2016-05-21,,,,4x,,[]
powerball-2016-05-25,,,,3x,,[]
powerball-2016-05-28,,,,2x,,[]
powerball-2016-06-01,,,,5x,,[]
powerball-2016-06-04,,,,2x,,[]
powerball-2016-06-08,,,,3x,,[]
powerball-2016-06-11,,,,2x,,[]
powerball-2016-06-15,,,,2x,,[]
powerball-2016-06-18,,,,2x,,[]
powerball-2016-06-22,,,,3x,,[]
powerball-2016-06-25,,,,2x,,[]
powerball-2016-06-29,,,,2x,,[]
powerball-2016-07-02,,,,2x,,[]
powerball-2016-07-06,,,,3x,,[]
powerball-2016-07-09,,,,3x,,[]
powerball-2016-07-13,,,,3x,,[]
powerball-2016-07-16,,,,2x,,[]
powerball-2016-07-20,,,,2x,,[]
powerball-2016-07-23,,,,2x,,[]
powerball-2016-07-27,,,,2x,,[]
powerball-2016-07-30,,,,2x,,[]
powerball-2016-08-03,,,,3x,,[]
powerball-2016-08-06,,,,3x,,[]
powerball-2016-08-10,,,,5x,,[]
powerball-2016-08-13,,,,2x,,[]
powerball-2016-08-17,,,,3x,,[]
powerball-2016-08-20,,,,2x,,[]
powerball-2016-08-24,,,,3x,,[]
powerball-2016-08-27,,,,2x,,[]
powerball-2016-08-31,,,,2x,,[]
powerball-2016-09-03,,,,3x,,[]
powerball-2016-09-07,,,,2x,,[]
powerball-2016-09-10,,,,2x,,[]
powerball-2016-09-14,,,,2x,,[]
powerball-2016-09-17,,,,4x,,[]
powerball-2016-09-21,,,,4x,,[]
powerball-2016-09-24,,,,2x,,[]
powerball-2016-09-28,,,,3x,,[]
powerball-2016-10-01,,,,2x,,[]
powerball-2016-10-05,,,,2x,,[]
powerball-2016-10-08,,,,2x,,[]
powerball-2016-10-12,,,,2x,,[]
powerball-2016-10-15,,,,2x,,[]
powerball-2016-10-19,,,,2x,,[]
powerball-2016-10-22,,,,2x,,[]
powerball-2016-10-26,,,,2x,,[]
powerball-2016-10-29,,,,3x,,[]
powerball-2016-11-02,,,,2x,,[]
powerball-2016-11-05,,,,3x,,[]
powerball-2016-11-09,,,,2x,,[]
powerball-2016-11-12,,,,2x,,[]
powerball-2016-11-16,,,,2x,,[]
powerball-2016-11-19,,,,2x,,[]
powerball-2016-11-23,,,,2x,,[]
powerball-2016-11-26,,,,2x,,[]
powerball-2016-11-30,,,,2x,,[]
powerball-2016-12-03,,,,2x,,[]
powerball-2016-12-07,,,,2x,,[]
powerball-2016-12-10,,,,2x,,[]
powerball-2016-12-14,,,,3x,,[]
powerball-2016-12-17,,,,2x,,[]
powerball-2016-12-21,,,,5x,,[]
powerball-2016-12-24,,,,2x,,[]
powerball-2016-12-28,,,,2x,,[]
powerball-2016-12-31,,,,2x,,[]
powerball-2017-01-04,,,,3x,,[]
powerball-2017-01-07,,,,2x,,[]
powerball-2017-01-11,,,,2x,,[]
powerball-2017-01-14,,,,5x,,[]
powerball-2017-01-18,,,,2x,,[]
powerball-2017-01-21,,,,2x,,[]
powerball-2017-01-25,,,,2x,,[]
powerball-2017-01-28,,,,2x,,[]
powerball-2017-02-01,,,,2x,,[]
powerball-2017-02-04,,,,3x,,[]
powerball-2017-02-08,,,,2x,,[]
powerball-2017-02-11,,,,2x,,[]
powerball-2017-02-15,,,,2x,,[]
powerball-2017-02-18,,,,3x,,[]
powerball-2017-02-22,,,,2x,,[]
powerball-2017-02-25,,,,2x,,[]
powerball-2017-03-01,,,,10x,,[]
powerball-2017-03-04,,,,3x,,[]
powerball-2017-03-08,,,,2x,,[]
powerball-2017-03-11,,,,2x,,[]
powerball-2017-03-15,,,,3x,,[]
powerball-2017-03-18,,,,3x,,[]
powerball-2017-03-22,,,,2x,,[]
powerball-2017-03-25,,,,4x,,[]
powerball-2017-03-29,,,,3x,,[]
powerball-2017-04-01,,,,3x,,[]
powerball-2017-04-05,,,,2x,,[]
powerball-2017-04-08,,,,2x,,[]
powerball-2017-04-12,,,,2x,,[]
powerball-2017-04-15,,,,3x,,[]
powerball-2017-04-19,,,,3x,,[]
powerball-2017-04-22,,,,3x,,[]
powerball-2017-04-26,,,,4x,,[]
powerball-2017-04-29,,,,2x,,[]
powerball-2017-05-03,,,,2x,,[]
powerball-2017-05-06,,,,3x,,[]
powerball-2017-05-10,,,,2x,,[]
powerball-2017-05-13,,,,5x,,[]
powerball-2017-05-17,,,,3x,,[]
powerball-2017-05-20,,,,2x,,[]
powerball-2017-05-24,,,,2x,,[]
powerball-2017-05-27,,,,3x,,[]
powerball-2017-05-31,,,,2x,,[]
powerball-2017-06-03,,,,4x,,[]
powerball-2017-06-07,,,,3x,,[]
powerball-2017-06-10,,,,2x,,[]
powerball-2017-06-14,,,,2x,,[]
powerball-2017-06-17,,,,2x,,[]
powerball-2017-06-21,,,,2x,,[]
powerball-2017-06-24,,,,4x,,[]
powerball-2017-06-28,,,,2x,,[]
powerball-2017-07-01,,,,3x,,[]
powerball-2017-07-05,,,,2x,,[]
powerball-2017-07-08,,,,2x,,[]
powerball-2017-07-12,,,,2x,,[]
powerball-2017-07-15,,,,2x,,[]
powerball-2017-07-19,,,,5x,,[]
powerball-2017-07-22,,,,3x,,[]
powerball-2017-07-26,,,,2x,,[]
powerball-2017-07-29,,,,2x,,[]
powerball-2017-08-02,,,,3x,,[]
powerball-2017-08-05,,,,2x,,[]
powerball-2017-08-09,,,,4x,,[]
powerball-2017-08-12,,,,2x,,[]
powerball-2017-08-16,,,,3x,,[]
powerball-2017-08-19,,,,4x,,[]
powerball-2017-08-23,,,,4x,,[]
powerball-2017-08-26,,,,2x,,[]
powerball-2017-08-30,,,,2x,,[]
powerball-2017-09-02,,,,2x,,[]
powerball-2017-09-06,,,,3x,,[]
powerball-2017-09-09,,,,2x,,[]
powerball-2017-09-13,,,,3x,,[]
powerball-2017-09-16,,,,2x,,[]
powerball-2017-09-20,,,,3x,,[]
powerball-2017-09-23,,,,2x,,[]
powerball-2017-09-27,,,,3x,,[]
powerball-2017-09-30,,,,3x,,[]
powerball-2017-10-04,,,,2x,,[]
powerball-2017-10-07,,,,2x,,[]
powerball-2017-10-11,,,,2x,,[]
powerball-2017-10-14,,,,3x,,[]
powerball-2017-10-18,,,,2x,,[]
powerball-2017-10-21,,,,2x,,[]
powerball-2017-10-25,,,,3x,,[]
powerball-2017-10-28,,,,2x,,[]
powerball-2017-11-01,,,,2x,,[]
powerball-2017-11-04,,,,3x,,[]
powerball-2017-11-08,,,,2x,,[]
powerball-2017-11-11,,,,2x,,[]
powerball-2017-11-15,,,,2x,,[]
powerball-2017-11-18,,,,3x,,[]
powerball-2017-11-22,,,,2x,,[]
powerball-2017-11-25,,,,2x,,[]
powerball-2017-11-29,,,,3x,,[]
powerball-2017-12-02,,,,3x,,[]
powerball-2017-12-06,,,,2x,,[]
powerball-2017-12-09,,,,5x,,[]
powerball-2017-12-13,,,,3x,,[]
powerball-2017-12-16,,,,2x,,[]
powerball-2017-12-20,,,,2x,,[]
powerball-2017-12-23,,,,2x,,[]
powerball-2017-12-27,,,,3x,,[]
powerball-2017-12-30,,,,2x,,[]
powerball-2018-01-03,,,,3x,,[]
powerball-2018-01-06,,,,3x,,[]
powerball-2018-01-10,,,,5x,,[]
powerball-2018-01-13,,,,2x,,[]
powerball-2018-01-17,,,,2x,,[]
powerball-2018-01-20,,,,4x,,[]
powerball-2018-01-24,,,,3x,,[]
powerball-2018-01-27,,,,2x,,[]
powerball-2018-01-31,,,,10x,,[]
powerball-2018-02-03,,,,2x,,[]
powerball-2018-02-07,,,,2x,,[]
powerball-2018-02-10,,,,5x,,[]
powerball-2018-02-14,,,,2x,,[]
powerball-2018-02-17,,,,3x,,[]
powerball-2018-02-21,,,,3x,,[]
powerball-2018-02-24,,,,2x,,[]
powerball-2018-02-28,,,,5x,,[]
powerball-2018-03-03,,,,2x,,[]
powerball-2018-03-07,,,,2x,,[]
powerball-2018-03-10,,,,3x,,[]
powerball-2018-03-14,,,,3x,,[]
powerball-2018-03-17,,,,2x,,[]
powerball-2018-03-21,,,,2x,,[]
powerball-2018-03-24,,,,3x,,[]
powerball-2018-03-28,,,,2x,,[]
powerball-2018-03-31,,,,3x,,[]
powerball-2018-04-04,,,,4x,,[]
powerball-2018-04-07,,,,2x,,[]
powerball-2018-04-11,,,,3x,,[]
powerball-2018-04-14,,,,2x,,[]
powerball-2018-04-18,,,,2x,,[]
powerball-2018-04-21,,,,2x,,[]
powerball-2018-04-25,,,,3x,,[]
powerball-2018-04-28,,,,5x,,[]
powerball-2018-05-02,,,,2x,,[]
powerball-2018-05-05,,,,4x,,[]
powerball-2018-05-09,,,,2x,,[]
powerball-2018-05-12,,,,3x,,[]
powerball-2018-05-16,,,,2x,,[]
powerball-2018-05-19,,,,3x,,[]
powerball-2018-05-23,,,,4x,,[]
powerball-2018-05-26,,,,2x,,[]
powerball-2018-05-30,,,,2x,,[]
powerball-2018-06-02,,,,4x,,[]
powerball-2018-06-06,,,,3x,,[]
powerball-2018-06-09,,,,3x,,[]
powerball-2018-06-13,,,,2x,,[]
powerball-2018-06-16,,,,2x,,[]
powerball-2018-06-20,,,,2x,,[]
powerball-2018-06-23,,,,2x,,[]
powerball-2018-06-27,,,,2x,,[]
powerball-2018-06-30,,,,2x,,[]
powerball-2018-07-04,,,,2x,,[]
powerball-2018-07-07,,,,3x,,[]
powerball-2018-07-11,,,,4x,,[]
powerball-2018-07-14,,,,3x,,[]
powerball-2018-07-18,,,,2x,,[]
powerball-2018-07-21,,,,2x,,[]
powerball-2018-07-25,,,,2x,,[]
powerball-2018-07-28,,,,2x,,[]
powerball-2018-08-01,,,,2x,,[]
powerball-2018-08-04,,,,4x,,[]
powerball-2018-08-08,,,,2x,,[]
powerball-2018-08-11,,,,2x,,[]
powerball-2018-08-15,,,,2x,,[]
powerball-2018-08-18,,,,3x,,[]
powerball-2018-08-22,,,,2x,,[]
powerball-2018-08-25,,,,2x,,[]
powerball-2018-08-29,,,,2x,,[]
powerball-2018-09-01,,,,3x,,[]
powerball-2018-09-05,,,,2x,,[]
powerball-2018-09-08,,,,3x,,[]
powerball-2018-09-12,,,,2x,,[]
powerball-2018-09-15,,,,3x,,[]
powerball-2018-09-19,,,,3x,,[]
powerball-2018-09-22,,,,5x,,[]
powerball-2018-09-26,,,,5x,,[]
powerball-2018-09-29,,,,2x,,[]
powerball-2018-10-03,,,,3x,,[]
powerball-2018-10-06,,,,3x,,[]
powerball-2018-10-10,,,,3x,,[]
powerball-2018-10-13,,,,3x,,[]
powerball-2018-10-17,,,,3x,,[]
powerball-2018-10-20,,,,2x,,[]
powerball-2018-10-24,,,,2x,,[]
powerball-2018-10-27,,,,3x,,[]
powerball-2018-10-31,,,,3x,,[]
powerball-2018-11-03,,,,3x,,[]
powerball-2018-11-07,,,,2x,,[]
powerball-2018-11-10,,,,2x,,[]
powerball-2018-11-14,,,,5x,,[]
powerball-2018-11-17,,,,2x,,[]
powerball-2018-11-21,,,,2x,,[]
powerball-2018-11-24,,,,2x,,[]
powerball-2018-11-28,,,,2x,,[]
powerball-2018-12-01,,,,2x,,[]
powerball-2018-12-05,,,,5x,,[]
powerball-2018-12-08,,,,2x,,[]
powerball-2018-12-12,,,,2x,,[]
powerball-2018-12-15,,,,3x,,[]
powerball-2018-12-19,,,,2x,,[]
powerball-2018-12-22,,,,3x,,[]
powerball-2018-12-26,,,,2x,,[]
powerball-2018-12-29,,,,2x,,[]
powerball-2019-01-02,,,,2x,,[]
powerball-2019-01-05,,,,2x,,[]
powerball-2019-01-09,,,,3x,,[]
powerball-2019-01-12,,,,2x,,[]
powerball-2019-01-16,,,,2x,,[]
powerball-2019-01-19,,,,3x,,[]
powerball-2019-01-23,,,,3x,,[]
powerball-2019-01-26,,,,4x,,[]
powerball-2019-01-30,,,,2x,,[]
powerball-2019-02-02,,,,5x,,[]
powerball-2019-02-06,,,,5x,,[]
powerball-2019-02-09,,,,3x,,[]
powerball-2019-02-13,,,,2x,,[]
powerball-2019-02-16,,,,4x,,[]
powerball-2019-02-20,,,,2x,,[]
powerball-2019-02-23,,,,2x,,[]
powerball-2019-02-27,,,,5x,,[]
powerball-2019-03-02,,,,2x,,[]
powerball-2019-03-06,,,,2x,,[]
powerball-2019-03-09,,,,3x,,[]
powerball-2019-03-13,,,,3x,,[]
powerball-2019-03-16,,,,2x,,[]
powerball-2019-03-20,,,,2x,,[]
powerball-2019-03-23,,,,3x,,[]
powerball-2019-03-27,,,,3x,,[]
powerball-2019-03-30,,,,3x,,[]
powerball-2019-04-03,,,,2x,,[]
powerball-2019-04-06,,,,3x,,[]
powerball-2019-04-10,,,,4x,,[]
powerball-2019-04-13,,,,2x,,[]
powerball-2019-04-17,,,,3x,,[]
powerball-2019-04-20,,,,3x,,[]
powerball-2019-04-24,,,,5x,,[]
powerball-2019-04-27,,,,3x,,[]
powerball-2019-05-01,,,,5x,,[]
powerball-2019-05-04,,,,2x,,[]
powerball-2019-05-08,,,,3x,,[]
powerball-2019-05-11,,,,2x,,[]
powerball-2019-05-15,,,,2x,,[]
powerball-2019-05-18,,,,4x,,[]
powerball-2019-05-22,,,,2x,,[]
powerball-2019-05-25,,,,3x,,[]
powerball-2019-05-29,,,,2x,,[]
powerball-2019-06-01,,,,2x,,[]
powerball-2019-06-05,,,,3x,,[]
powerball-2019-06-08,,,,2x,,[]
powerball-2019-06-12,,,,2x,,[]
powerball-2019-06-15,,,,3x,,[]
powerball-2019-06-19,,,,3x,,[]
powerball-2019-06-22,,,,2x,,[]
powerball-2019-06-26,,,,3x,,[]
powerball-2019-06-29,,,,2x,,[]
powerball-2019-07-03,,,,3x,,[]
powerball-2019-07-06,,,,2x,,[]
powerball-2019-07-10,,,,3x,,[]
powerball-2019-07-13,,,,3x,,[]
powerball-2019-07-17,,,,2x,,[]
powerball-2019-07-20,,,,3x,,[]
powerball-2019-07-24,,,,2x,,[]
powerball-2019-07-27,,,,2x,,[]
powerball-2019-07-31,,,,2x,,[]
powerball-2019-08-03,,,,2x,,[]
powerball-2019-08-07,,,,3x,,[]
powerball-2019-08-10,,,,3x,,[]
powerball-2019-08-14,,,,2x,,[]
powerball-2019-08-17,,,,3x,,[]
powerball-2019-08-21,,,,2x,,[]
powerball-2019-08-24,,,,2x,,[]
powerball-2019-08-28,,,,10x,,[]
powerball-2019-08-31,,,,5x,,[]
powerball-2019-09-04,,,,10x,,[]
powerball-2019-09-07,,,,2x,,[]
powerball-2019-09-11,,,,3x,,[]
powerball-2019-09-14,,,,2x,,[]
powerball-2019-09-18,,,,3x,,[]
powerball-2019-09-21,,,,2x,,[]
powerball-2019-09-25,,,,3x,,[]
powerball-2019-09-28,,,,2x,,[]
powerball-2019-10-02,,,,2x,,[]
powerball-2019-10-05,,,,2x,,[]
powerball-2019-10-09,,,,2x,,[]
powerball-2019-10-12,,,,2x,,[]
powerball-2019-10-16,,,,2x,,[]
powerball-2019-10-19,,,,2x,,[]
powerball-2019-10-23,,,,2x,,[]
powerball-2019-10-26,,,,4x,,[]
powerball-2019-10-30,,,,2x,,[]
powerball-2019-11-02,,,,2x,,[]
powerball-2019-11-06,,,,3x,,[]
powerball-2019-11-09,,,,2x,,[]
powerball-2019-11-13,,,,2x,,[]
powerball-2019-11-16,,,,3x,,[]
powerball-2019-11-20,,,,2x,,[]
powerball-2019-11-23,,,,3x,,[]
powerball-2019-11-27,,,,2x,,[]
powerball-2019-11-30,,,,4x,,[]
powerball-2019-12-04,,,,3x,,[]
powerball-2019-12-07,,,,3x,,[]
powerball-2019-12-11,,,,4x,,[]
powerball-2019-12-14,,,,3x,,[]
powerball-2019-12-18,,,,2x,,[]
powerball-2019-12-21,,,,2x,,[]
powerball-2019-12-25,,,,2x,,[]
powerball-2019-12-28,,,,2x,,[]
powerball-2020-01-01,,,,2x,,[]
powerball-2020-01-04,,,,2x,,[]
powerball-2020-01-08,,,,4x,,[]
powerball-2020-01-11,,,,2x,,[]
powerball-2020-01-15,,,,2x,,[]
powerball-2020-01-18,,,,2x,,[]
powerball-2020-01-22,,,,3x,,[]
powerball-2020-01-25,,,,2x,,[]
powerball-2020-01-29,,,,2x,,[]
powerball-2020-02-01,,,,4x,,[]
powerball-2020-02-05,,,,3x,,[]
powerball-2020-02-08,,,,2x,,[]
powerball-2020-02-12,,,,2x,,[]
powerball-2020-02-15,,,,3x,,[]
powerball-2020-02-19,,,,2x,,[]
powerball-2020-02-22,,,,3x,,[]
powerball-2020-02-26,,,,3x,,[]
powerball-2020-02-29,,,,3x,,[]
powerball-2020-03-04,,,,2x,,[]
powerball-2020-03-07,,,,2x,,[]
powerball-2020-03-11,,,,4x,,[]
powerball-2020-03-14,,,,3x,,[]
powerball-2020-03-18,,,,4x,,[]
powerball-2020-03-21,,,,2x,,[]
powerball-2020-03-25,,,,2x,,[]
powerball-2020-03-28,,,,2x,,[]
powerball-2020-04-01,,,,2x,,[]
powerball-2020-04-04,,,,3x,,[]
powerball-2020-04-08,,,,3x,,[]
powerball-2020-04-11,,,,3x,,[]
powerball-2020-04-15,,,,3x,,[]
powerball-2020-04-18,,,,2x,,[]
powerball-2020-04-22,,,,5x,,[]
powerball-2020-04-25,,,,2x,,[]
powerball-2020-04-29,,,,2x,,[]
powerball-2020-05-02,,,,5x,,[]
powerball-2020-05-06,,,,4x,,[]
powerball-2020-05-09,,,,5x,,[]
powerball-2020-05-13,,,,3x,,[]
powerball-2020-05-16,,,,2x,,[]
powerball-2020-05-20,,,,2x,,[]
powerball-2020-05-23,,,,4x,,[]
powerball-2020-05-27,,,,3x,,[]
powerball-2020-05-30,,,,2x,,[]
powerball-2020-06-03,,,,2x,,[]
powerball-2020-06-06,,,,2x,,[]
powerball-2020-06-10,,,,5x,,[]
powerball-2020-06-13,,,,3x,,[]
powerball-2020-06-17,,,,3x,,[]
powerball-2020-06-20,,,,3x,,[]
powerball-2020-06-24,,,,3x,,[]
powerball-2020-06-27,,,,2x,,[]
powerball-2020-07-01,,,,4x,,[]
powerball-2020-07-04,,,,2x,,[]
powerball-2020-07-08,,,,10x,,[]
powerball-2020-07-11,,,,2x,,[]
powerball-2020-07-15,,,,10x,,[]
powerball-2020-07-18,,,,2x,,[]
powerball-2020-07-22,,,,3x,,[]
powerball-2020-07-25,,,,2x,,[]
powerball-2020-07-29,,,,2x,,[]
powerball-2020-08-01,,,,3x,,[]
powerball-2020-08-05,,,,5x,,[]
powerball-2020-08-08,,,,3x,,[]
powerball-2020-08-12,,,,2x,,[]
powerball-2020-08-15,,,,3x,,[]
powerball-2020-08-19,,,,10x,,[]
powerball-2020-08-22,,,,3x,,[]
powerball-2020-08-26,,,,2x,,[]
powerball-2020-08-29,,,,2x,,[]
powerball-2020-09-02,,,,2x,,[]
powerball-2020-09-05,,,,2x,,[]
powerball-2020-09-09,,,,3x,,[]
powerball-2020-09-12,,,,2x,,[]
powerball-2020-09-16,,,,2x,,[]
powerball-2020-09-19,,,,4x,,[]
powerball-2020-09-23,,,,2x,,[]
powerball-2020-09-26,,,,3x,,[]
powerball-2020-09-30,,,,2x,,[]
powerball-2020-10-03,,,,2x,,[]
powerball-2020-10-07,,,,2x,,[]
powerball-2020-10-10,,,,3x,,[]
powerball-2020-10-14,,,,2x,,[]
powerball-2020-10-17,,,,2x,,[]
powerball-2020-10-21,,,,3x,,[]
powerball-2020-10-24,,,,2x,,[]
powerball-2020-10-28,,,,2x,,[]
powerball-2020-10-31,,,,3x,,[]
powerball-2020-11-04,,,,2x,,[]
powerball-2020-11-07,,,,2x,,[]
powerball-2020-11-11,,,,2x,,[]
powerball-2020-11-14,,,,2x,,[]
powerball-2020-11-18,,,,2x,,[]
powerball-2020-11-21,,,,2x,,[]
powerball-2020-11-25,,,,2x,,[]
powerball-2020-11-28,,,,2x,,[]
powerball-2020-12-02,,,,3x,,[]
powerball-2020-12-05,,,,2x,,[]
powerball-2020-12-09,,,,3x,,[]
powerball-2020-12-12,,,,2x,,[]
powerball-2020-12-16,,,,2x,,[]
powerball-2020-12-19,,,,2x,,[]
powerball-2020-12-23,,,,3x,,[]
powerball-2020-12-26,,,,2x,,[]
powerball-2020-12-30,,,,2x,,[]
powerball-2021-01-02,,,,2x,,[]
powerball-2021-01-06,,,,3x,,[]
powerball-2021-01-09,,,,2x,,[]
powerball-2021-01-13,,,,2x,,[]
powerball-2021-01-16,,,,3x,,[]
powerball-2021-01-20,,,,3x,,[]
powerball-2021-01-23,,,,3x,,[]
powerball-2021-01-27,,,,3x,,[]
powerball-2021-01-30,,,,3x,,[]
powerball-2021-02-03,,,,3x,,[]
powerball-2021-02-06,,,,2x,,[]
powerball-2021-02-10,,,,2x,,[]
powerball-2021-02-13,,,,2x,,[]
powerball-2021-02-17,,,,3x,,[]
powerball-2021-02-20,,,,10x,,[]
powerball-2021-02-24,,,,3x,,[]
powerball-2021-02-27,,,,3x,,[]
powerball-2021-03-03,,,,3x,,[]
powerball-2021-03-06,,,,4x,,[]
powerball-2021-03-10,,,,3x,,[]
powerball-2021-03-13,,,,2x,,[]
powerball-2021-03-17,,,,2x,,[]
powerball-2021-03-20,,,,3x,,[]
powerball-2021-03-24,,,,2x,,[]
powerball-2021-03-27,,,,3x,,[]
powerball-2021-03-31,,,,2x,,[]
powerball-2021-04-03,,,,2x,,[]
powerball-2021-04-07,,,,5x,,[]
powerball-2021-04-10,,,,3x,,[]
powerball-2021-04-14,,,,2x,,[]
powerball-2021-04-17,,,,2x,,[]
powerball-2021-04-21,,,,2x,,[]
powerball-2021-04-24,,,,3x,,[]
powerball-2021-04-28,,,,3x,,[]
powerball-2021-05-01,,,,3x,,[]
powerball-2021-05-05,,,,2x,,[]
powerball-2021-05-08,,,,3x,,[]
powerball-2021-05-12,,,,2x,,[]
powerball-2021-05-15,,,,3x,,[]
powerball-2021-05-19,,,,2x,,[]
powerball-2021-05-22,,,,2x,,[]
powerball-2021-05-26,,,,2x,,[]
powerball-2021-05-29,,,,2x,,[]
powerball-2021-06-02,,,,3x,,[]
powerball-2021-06-05,,,,3x,,[]
powerball-2021-06-09,,,,2x,,[]
powerball-2021-06-12,,,,3x,,[]
powerball-2021-06-16,,,,2x,,[]
powerball-2021-06-19,,,,2x,,[]
powerball-2021-06-23,,,,3x,,[]
powerball-2021-06-26,,,,3x,,[]
powerball-2021-06-30,,,,4x,,[]
powerball-2021-07-03,,,,2x,,[]
powerball-2021-07-07,,,,2x,,[]
powerball-2021-07-10,,,,2x,,[]
powerball-2021-07-14,,,,2x,,[]
powerball-2021-07-17,,,,2x,,[]
powerball-2021-07-21,,,,2x,,[]
powerball-2021-07-24,,,,2x,,[]
powerball-2021-07-28,,,,3x,,[]
powerball-2021-07-31,,,,2x,,[]
powerball-2021-08-04,,,,2x,,[]
powerball-2021-08-07,,,,2x,,[]
powerball-2021-08-11,,,,3x,,[]
powerball-2021-08-14,,,,2x,,[]
powerball-2021-08-18,,,,2x,,[]
powerball-2021-08-21,,,,2x,,[]
powerball-2021-08-23,,,,3x,,[]
powerball-2021-08-25,,,,3x,,[]
powerball-2021-08-28,,,,2x,,[]
powerball-2021-08-30,,,,2x,,[]
powerball-2021-09-01,,,,2x,,[]
powerball-2021-09-04,,,,5x,,[]
powerball-2021-09-06,,,,2x,,[]
powerball-2021-09-08,,,,2x,,[]
powerball-2021-09-11,,,,2x,,[]
powerball-2021-09-13,,,,3x,,[]
powerball-2021-09-15,,,,3x,,[]
powerball-2021-09-18,,,,2x,,[]
powerball-2021-09-20,,,,2x,,[]
powerball-2021-09-22,,,,3x,,[]
powerball-2021-09-25,,,,3x,,[]
powerball-2021-09-27,,,,2x,,[]
powerball-2021-09-29,,,,3x,,[]
powerball-2021-10-02,,,,2x,,[]
powerball-2021-10-04,,,,2x,,[]
powerball-2021-10-06,,,,10x,,[]
powerball-2021-10-09,,,,2x,,[]
powerball-2021-10-11,,,,3x,,[]
powerball-2021-10-13,,,,2x,,[]
powerball-2021-10-16,,,,3x,,[]
powerball-2021-10-18,,,,2x,,[]
powerball-2021-10-20,,,,2x,,[]
powerball-2021-10-23,,,,2x,,[]
powerball-2021-10-25,,,,2x,,[]
powerball-2021-10-27,,,,4x,,[]
powerball-2021-10-30,,,,2x,,[]
powerball-2021-11-01,,,,3x,,[]
powerball-2021-11-03,,,,2x,,[]
powerball-2021-11-06,,,,2x,,[]
powerball-2021-11-08,,,,3x,,[]
powerball-2021-11-10,,,,2x,,[]
powerball-2021-11-13,,,,3x,,[]
powerball-2021-11-15,,,,2x,,[]
powerball-2021-11-17,,,,3x,,[]
powerball-2021-11-20,,,,3x,,[]
powerball-2021-11-22,,,,2x,,[]
powerball-2021-11-24,,,,2x,,[]
powerball-2021-11-27,,,,2x,,[]
powerball-2021-11-29,,,,2x,,[]
powerball-2021-12-01,,,,2x,,[]
powerball-2021-12-04,,,,2x,,[]
powerball-2021-12-06,,,,3x,,[]
powerball-2021-12-08,,,,2x,,[]
powerball-2021-12-11,,,,2x,,[]
powerball-2021-12-13,,,,2x,,[]
powerball-2021-12-15,,,,3x,,[]
powerball-2021-12-18,,,,2x,,[]
powerball-2021-12-20,,,,4x,,[]
powerball-2021-12-22,,,,2x,,[]
powerball-2021-12-25,,,,3x,,[]
powerball-2021-12-27,,,,2x,,[]
powerball-2021-12-29,,,,2x,,[]
powerball-2022-01-01,,,,2x,,[]
powerball-2022-01-03,,,,2x,,[]
powerball-2022-01-05,,,,2x,,[]
powerball-2022-01-08,,,,10x,,[]
powerball-2022-01-10,,,,2x,,[]
powerball-2022-01-12,,,,4x,,[]
powerball-2022-01-15,,,,2x,,[]
powerball-2022-01-17,,,,2x,,[]
powerball-2022-01-19,,,,3x,,[]
powerball-2022-01-22,,,,2x,,[]
powerball-2022-01-24,,,,3x,,[]
powerball-2022-01-26,,,,3x,,[]
powerball-2022-01-29,,,,4x,,[]
powerball-2022-01-31,,,,3x,,[]
powerball-2022-02-02,,,,3x,,[]
powerball-2022-02-05,,,,2x,,[]
powerball-2022-02-07,,,,3x,,[]
powerball-2022-02-09,,,,2x,,[]
powerball-2022-02-12,,,,3x,,[]
powerball-2022-02-14,,,,3x,,[]
powerball-2022-02-16,,,,2x,,[]
powerball-2022-02-19,,,,2x,,[]
powerball-2022-02-21,,,,2x,,[]
powerball-2022-02-23,,,,2x,,[]
powerball-2022-02-26,,,,3x,,[]
powerball-2022-02-28,,,,2x,,[]
powerball-2022-03-02,,,,2x,,[]
powerball-2022-03-05,,,,2x,,[]
powerball-2022-03-07,,,,3x,,[]
powerball-2022-03-09,,,,2x,,[]
powerball-2022-03-12,,,,2x,,[]
powerball-2022-03-14,,,,3x,,[]
powerball-2022-03-16,,,,2x,,[]
powerball-2022-03-19,,,,2x,,[]
powerball-2022-03-21,,,,2x,,[]
powerball-2022-03-23,,,,2x,,[]
powerball-2022-03-26,,,,3x,,[]
powerball-2022-03-28,,,,2x,,[]
powerball-2022-03-30,,,,3x,,[]
powerball-2022-04-02,,,,2x,,[]
powerball-2022-04-04,,,,2x,,[]
powerball-2022-04-06,,,,3x,,[]
powerball-2022-04-09,,,,2x,,[]
powerball-2022-04-11,,,,2x,,[]
powerball-2022-04-13,,,,2x,,[]
powerball-2022-04-16,,,,5x,,[]
powerball-2022-04-18,,,,2x,,[]
powerball-2022-04-20,,,,2x,,[]
powerball-2022-04-23,,,,3x,,[]
powerball-2022-04-25,,,,2x,,[]
powerball-2022-04-27,,,,2x,,[]
powerball-2022-04-30,,,,3x,,[]
powerball-2022-05-02,,,,5x,,[]
powerball-2022-05-04,,,,2x,,[]
powerball-2022-05-07,,,,2x,,[]
powerball-2022-05-09,,,,2x,,[]
powerball-2022-05-11,,,,2x,,[]
powerball-2022-05-14,,,,3x,,[]
powerball-2022-05-16,,,,2x,,[]
powerball-2022-05-18,,,,3x,,[]
powerball-2022-05-21,,,,2x,,[]
powerball-2022-05-23,,,,2x,,[]
powerball-2022-05-25,,,,3x,,[]
powerball-2022-05-28,,,,2x,,[]
powerball-2022-05-30,,,,2x,,[]
powerball-2022-06-01,,,,2x,,[]
powerball-2022-06-04,,,,3x,,[]
powerball-2022-06-06,,,,2x,,[]
powerball-2022-06-08,,,,4x,,[]
powerball-2022-06-11,,,,2x,,[]
powerball-2022-06-13,,,,2x,,[]
powerball-2022-06-15,,,,2x,,[]
powerball-2022-06-18,,,,2x,,[]
powerball-2022-06-20,,,,2x,,[]
powerball-2022-06-22,,,,3x,,[]
powerball-2022-06-25,,,,3x,,[]
powerball-2022-06-27,,,,3x,,[]
powerball-2022-06-29,,,,3x,,[]
powerball-2022-07-02,,,,3x,,[]
powerball-2022-07-04,,,,2x,,[]
powerball-2022-07-06,,,,2x,,[]
powerball-2022-07-09,,,,3x,,[]
powerball-2022-07-11,,,,2x,,[]
powerball-2022-07-13,,,,2x,,[]
powerball-2022-07-16,,,,2x,,[]
powerball-2022-07-18,,,,3x,,[]
powerball-2022-07-20,,,,3x,,[]
powerball-2022-07-23,,,,3x,,[]
powerball-2022-07-25,,,,2x,,[]
powerball-2022-07-27,,,,2x,,[]
powerball-2022-07-30,,,,3x,,[]
powerball-2022-08-01,,,,3x,,[]
powerball-2022-08-03,,,,2x,,[]
powerball-2022-08-06,,,,2x,,[]
powerball-2022-08-08,,,,2x,,[]
powerball-2022-08-10,,,,2x,,[]
powerball-2022-08-13,,,,10x,,[]
powerball-2022-08-15,,,,2x,,[]
powerball-2022-08-17,,,,2x,,[]
powerball-2022-08-20,,,,2x,,[]
powerball-2022-08-22,,,,2x,,[]
powerball-2022-08-24,,,,4x,,[]
powerball-2022-08-27,,,,3x,,[]
powerball-2022-08-29,,,,3x,,[]
powerball-2022-08-31,,,,2x,,[]
powerball-2022-09-03,,,,2x,,[]
powerball-2022-09-05,,,,2x,,[]
powerball-2022-09-07,,,,3x,,[]
powerball-2022-09-10,,,,2x,,[]
powerball-2022-09-12,,,,3x,,[]
powerball-2022-09-14,,,,3x,,[]
powerball-2022-09-17,,,,3x,,[]
powerball-2022-09-19,,,,2x,,[]
powerball-2022-09-21,,,,2x,,[]
powerball-2022-09-24,,,,2x,,[]
powerball-2022-09-26,,,,3x,,[]
powerball-2022-09-28,,,,3x,,[]
powerball-2022-10-01,,,,2x,,[]
powerball-2022-10-03,,,,4x,,[]
powerball-2022-10-05,,,,2x,,[]
powerball-2022-10-08,,,,2x,,[]
powerball-2022-10-10,,,,2x,,[]
powerball-2022-10-12,,,,5x,,[]
powerball-2022-10-15,,,,5x,,[]
powerball-2022-10-17,,,,3x,,[]
powerball-2022-10-19,,,,3x,,[]
powerball-2022-10-22,,,,2x,,[]
powerball-2022-10-24,,,,4x,,[]
powerball-2022-10-26,,,,2x,,[]
powerball-2022-10-29,,,,3x,,[]
powerball-2022-10-31,,,,3x,,[]
powerball-2022-11-02,,,,2x,,[]
powerball-2022-11-05,,,,3x,,[]
powerball-2022-11-07,,,,2x,,[]
powerball-2022-11-09,,,,2x,,[]
powerball-2022-11-12,,,,4x,,[]
powerball-2022-11-14,,,,2x,,[]
powerball-2022-11-16,,,,2x,,[]
powerball-2022-11-19,,,,3x,,[]
powerball-2022-11-21,,,,2x,,[]
powerball-2022-11-23,,,,2x,,[]
powerball-2022-11-26,,,,10x,,[]
powerball-2022-11-28,,,,2x,,[]
powerball-2022-11-30,,,,2x,,[]
powerball-2022-12-03,,,,4x,,[]
powerball-2022-12-05,,,,2x,,[]
powerball-2022-12-07,,,,2x,,[]
powerball-2022-12-10,,,,2x,,[]
powerball-2022-12-12,,,,4x,,[]
powerball-2022-12-14,,,,10x,,[]
powerball-2022-12-17,,,,2x,,[]
powerball-2022-12-19,,,,5x,,[]
powerball-2022-12-21,,,,2x,,[]
powerball-2022-12-24,,,,3x,,[]
powerball-2022-12-26,,,,3x,,[]
powerball-2022-12-28,,,,2x,,[]
powerball-2022-12-31,,,,3x,,[]
powerball-2023-01-02,,,,2x,,[]
powerball-2023-01-04,,,,3x,,[]
powerball-2023-01-07,,,,3x,,[]
powerball-2023-01-09,,,,3x,,[]
powerball-2023-01-11,,,,3x,,[]
powerball-2023-01-14,,,,2x,,[]
powerball-2023-01-16,,,,3x,,[]
powerball-2023-01-18,,,,3x,,[]
powerball-2023-01-21,,,,4x,,[]
powerball-2023-01-23,,,,3x,,[]
powerball-2023-01-25,,,,2x,,[]
powerball-2023-01-28,,,,4x,,[]
powerball-2023-01-30,,,,2x,,[]
powerball-2023-02-01,,,,2x,,[]
powerball-2023-02-04,,,,2x,,[]
powerball-2023-02-06,,,,2x,,[]
powerball-2023-02-08,,,,2x,,[]
powerball-2023-02-11,,,,4x,,[]
powerball-2023-02-13,,,,2x,,[]
powerball-2023-02-15,,,,4x,,[]
powerball-2023-02-18,,,,4x,,[]
powerball-2023-02-20,,,,3x,,[]
powerball-2023-02-22,,,,2x,,[]
powerball-2023-02-25,,,,3x,,[]
powerball-2023-02-27,,,,2x,,[]
powerball-2023-03-01,,,,2x,,[]
powerball-2023-03-04,,,,3x,,[]
powerball-2023-03-06,,,,3x,,[]
powerball-2023-03-08,,,,3x,,[]
powerball-2023-03-11,,,,2x,,[]
powerball-2023-03-13,,,,2x,,[]
powerball-2023-03-15,,,,2x,,[]
powerball-2023-03-18,,,,2x,,[]
powerball-2023-03-20,,,,2x,,[]
powerball-2023-03-22,,,,2x,,[]
powerball-2023-03-25,,,,2x,,[]
powerball-2023-03-27,,,,3x,,[]
powerball-2023-03-29,,,,3x,,[]
powerball-2023-04-01,,,,4x,,[]
powerball-2023-04-03,,,,2x,,[]
powerball-2023-04-05,,,,2x,,[]
powerball-2023-04-08,,,,3x,,[]
powerball-2023-04-10,,,,2x,,[]
powerball-2023-04-12,,,,2x,,[]
powerball-2023-04-15,,,,3x,,[]
powerball-2023-04-17,,,,3x,,[]
powerball-2023-04-19,,,,3x,,[]
powerball-2023-04-22,,,,2x,,[]
powerball-2023-04-24,,,,2x,,[]
powerball-2023-04-26,,,,2x,,[]
powerball-2023-04-29,,,,2x,,[]
powerball-2023-05-01,,,,3x,,[]
powerball-2023-05-03,,,,3x,,[]
powerball-2023-05-06,,,,2x,,[]
powerball-2023-05-08,,,,2x,,[]
powerball-2023-05-10,,,,10x,,[]
powerball-2023-05-13,,,,2x,,[]
powerball-2023-05-15,,,,2x,,[]
powerball-2023-05-17,,,,2x,,[]
powerball-2023-05-20,,,,2x,,[]
powerball-2023-05-22,,,,4x,,[]
powerball-2023-05-24,,,,3x,,[]
powerball-2023-05-27,,,,2x,,[]
powerball-2023-05-29,,,,2x,,[]
powerball-2023-05-31,,,,3x,,[]
powerball-2023-06-03,,,,2x,,[]
powerball-2023-06-05,,,,2x,,[]
powerball-2023-06-07,,,,5x,,[]
powerball-2023-06-10,,,,3x,,[]
powerball-2023-06-12,,,,2x,,[]
powerball-2023-06-14,,,,2x,,[]
powerball-2023-06-17,,,,2x,,[]
powerball-2023-06-19,,,,3x,,[]
powerball-2023-06-21,,,,2x,,[]
powerball-2023-06-24,,,,3x,,[]
powerball-2023-06-26,,,,4x,,[]
powerball-2023-06-28,,,,5x,,[]
powerball-2023-07-01,,,,2x,,[]
powerball-2023-07-03,,,,3x,,[]
powerball-2023-07-05,,,,2x,,[]
powerball-2023-07-08,,,,2x,,[]
powerball-2023-07-10,,,,2x,,[]
powerball-2023-07-12,,,,3x,,[]
powerball-2023-07-15,,,,2x,,[]
powerball-2023-07-17,,,,4x,,[]
powerball-2023-07-19,,,,2x,,[]
powerball-2023-07-22,,,,2x,,[]
powerball-2023-07-24,,,,2x,,[]
powerball-2023-07-26,,,,2x,,[]
powerball-2023-07-29,,,,3x,,[]
powerball-2023-07-31,,,,2x,,[]
powerball-2023-08-02,,,,2x,,[]
powerball-2023-08-05,,,,2x,,[]
powerball-2023-08-07,,,,2x,,[]
powerball-2023-08-09,,,,2x,,[]
powerball-2023-08-12,,,,2x,,[]
powerball-2023-08-14,,,,2x,,[]
powerball-2023-08-16,,,,2x,,[]
powerball-2023-08-19,,,,2x,,[]
powerball-2023-08-21,,,,2x,,[]
powerball-2023-08-23,,,,2x,,[]
powerball-2023-08-26,,,,3x,,[]
powerball-2023-08-28,,,,2x,,[]
powerball-2023-08-30,,,,2x,,[]
powerball-2023-09-02,,,,4x,,[]
powerball-2023-09-04,,,,3x,,[]
powerball-2023-09-06,,,,3x,,[]
powerball-2023-09-09,,,,2x,,[]
powerball-2023-09-11,,,,2x,,[]
powerball-2023-09-13,,,,3x,,[]
powerball-2023-09-16,,,,2x,,[]
powerball-2023-09-18,,,,3x,,[]
powerball-2023-09-20,,,,3x,,[]
powerball-2023-09-23,,,,2x,,[]
powerball-2023-09-25,,,,2x,,[]
powerball-2023-09-27,,,,3x,,[]
powerball-2023-09-30,,,,2x,,[]
powerball-2023-10-02,,,,2x,,[]
powerball-2023-10-04,,,,2x,,[]
powerball-2023-10-07,,,,3x,,[]
powerball-2023-10-09,,,,3x,,[]
powerball-2023-10-11,,,,2x,,[]
powerball-2023-10-14,,,,2x,,[]
powerball-2023-10-16,,,,3x,,[]
powerball-2023-10-18,,,,2x,,[]
powerball-2023-10-21,,,,2x,,[]
powerball-2023-10-23,,,,5x,,[]
powerball-2023-10-25,,,,2x,,[]
powerball-2023-10-28,,,,2x,,[]
powerball-2023-10-30,,,,3x,,[]
powerball-2023-11-01,,,,3x,,[]
powerball-2023-11-04,,,,2x,,[]
powerball-2023-11-06,,,,2x,,[]
powerball-2023-11-08,,,,2x,,[]
powerball-2023-11-11,,,,4x,,[]
powerball-2023-11-13,,,,2x,,[]
powerball-2023-11-15,,,,3x,,[]
powerball-2023-11-18,,,,2x,,[]
powerball-2023-11-20,,,,2x,,[]
powerball-2023-11-22,,,,2x,,[]
powerball-2023-11-25,,,,2x,,[]
powerball-2023-11-27,,,,2x,,[]
powerball-2023-11-29,,,,2x,,[]
powerball-2023-12-02,,,,2x,,[]
powerball-2023-12-04,,,,3x,,[]
powerball-2023-12-06,,,,3x,,[]
powerball-2023-12-09,,,,2x,,[]
powerball-2023-12-11,,,,3x,,[]
powerball-2023-12-13,,,,2x,,[]
powerball-2023-12-16,,,,3x,,[]
powerball-2023-12-18,,,,3x,,[]
powerball-2023-12-20,,,,2x,,[]
powerball-2023-12-23,,,,3x,,[]
powerball-2023-12-25,,,,2x,,[]
powerball-2023-12-27,,,,3x,,[]
powerball-2023-12-30,,,,4x,,[]
powerball-2024-01-01,,,,3x,,[]
powerball-2024-01-03,,,,10x,,[]
powerball-2024-01-06,,,,2x,,[]
powerball-2024-01-08,,,,3x,,[]
powerball-2024-01-10,,,,2x,,[]
powerball-2024-01-13,,,,2x,,[]
powerball-2024-01-15,,,,3x,,[]
powerball-2024-01-17,,,,4x,,[]
powerball-2024-01-20,,,,3x,,[]
powerball-2024-01-22,,,,2x,,[]
powerball-2024-01-24,,,,4x,,[]
powerball-2024-01-27,,,,2x,,[]
powerball-2024-01-29,,,,2x,,[]
powerball-2024-01-31,,,,2x,,[]
powerball-2024-02-03,,,,3x,,[]
powerball-2024-02-05,,,,5x,,[]
powerball-2024-02-07,,,,3x,,[]
powerball-2024-02-10,,,,2x,,[]
powerball-2024-02-12,,,,2x,,[]
powerball-2024-02-14,,,,2x,,[]
powerball-2024-02-17,,,,3x,,[]
powerball-2024-02-19,,,,3x,,[]
powerball-2024-02-21,,,,2x,,[]
powerball-2024-02-24,,,,3x,,[]
powerball-2024-02-26,,,,3x,,[]
powerball-2024-02-28,,,,2x,,[]
powerball-2024-03-02,,,,2x,,[]
powerball-2024-03-04,,,,2x,,[]
powerball-2024-03-06,,,,2x,,[]
powerball-2024-03-09,,,,5x,,[]
powerball-2024-03-11,,,,5x,,[]
powerball-2024-03-13,,,,2x,,[]
powerball-2024-03-16,,,,2x,,[]
powerball-2024-03-18,,,,3x,,[]
powerball-2024-03-20,,,,2x,,[]
powerball-2024-03-23,,,,2x,,[]
powerball-2024-03-25,,,,2x,,[]
powerball-2024-03-27,,,,2x,,[]
powerball-2024-03-30,,,,3x,,[]
powerball-2024-04-01,,,,2x,,[]
powerball-2024-04-03,,,,3x,,[]
powerball-2024-04-06,,,,3x,,[]
powerball-2024-04-08,,,,2x,,[]
powerball-2024-04-10,,,,2x,,[]
powerball-2024-04-13,,,,5x,,[]
powerball-2024-04-15,,,,3x,,[]
powerball-2024-04-17,,,,2x,,[]
powerball-2024-04-20,,,,3x,,[]
powerball-2024-04-22,,,,2x,,[]
powerball-2024-04-24,,,,4x,,[]
powerball-2024-04-27,,,,3x,,[]
powerball-2024-04-29,,,,2x,,[]
powerball-2024-05-01,,,,2x,,[]
powerball-2024-05-04,,,,2x,,[]
powerball-2024-05-06,,,,2x,,[]
powerball-2024-05-08,,,,2x,,[]
powerball-2024-05-11,,,,2x,,[]
powerball-2024-05-13,,,,2x,,[]
powerball-2024-05-15,,,,2x,,[]
powerball-2024-05-18,,,,2x,,[]
powerball-2024-05-20,,,,2x,,[]
powerball-2024-05-22,,,,3x,,[]
powerball-2024-05-25,,,,3x,,[]
powerball-2024-05-27,,,,5x,,[]
powerball-2024-05-29,,,,2x,,[]
powerball-2024-06-01,,,,2x,,[]
powerball-2024-06-03,,,,2x,,[]
powerball-2024-06-05,,,,3x,,[]
powerball-2024-06-08,,,,3x,,[]
powerball-2024-06-10,,,,2x,,[]
powerball-2024-06-12,,,,2x,,[]
powerball-2024-06-15,,,,3x,,[]
powerball-2024-06-17,,,,2x,,[]
powerball-2024-06-19,,,,3x,,[]
powerball-2024-06-22,,,,2x,,[]
powerball-2024-06-24,,,,2x,,[]
powerball-2024-06-26,,,,5x,,[]
powerball-2024-06-29,,,,3x,,[]
powerball-2024-07-01,,,,2x,,[]
powerball-2024-07-03,,,,2x,,[]
powerball-2024-07-06,,,,2x,,[]
powerball-2024-07-08,,,,3x,,[]
powerball-2024-07-10,,,,3x,,[]
powerball-2024-07-13,,,,2x,,[]
powerball-2024-07-15,,,,3x,,[]
powerball-2024-07-17,,,,2x,,[]
powerball-2024-07-20,,,,3x,,[]
powerball-2024-07-22,,,,2x,,[]
powerball-2024-07-24,,,,2x,,[]
powerball-2024-07-27,,,,3x,,[]
powerball-2024-07-29,,,,3x,,[]
powerball-2024-07-31,,,,2x,,[]
powerball-2024-08-03,,,,3x,,[]
powerball-2024-08-05,,,,2x,,[]
powerball-2024-08-07,,,,3x,,[]
powerball-2024-08-10,,,,2x,,[]
powerball-2024-08-12,,,,3x,,[]
powerball-2024-08-14,,,,2x,,[]
powerball-2024-08-17,,,,5x,,[]
powerball-2024-08-19,,,,2x,,[]
powerball-2024-08-21,,,,2x,,[]
powerball-2024-08-24,,,,3x,,[]
powerball-2024-08-26,,,,3x,,[]
powerball-2024-08-28,,,,2x,,[]
powerball-2024-08-31,,,,2x,,[]
powerball-2024-09-02,,,,3x,,[]
powerball-2024-09-04,,,,3x,,[]
powerball-2024-09-07,,,,2x,,[]
powerball-2024-09-09,,,,3x,,[]
powerball-2024-09-11,,,,3x,,[]
powerball-2024-09-14,,,,2x,,[]
powerball-2024-09-16,,,,5x,,[]
powerball-2024-09-18,,,,4x,,[]
powerball-2024-09-21,,,,2x,,[]
powerball-2024-09-23,,,,3x,,[]
powerball-2024-09-25,,,,2x,,[]
powerball-2024-09-28,,,,3x,,[]
powerball-2024-09-30,,,,2x,,[]
powerball-2024-10-02,,,,3x,,[]
powerball-2024-10-05,,,,2x,,[]
powerball-2024-10-07,,,,2x,,[]
powerball-2024-10-09,,,,3x,,[]
powerball-2024-10-12,,,,3x,,[]
powerball-2024-10-14,,,,2x,,[]
powerball-2024-10-16,,,,2x,,[]
powerball-2024-10-19,,,,3x,,[]
powerball-2024-10-21,,,,2x,,[]
powerball-2024-10-23,,,,2x,,[]
powerball-2024-10-26,,,,2x,,[]
powerball-2024-10-28,,,,2x,,[]
powerball-2024-10-30,,,,3x,,[]
powerball-2024-11-02,,,,3x,,[]
powerball-2024-11-04,,,,10x,,[]
powerball-2024-11-06,,,,2x,,[]
powerball-2024-11-09,,,,2x,,[]
powerball-2024-11-11,,,,3x,,[]
powerball-2024-11-13,,,,2x,,[]
powerball-2024-11-16,,,,5x,,[]
powerball-2024-11-18,,,,3x,,[]
powerball-2024-11-20,,,,3x,,[]
powerball-2024-11-23,,,,3x,,[]
powerball-2024-11-25,,,,2x,,[]
powerball-2024-11-27,,,,5x,,[]
powerball-2024-11-30,,,,4x,,[]
powerball-2024-12-02,,,,2x,,[]
powerball-2024-12-04,,,,2x,,[]
powerball-2024-12-07,,,,2x,,[]
powerball-2024-12-09,,,,2x,,[]
powerball-2024-12-11,,,,2x,,[]
powerball-2024-12-14,,,,2x,,[]
powerball-2024-12-16,,,,2x,,[]
powerball-2024-12-18,,,,2x,,[]
powerball-2024-12-21,,,,3x,,[]
powerball-2024-12-23,,,,2x,,[]
powerball-2024-12-25,,,,3x,,[]
powerball-2024-12-28,,,,2x,,[]
powerball-2024-12-30,,,,3x,,[]
powerball-2025-01-01,,,,3x,,[]
powerball-2025-01-04,,,,2x,,[]
powerball-2025-01-06,,,,2x,,[]
powerball-2025-01-08,,,,2x,,[]
powerball-2025-01-11,,,,3x,,[]
powerball-2025-01-13,,,,2x,,[]
powerball-2025-01-15,,,,3x,,[]
powerball-2025-01-18,,,,2x,,[]
powerball-2025-01-20,,,,3x,,[]
powerball-2025-01-22,,,,2x,,[]
powerball-2025-01-25,,,,3x,,[]
powerball-2025-01-27,,,,2x,,[]
powerball-2025-01-29,,,,3x,,[]
powerball-2025-02-01,,,,2x,,[]
powerball-2025-02-03,,,,3x,,[]
powerball-2025-02-05,,,,3x,,[]
powerball-2025-02-08,,,,2x,,[]
powerball-2025-02-10,,,,3x,,[]
powerball-2025-02-12,,,,2x,,[]
powerball-2025-02-15,,,,2x,,[]
powerball-2025-02-17,,,,4x,,[]
powerball-2025-02-19,,,,2x,,[]
powerball-2025-02-22,,,,2x,,[]
powerball-2025-02-24,,,,3x,,[]
powerball-2025-02-26,,,,2x,,[]
powerball-2025-03-01,,,,3x,,[]
powerball-2025-03-03,,,,2x,,[]
powerball-2025-03-05,,,,3x,,[]
powerball-2025-03-08,,,,3x,,[]
powerball-2025-03-10,,,,2x,,[]
powerball-2025-03-12,,,,2x,,[]
powerball-2025-03-15,,,,3x,,[]
powerball-2025-03-17,,,,2x,,[]
powerball-2025-03-19,,,,2x,,[]
powerball-2025-03-22,,,,3x,,[]
powerball-2025-03-24,,,,2x,,[]
powerball-2025-03-26,,,,3x,,[]
powerball-2025-03-29,,,,3x,,[]
powerball-2025-03-31,,,,2x,,[]
powerball-2025-04-02,,,,2x,,[]
powerball-2025-04-05,,,,4x,,[]
powerball-2025-04-07,,,,2x,,[]
powerball-2025-04-09,,,,4x,,[]
powerball-2025-04-12,,,,2x,,[]
powerball-2025-04-14,,,,3x,,[]
powerball-2025-04-16,,,,3x,,[]
powerball-2025-04-19,,,,3x,,[]
powerball-2025-04-21,,,,3x,,[]
powerball-2025-04-23,,,,2x,,[]
powerball-2025-04-26,,,,3x,,[]
powerball-2025-04-28,,,,4x,,[]
powerball-2025-04-30,,,,2x,,[]
powerball-2025-05-03,,,,2x,,[]
powerball-2025-05-05,,,,2x,,[]
powerball-2025-05-07,,,,3x,,[]
powerball-2025-05-10,,,,2x,,[]
powerball-2025-05-12,,,,3x,,[]
powerball-2025-05-14,,,,3x,,[]
powerball-2025-05-17,,,,2x,,[]
powerball-2025-05-19,,,,2x,,[]
powerball-2025-05-21,,,,2x,,[]
powerball-2025-05-24,,,,3x,,[]
powerball-2025-05-26,,,,2x,,[]
powerball-2025-05-28,,,,2x,,[]
powerball-2025-05-31,,,,2x,,[]
powerball-2025-06-02,,,,3x,,[]
powerball-2025-06-04,,,,10x,,[]
powerball-2025-06-07,,,,2x,,[]
powerball-2025-06-09,,,,4x,,[]
powerball-2025-06-11,,,,2x,,[]
powerball-2025-06-14,,,,3x,,[]
powerball-2025-06-16,,,,5x,,[]
powerball-2025-06-18,,,,2x,,[]
powerball-2025-06-21,,,,3x,,[]
powerball-2025-06-23,,,,3x,,[]
powerball-2025-06-25,,,,3x,,[]
powerball-2025-06-28,,,,2x,,[]
powerball-2025-06-30,,,,4x,,[]
powerball-2025-07-02,,,,2x,,[]
powerball-2025-07-05,,,,2x,,[]
powerball-2025-07-07,,,,5x,,[]
powerball-2025-07-09,,,,2x,,[]
powerball-2025-07-12,,,,2x,,[]
powerball-2025-07-14,,,,2x,,[]
powerball-2025-07-16,,,,2x,,[]
powerball-2025-07-19,,,,3x,,[]
powerball-2025-07-21,,,,2x,,[]
powerball-2025-07-23,,,,3x,,[]
powerball-2025-07-26,,,,3x,,[]
powerball-2025-07-28,,,,3x,,[]
powerball-2025-07-30,,,,4x,,[]
powerball-2025-08-02,,,,2x,,[]
powerball-2025-08-04,,,,2x,,[]
powerball-2025-08-06,,,,2x,,[]
powerball-2025-08-09,,,,2x,,[]
powerball-2025-08-11,,,,2x,,[]
powerball-2025-08-13,,,,3x,,[]
powerball-2025-08-16,,,,3x,,[]
powerball-2025-08-18,,,,3x,,[]
powerball-2025-08-20,,,,2x,,[]
powerball-2025-08-23,,,,2x,,[]
powerball-2025-08-25,,,,3x,,[]
powerball-2025-08-27,,,,4x,,[]
powerball-2025-08-30,,,,3x,,[]
powerball-2025-09-01,,,,3x,,[]
powerball-2025-09-03,,,,2x,,[]
powerball-2025-09-06,,,,2x,,[]
powerball-2025-09-08,,,,3x,,[]
powerball-2025-09-10,,,,2x,,[]
powerball-2025-09-13,,,,2x,,[]
powerball-2025-09-15,,,,2x,,[]
powerball-2025-09-17,,,,2x,,[]
powerball-2025-09-20,,,,2x,,[]
powerball-2025-09-22,,,,3x,,[]
powerball-2025-09-24,,,,3x,,[]
powerball-2025-09-27,,,,2x,,[]
powerball-2025-09-29,,,,5x,,[]
powerball-2025-10-01,,,,3x,,[]
powerball-2025-10-04,,,,2x,,[]
powerball-2025-10-06,,,,2x,,[]
powerball-2025-10-08,,,,2x,,[]
powerball-2025-10-11,,,,2x,,[]
powerball-2025-10-13,,,,2x,,[]
powerball-2025-10-15,,,,3x,,[]
powerball-2025-10-18,,,,3x,,[]
powerball-2025-10-20,,,,2x,,[]
powerball-2025-10-22,,,,2x,,[]
powerball-2025-10-25,,,,2x,,[]
powerball-2025-10-27,,,,2x,,[]
powerball-2025-10-29,,,,2x,,[]
powerball-2025-11-01,,,,2x,,[]
powerball-2025-11-03,,,,2x,,[]
powerball-2025-11-05,,,,5x,,[]
powerball-2025-11-08,,,,2x,,[]
powerball-2025-11-10,,,,2x,,[]
powerball-2025-11-12,,,,2x,,[]
powerball-2025-11-15,,,,4x,,[]
powerball-2025-11-17,,,,5x,,[]
powerball-2025-11-19,,,,2x,,[]
powerball-2025-11-22,,,,2x,,[]
powerball-2025-11-24,,,,2x,,[]
powerball-2025-11-26,,,,3x,,[]
powerball-2025-11-29,,,,2x,,[]
powerball-2025-12-01,,,,3x,,[]
powerball-2025-12-03,,,,3x,,[]
powerball-2025-12-06,,,,2x,,[]
powerball-2025-12-08,,,,2x,,[]
powerball-2025-12-10,,,,3x,,[]
powerball-2025-12-13,,,,2x,,[]
powerball-2025-12-15,,,,4x,,[]
powerball-2025-12-17,,,,4x,,[]
powerball-2025-12-20,,,,3x,,[]
powerball-2025-12-22,,,,2x,,[]
powerball-2025-12-24,,,,2x,,[]
powerball-2025-12-27,,,,2x,,[]
powerball-2025-12-29,,,,2x,,[]
powerball-2025-12-31,,,,10x,,[]
powerball-2026-01-03,,,,3x,,[]
powerball-2026-01-05,,,,2x,,[]
powerball-2026-01-07,,,,2x,,[]
powerball-2026-01-10,,,,3x,,[]
powerball-2026-01-12,,,,2x,,[]
powerball-2026-01-14,,,,2x,,[]
powerball-2026-01-17,,,,4x,,[]
powerball-2026-01-19,,,,3x,,[]
powerball-2026-01-21,,,,2x,,[]
powerball-2026-01-24,,,,3x,,[]
powerball-2026-01-26,,,,2x,,[]
powerball-2026-01-28,,,,10x,,[]
powerball-2026-01-31,,,,3x,,[]
powerball-2026-02-02,,,,2x,,[]
powerball-2026-02-04,,,,2x,,[]
powerball-2026-02-07,,,,2x,,[]
powerball-2026-02-09,,,,5x,,[]
powerball-2026-02-11,,,,2x,,[]
powerball-2026-02-14,,,,2x,,[]
powerball-2026-02-16,,,,3x,,[]
powerball-2026-02-18,,,,2x,,[]
powerball-2026-02-21,,,,4x,,[]
powerball-2026-02-23,,,,2x,,[]
powerball-2026-02-25,,,,2x,,[]
powerball-2026-02-28,,,,4x,,[]
powerball-2026-03-02,,,,2x,,[]
powerball-2026-03-04,,,,4x,,[]
powerball-2026-03-07,,,,3x,,[]
powerball-2026-03-09,,,,3x,,[]
powerball-2026-03-11,,,,2x,,[]
powerball-2026-03-14,,,,3x,,[]
powerball-2026-03-16,,,,2x,,[]
powerball-2026-03-18,,,,3x,,[]
powerball-2026-03-21,,,,2x,,[]
powerball-2026-03-23,,,,10x,,[]
powerball-2026-03-25,,,,4x,,[]
powerball-2026-03-28,,,,4x,,[]
powerball-2026-03-30,,,,2x,,[]
powerball-2026-04-01,,,,3x,,[]
powerball-2026-04-04,,,,4x,,[]
powerball-2026-04-06,,,,2x,,[]
powerball-2026-04-08,,,,2x,,[]
powerball-2026-04-11,,,,2x,,[]
powerball-2026-04-13,,,,3x,,[]
powerball-2026-04-15,,,,5x,,[]
powerball-2026-04-18,,,,5x,,[]
powerball-2026-04-20,,,,3x,,[]
powerball-2026-04-22,,,,2x,,[]
powerball-2026-04-25,,,,3x,,[]
powerball-2026-04-27,,,,3x,,[]
powerball-2026-04-29,,,,2x,,[]
powerball-2026-05-02,,,,3x,,[]
powerball-2026-05-04,,,,2x,,[]
powerball-2026-05-06,,,,3x,,[]
powerball-2026-05-09,,,,2x,,[]
powerball-2026-05-11,,,,3x,,[]
powerball-2026-05-13,,,,2x,,[]
powerball-2026-05-16,,,,3x,,[]
powerball-2026-05-18,,,,2x,,[]
powerball-2026-05-20,,,,3x,,[]
powerball-2026-05-23,,,,2x,,[]
powerball-2026-05-25,,,,2x,,[]
powerball-2026-05-27,,,,4x,,[]
powerball-2026-05-30,,,,2x,,[]
powerball-2026-06-01,,,,3x,,[]
powerball-2026-06-03,,,,3x,,[]
powerball-2026-06-06,,,,3x,,[]
powerball-2026-06-08,,,,3x,,[]
powerball-2026-06-10,,,,2x,,[]
powerball-2026-06-13,,,,4x,,[]
powerball-2026-06-15,,,,2x,,[]
powerball-2026-06-17,,,,2x,,[]
powerball-2026-06-20,,,,2x,,[]
powerball-2026-06-22,,,,2x,,[]
powerball-2026-06-24,,,,2x,,[]
powerball-2026-06-27,,,,2x,,[]
powerball-2026-06-29,,,,2x,,[]
powerball-2026-07-01,,,,2x,,[]
powerball-2026-07-04,,,,2x,,[]
powerball-2026-07-06,,,,2x,,[]
powerball-2026-07-08,,,,4x,,[]
powerball-2026-07-11,,,,2x,,[]
powerball-2026-07-13,,,,2x,,[]
powerball-2026-07-15,,,,2x,,[]
powerball-2026-07-18,,,,4x,,[]
powerball-2026-07-20,,,,2x,,[]
powerball-2026-07-22,,,,3x,,[]
powerball-2026-07-25,,,,4x,,[]
powerball-2026-07-27,,,,2x,,[]
powerball-2026-07-29,,,,2x,,[]
powerball-2026-08-01,,,,3x,,[]
powerball-2026-08-03,,,,2x,,[]
powerball-2026-08-05,,,,2x,,[]
powerball-2026-08-08,,,,3x,,[]
powerball-2026-08-10,,,,3x,,[]
powerball-2026-08-12,,,,2x,,[]
powerball-2026-08-15,,,,2x,,[]
